SAMPLE,POP,SUBPOP,A1,A2,A1.1,A2.1,A1.2,A2.2,A1.3,A2.3,A1.4,A2.4,A1.5,A2.5,A1.6,A2.6,A1.7,A2.7,A1.8,A2.8,A1.9,A2.9,A1.10,A2.10,A1.11,A2.11,A1.12,A2.12,A1.13,A2.13,A1.14,A2.14,A1.15,A2.15,A1.16,A2.16,A1.17,A2.17,A1.18,A2.18,A1.19,A2.19,A1.20,A2.20
HG02922,AFR,ESN,10.0,11,15.0,16.3,12.0,11.0,23,17,17.0,17.0,13,10,10.0,8.0,13,11,12.0,14.0,16.0,19.0,12.0,12.0,10.0,12.0,14.0,14.0,13.0,14.2,11,11,24.0,25.0,10.0,11.0,7.0,7.0,7.0,8.0,8,9.0,18.0,22.0
HG02923,AFR,ESN,11.0,12,14.0,14.0,11.0,14.0,22,24,16.0,16.0,14,11,8.0,10.0,12,14,13.0,11.0,19.0,20.0,10.0,13.0,9.0,9.0,20.0,20.0,14.0,12.0,11,16,23.0,23.0,10.0,12.0,5.0,8.0,7.0,8.0,8,8.0,15.0,14.0
HG02938,AFR,ESN,11.0,12,14.0,16.0,11.0,15.0,17,19,15.0,17.0,11,11,11.0,12.0,14,15,13.0,17.0,18.0,19.0,11.0,13.0,12.0,13.0,16.0,19.0,14.0,13.0,17,11,19.0,23.0,7.0,11.0,5.0,5.0,7.0,8.0,8,10.0,16.0,18.0
HG02941,AFR,ESN,11.0,12,13.0,14.0,13.0,14.0,22,25,16.0,17.0,13,13,9.0,11.0,14,16,13.0,14.0,18.0,18.0,11.0,12.0,13.0,13.0,12.0,21.0,14.0,11.0,11,11,20.0,23.0,8.0,11.0,5.0,8.0,7.0,6.0,8,9.0,15.0,18.0
HG02943,AFR,ESN,13.0,13,13.0,18.3,12.0,11.0,20,23,15.0,17.0,8,8,10.0,11.0,14,14,14.0,14.0,19.0,20.0,11.0,12.0,9.0,9.0,18.0,13.2,12.0,13.0,17,16,24.0,24.0,9.0,12.0,11.0,15.0,7.0,8.0,9,9.0,17.0,17.0
HG02944,AFR,ESN,7.0,8,11.0,15.0,14.0,14.0,20,22,16.0,17.0,12,11,10.0,11.0,14,15,13.0,14.0,17.0,20.0,11.0,13.0,12.0,11.0,15.0,16.0,13.0,14.2,17,10,21.0,24.0,8.0,10.0,7.0,10.0,6.0,8.0,8,9.0,15.0,17.0
HG02946,AFR,ESN,7.0,12,14.0,16.0,12.0,10.0,23,26,16.0,17.0,13,11,8.0,9.0,14,15,14.0,15.0,17.0,20.0,12.0,14.0,8.0,9.0,18.0,15.0,12.0,14.2,17,11,22.0,21.0,8.0,11.0,8.0,9.0,7.0,7.0,8,9.0,18.0,18.0
HG02947,AFR,ESN,10.0,10,13.0,16.0,12.0,15.0,17,20,16.0,14.0,11,11,8.0,8.0,14,14,12.0,16.0,18.0,19.0,13.0,13.0,12.0,9.0,18.0,15.0,11.0,12.0,17,17,22.0,20.0,8.0,10.0,5.0,5.0,7.0,8.0,8,9.0,16.0,19.0
HG02952,AFR,ESN,10.0,10,14.0,15.0,11.0,13.0,21,21,16.0,17.0,13,11,9.0,11.0,13,12,11.0,15.0,18.0,19.0,11.0,12.0,11.0,10.0,13.2,16.0,13.0,15.2,17,11,22.0,19.0,7.0,8.0,5.0,5.0,7.0,8.0,8,6.0,15.0,17.0
HG02953,AFR,ESN,11.0,11,17.3,16.3,12.0,14.0,22,24,15.0,17.0,12,12,10.0,10.0,15,15,12.0,14.0,15.0,20.0,13.0,14.0,11.0,9.0,15.0,17.0,13.2,15.0,17,17,22.0,19.0,11.0,11.0,7.0,9.0,7.0,9.3,8,10.0,15.0,17.0
HG02968,AFR,ESN,13.0,8,15.0,16.0,11.0,11.0,23,17,15.0,16.0,13,12,10.0,8.0,12,14,13.0,12.0,16.0,21.0,12.0,13.0,8.0,10.0,15.0,17.0,14.0,13.2,10,16,21.0,24.0,12.0,12.0,8.0,15.0,6.0,8.0,8,9.0,16.0,17.0
HG02970,AFR,ESN,10.0,12,12.0,16.0,12.0,8.0,19,21,15.0,17.0,12,12,13.0,8.0,13,14,13.0,13.0,18.0,19.2,12.0,12.0,8.0,13.0,18.0,12.0,15.0,16.2,14,15,19.0,24.0,8.0,12.0,8.0,10.0,9.0,9.0,10,10.0,14.0,15.0
HG02971,AFR,ESN,8.0,10,14.0,16.3,10.0,11.0,19,21,16.0,16.0,13,12,11.0,11.0,13,16,13.0,14.0,18.0,20.0,12.0,12.0,12.0,13.0,18.0,18.0,14.0,14.0,15,16,18.2,23.0,10.0,12.0,8.0,8.0,8.0,8.0,6,11.0,15.0,19.0
HG02973,AFR,ESN,13.0,12,12.0,13.0,11.0,15.0,18,23,16.0,17.0,12,8,10.0,11.0,15,15,15.0,16.0,18.0,19.0,11.0,12.0,11.0,9.0,16.0,20.0,12.2,13.0,15,16,24.0,28.0,13.0,11.0,5.0,8.0,7.0,8.0,9,10.0,15.0,18.0
HG02974,AFR,ESN,10.0,12,10.0,13.0,11.0,11.0,23,17,14.0,17.0,12,8,10.0,11.0,14,15,14.0,16.0,15.0,21.0,11.0,12.0,10.0,9.0,16.0,16.0,14.0,14.0,11,16,17.0,23.0,8.0,11.0,8.0,8.0,6.0,9.0,9,9.0,14.0,19.0
HG02976,AFR,ESN,10.0,10,14.0,17.3,12.0,12.0,19,24,15.0,17.0,12,12,8.0,10.0,10,14,14.0,14.0,15.0,18.0,12.0,12.0,11.0,12.0,18.0,17.0,14.0,13.0,11,16,22.0,19.0,13.0,9.0,12.0,12.0,7.0,9.0,9,11.0,15.0,15.0
HG02977,AFR,ESN,10.0,12,13.0,15.0,12.0,11.3,19,19,16.0,18.0,13,11,10.0,10.0,14,16,15.0,15.0,18.0,20.0,12.0,14.0,11.0,12.0,19.0,19.0,14.0,13.0,18,18,22.0,23.0,8.0,11.0,5.0,5.0,6.0,8.0,8,11.0,16.0,17.0
HG02979,AFR,ESN,12.0,12,11.0,16.3,12.0,14.0,19,24,15.0,17.0,11,11,12.0,9.0,13,14,14.0,15.0,17.0,20.0,11.0,12.0,11.0,11.0,14.0,16.0,11.0,13.0,11,11,22.0,23.0,8.0,11.0,9.0,9.0,8.0,8.0,8,11.0,11.0,19.0
HG02981,AFR,ESN,10.0,12,11.0,16.3,11.0,11.0,23,21,14.0,15.0,13,13,11.0,11.0,15,15,13.0,14.0,15.0,16.2,11.0,12.0,9.0,9.0,18.0,19.0,13.2,15.0,16,16,19.0,25.0,8.0,9.0,7.0,7.0,7.0,8.0,8,8.0,15.0,15.0
HG03099,AFR,ESN,7.0,10,13.0,14.0,14.0,14.0,21,26,15.0,17.0,8,8,10.0,12.0,14,16,13.0,14.0,17.0,18.0,12.0,12.0,12.0,12.0,15.0,15.0,12.0,12.0,17,14,18.0,21.0,10.0,11.0,7.0,8.0,7.0,7.0,10,12.0,15.0,15.0
HG03100,AFR,ESN,10.0,11,13.0,14.0,12.0,11.0,16,22,14.0,16.0,13,11,10.0,8.0,11,14,13.0,11.0,17.0,20.0,13.0,14.0,12.0,11.0,16.0,17.0,12.0,15.2,12,16,18.2,23.0,8.0,10.0,8.0,8.0,8.0,8.0,11,11.0,14.0,17.0
HG03103,AFR,ESN,11.0,12,17.0,15.0,12.0,12.0,23,22,16.0,14.0,12,8,8.0,10.0,14,14,15.0,15.0,18.0,18.0,10.0,12.0,10.0,13.0,17.0,17.0,14.0,13.2,11,15,25.0,26.0,8.0,9.0,8.0,9.0,7.0,8.0,8,11.0,15.0,18.0
HG03105,AFR,ESN,11.0,12,11.0,16.0,12.0,11.0,21,22,16.0,17.0,12,13,11.0,11.0,14,14,13.0,14.0,18.0,19.0,13.0,13.0,13.0,9.0,14.0,20.0,15.2,15.2,17,11,21.0,25.0,8.0,11.0,5.0,8.0,8.0,9.0,7,12.0,16.0,17.0
HG03108,AFR,ESN,10.0,12,13.0,17.3,14.0,14.0,22,24,14.0,14.0,8,11,9.0,8.0,12,13,14.0,14.0,17.0,18.0,11.0,11.0,9.0,9.0,16.0,19.0,13.0,15.2,17,11,23.0,26.0,11.0,12.0,13.0,13.0,7.0,7.0,8,8.0,15.0,17.0
HG03109,AFR,ESN,11.0,11,14.0,16.3,11.0,14.0,17,18,16.0,17.0,12,12,8.0,11.0,14,15,13.0,14.0,19.0,21.0,12.0,12.0,11.0,9.0,13.2,21.0,13.0,15.0,17,10,22.0,22.0,13.0,9.0,8.0,8.0,7.0,6.0,9,11.0,17.0,18.0
HG03111,AFR,ESN,10.0,11,13.0,16.0,12.0,12.0,23,24,14.0,16.0,14,12,10.0,10.0,14,15,12.0,15.0,18.0,20.0,12.0,12.0,10.0,14.0,18.0,17.0,12.0,12.2,17,14,22.0,23.0,8.0,11.0,7.0,7.0,7.0,7.0,9,11.0,15.0,19.0
HG03112,AFR,ESN,10.0,11,14.0,14.0,12.0,13.0,21,25,16.0,16.0,12,11,12.0,8.0,13,17,14.0,16.0,18.0,19.2,12.0,12.0,13.0,9.0,18.0,19.0,14.0,16.0,17,16,22.0,20.0,8.0,11.0,14.0,14.0,7.0,6.0,8,9.0,15.0,18.0
HG03114,AFR,ESN,13.0,11,14.0,15.0,12.0,14.0,16,22,14.0,16.0,12,11,9.0,10.0,13,14,13.0,14.0,19.0,20.0,12.0,12.0,11.0,12.0,18.0,17.0,11.0,13.0,10,16,19.0,28.0,5.0,12.0,11.0,11.0,7.0,9.0,8,9.0,15.0,16.0
HG03115,AFR,ESN,12.0,12,12.0,15.0,11.0,14.0,15,19,15.0,16.0,13,13,8.0,10.0,14,15,12.0,12.0,15.0,21.0,11.0,12.0,10.0,9.0,18.0,20.0,13.0,15.2,17,10,23.0,27.0,8.0,11.0,10.0,10.0,7.0,9.0,8,11.0,16.0,17.0
HG03117,AFR,ESN,11.0,12,13.0,16.3,14.0,14.0,19,19,16.0,17.0,12,11,10.0,9.0,13,12,13.0,13.0,15.0,21.0,12.0,13.0,9.0,10.0,12.0,20.0,13.0,16.2,17,15,21.0,24.0,13.0,7.0,8.0,13.0,7.0,8.0,8,7.0,15.0,16.0
HG03118,AFR,ESN,10.0,12,14.0,15.0,12.0,12.0,22,22,15.0,16.0,12,12,12.0,8.0,15,16,14.0,14.0,18.0,19.0,11.0,12.0,11.0,12.0,18.0,17.0,13.0,15.2,14,16,21.0,24.0,8.0,11.0,11.0,12.0,7.0,9.0,8,9.0,17.0,18.0
HG03120,AFR,ESN,11.0,12,14.0,11.0,14.0,14.0,17,19,15.0,17.0,11,11,6.0,8.0,13,15,13.0,15.0,18.0,20.0,11.0,12.0,9.0,9.0,18.0,15.0,14.0,11.0,17,15,22.0,23.0,8.0,12.0,11.0,11.0,7.0,7.0,9,11.0,15.0,16.0
HG03121,AFR,ESN,11.0,11,15.0,15.0,10.0,11.0,18,22,16.0,17.0,12,13,11.0,10.0,10,16,13.0,12.0,15.0,16.0,11.0,11.0,9.0,12.0,18.0,19.0,11.0,12.0,11,12,20.0,24.0,8.0,11.0,15.0,15.0,7.0,8.0,8,9.0,15.0,16.0
HG03123,AFR,ESN,11.0,14,17.0,15.0,12.0,14.0,16,19,16.0,14.0,8,8,9.0,8.0,14,15,13.0,12.0,16.0,18.0,12.0,12.0,12.0,13.0,15.0,17.0,12.2,13.0,10,11,22.0,25.0,9.0,11.0,12.0,12.0,7.0,8.0,10,11.0,15.0,16.0
HG03124,AFR,ESN,8.0,11,12.0,15.0,10.0,11.0,21,22,17.0,17.0,13,10,10.0,10.0,11,16,14.0,15.0,20.0,21.0,11.0,12.0,10.0,13.0,18.0,12.0,14.0,15.2,17,12,22.0,23.0,8.0,11.0,8.0,8.0,8.0,9.0,9,11.0,15.0,17.0
HG03126,AFR,ESN,10.0,11,15.0,16.3,12.0,14.0,19,21,17.0,17.0,12,13,10.0,8.0,14,14,12.0,14.0,17.0,18.0,11.0,12.0,11.0,9.0,16.0,20.0,14.0,15.2,11,12,19.0,23.0,8.0,10.0,8.0,11.0,6.0,9.3,9,11.0,16.0,16.0
HG03127,AFR,ESN,9.0,11,16.0,16.3,12.0,11.0,19,22,16.0,17.0,12,14,10.0,9.0,14,16,13.0,16.0,19.0,19.0,12.0,14.0,12.0,13.0,18.0,21.0,14.0,12.0,17,14,22.0,23.0,8.0,10.0,7.0,12.0,8.0,9.0,8,9.0,15.0,16.0
HG03129,AFR,ESN,10.0,10,16.0,16.0,9.0,14.0,24,25,17.0,17.0,12,10,10.0,12.0,15,15,13.0,12.0,15.0,18.0,11.0,11.0,8.0,9.0,18.0,15.0,14.0,13.2,17,15,22.0,25.0,11.0,11.0,8.0,12.0,6.0,9.0,11,11.0,20.0,20.0
HG03130,AFR,ESN,10.0,11,12.0,14.0,12.0,11.0,22,24,15.0,18.0,12,8,10.0,10.0,14,14,12.0,14.0,17.0,18.0,12.0,13.0,12.0,12.0,16.0,19.0,10.0,12.2,17,12,24.0,25.0,5.0,10.0,7.0,12.0,7.0,7.0,9,11.0,15.0,16.0
HG03132,AFR,ESN,10.0,12,14.0,16.0,12.0,11.0,17,19,16.0,15.0,13,12,10.0,12.0,12,14,14.0,14.0,19.0,20.0,12.0,12.0,11.0,12.0,15.0,19.0,14.0,14.0,17,17,23.0,25.0,8.0,11.0,9.0,14.0,7.0,7.0,9,11.0,18.0,14.0
HG03133,AFR,ESN,8.0,10,14.0,14.0,11.0,14.0,16,17,16.0,17.0,13,11,10.0,11.0,14,15,14.0,15.0,17.0,17.0,12.0,13.0,10.0,12.0,14.0,16.0,14.0,14.0,17,17,23.0,25.0,5.0,5.0,8.0,8.0,7.0,6.0,9,12.0,15.0,16.0
HG03135,AFR,ESN,8.0,9,14.0,18.3,10.0,14.0,19,22,14.0,15.0,12,11,10.0,9.0,14,15,13.0,12.0,17.0,17.0,12.0,14.0,12.0,10.0,15.0,16.0,13.0,13.0,15,16,21.0,25.0,10.0,10.0,8.0,8.0,7.0,8.0,6,9.0,15.0,17.0
HG03136,AFR,ESN,11.0,12,10.0,16.3,12.0,14.0,20,21,16.0,15.0,13,13,11.0,12.0,14,15,14.0,14.0,16.0,18.0,12.0,13.0,10.0,9.0,15.0,15.0,14.0,13.0,17,10,22.0,19.0,8.0,12.0,12.0,13.0,7.0,7.0,9,10.0,15.0,15.0
HG03139,AFR,ESN,11.0,14,16.0,18.3,10.0,11.0,19,19,17.0,17.0,13,12,10.0,10.0,15,16,13.0,13.0,20.0,20.0,11.0,12.0,12.0,12.0,15.0,16.0,13.0,13.0,10,11,22.0,22.0,8.0,11.0,8.0,13.0,7.0,9.0,6,9.0,16.0,16.0
HG03157,AFR,ESN,10.0,12,17.0,16.3,12.0,10.0,17,22,15.0,15.0,12,12,10.0,11.0,13,14,11.0,16.0,18.0,21.0,11.0,12.0,11.0,10.0,18.0,16.0,12.2,14.2,11,12,24.0,25.0,14.0,14.0,12.0,12.0,7.0,8.0,9,12.0,17.0,18.0
HG03159,AFR,ESN,8.0,9,13.0,15.0,12.0,10.0,20,20,16.0,16.0,11,11,9.0,9.0,14,16,13.0,15.0,17.0,18.0,10.0,12.0,13.0,9.0,12.0,15.0,12.2,15.0,17,14,22.0,21.0,12.0,12.0,13.0,15.0,7.0,8.0,8,8.0,18.0,15.0
HG03160,AFR,ESN,11.0,11,14.0,15.0,14.0,14.0,17,19,14.0,17.0,12,11,8.0,10.0,12,15,12.0,14.0,17.0,19.0,11.0,12.0,8.0,12.0,18.0,15.0,13.0,13.0,17,15,21.0,21.0,13.0,9.0,8.0,8.0,8.0,9.0,8,8.0,15.0,17.0
HG03162,AFR,ESN,11.0,12,13.0,16.3,11.0,11.0,21,22,16.0,15.0,13,13,10.0,11.0,13,15,13.0,16.0,17.0,18.0,13.0,13.0,11.0,13.0,15.0,17.0,14.0,12.0,15,16,22.0,26.0,5.0,12.0,8.0,12.0,8.0,8.0,9,9.0,17.0,19.0
HG03163,AFR,ESN,11.0,11,10.0,15.0,12.0,11.0,19,22,16.0,14.0,13,10,10.0,10.0,13,14,14.0,15.0,15.0,20.0,12.0,13.0,13.0,9.0,16.0,16.0,14.0,15.0,17,17,21.0,25.0,8.0,12.0,8.0,13.0,7.0,6.0,9,11.0,16.0,16.0
HG03166,AFR,ESN,13.0,12,11.0,15.0,11.0,14.0,19,21,14.0,17.0,13,11,11.0,11.0,15,15,14.0,17.0,19.0,18.0,12.0,12.0,11.0,12.0,15.0,16.0,13.0,13.0,11,12,20.0,23.0,8.0,11.0,8.0,8.0,7.0,7.0,8,9.0,16.0,18.0
HG03168,AFR,ESN,10.0,11,14.0,18.3,10.0,14.0,21,25,15.0,17.0,13,12,11.0,9.0,13,12,13.0,17.0,20.0,22.0,12.0,12.0,11.0,10.0,16.0,20.0,11.0,12.0,11,15,22.0,22.0,10.0,11.0,8.0,10.0,7.0,7.0,8,7.0,16.0,17.0
HG03169,AFR,ESN,11.0,12,15.0,15.0,11.0,14.0,20,22,14.0,16.0,9,11,8.0,10.0,11,14,12.0,14.0,19.0,16.0,12.0,12.0,11.0,11.0,18.0,13.0,14.0,13.0,11,18,22.0,23.0,11.0,11.0,11.0,12.0,6.0,9.0,9,11.0,16.0,17.0
HG03172,AFR,ESN,11.0,12,14.0,15.3,14.0,14.0,19,25,14.0,16.0,13,13,8.0,10.0,14,15,13.0,16.0,18.0,18.0,11.0,14.0,11.0,12.0,15.0,19.0,13.0,13.0,15,16,22.0,21.0,10.0,11.0,12.0,12.0,7.0,6.0,8,11.0,19.0,19.0
HG03175,AFR,ESN,11.0,12,12.0,14.0,11.0,11.0,19,21,16.0,14.0,13,8,11.0,8.0,13,13,12.0,15.0,18.0,19.0,11.0,12.0,10.0,12.0,17.0,20.0,12.0,15.0,11,15,23.0,24.0,10.0,14.0,12.0,13.0,7.0,7.0,8,10.0,16.0,18.0
HG03189,AFR,ESN,13.0,11,11.0,14.0,10.0,14.0,17,22,16.0,16.0,13,11,10.0,11.0,12,15,14.0,15.0,17.0,21.0,12.0,12.0,9.0,12.0,16.0,16.0,15.0,15.2,17,14,22.0,22.0,8.0,11.0,8.0,13.0,7.0,8.0,6,7.0,16.0,18.0
HG03190,AFR,ESN,9.0,11,14.0,15.0,11.0,11.0,19,24,16.0,15.0,12,8,9.0,10.0,14,15,12.0,12.0,17.0,20.0,11.0,12.0,11.0,9.0,17.0,19.0,12.0,13.0,12,18,15.0,24.0,10.0,12.0,12.0,12.0,7.0,8.0,8,8.0,15.0,18.0
HG03193,AFR,ESN,10.0,12,14.0,15.0,11.0,11.0,16,22,16.0,18.0,13,11,9.0,8.0,15,16,15.0,15.0,17.0,17.0,11.0,13.0,9.0,12.0,17.0,21.0,12.2,13.0,11,18,24.0,26.0,9.0,11.0,8.0,10.0,7.0,6.0,8,9.0,13.0,16.0
HG03195,AFR,ESN,10.0,12,13.0,14.0,12.0,11.0,19,22,17.0,17.0,13,13,8.0,11.0,14,15,13.0,13.0,23.0,23.0,12.0,13.0,11.0,13.0,15.0,21.0,13.0,14.2,18,18,22.0,19.0,13.0,12.0,8.0,11.0,7.0,6.0,8,11.0,16.0,17.0
HG03196,AFR,ESN,9.0,10,11.0,14.0,11.0,11.3,17,24,13.0,14.0,12,12,10.0,11.0,13,15,13.0,11.0,19.0,21.0,12.0,13.0,10.0,12.0,18.0,18.0,13.0,13.2,17,17,19.0,25.0,9.0,9.0,7.0,8.0,7.0,9.0,7,9.0,16.0,17.0
HG03198,AFR,ESN,12.0,12,11.0,16.3,11.3,14.0,16,21,16.0,16.0,13,11,10.0,8.0,11,14,10.0,15.0,17.0,18.0,12.0,12.0,11.0,13.0,16.0,17.0,13.0,13.0,17,11,23.0,24.0,13.0,11.0,10.0,10.0,8.0,9.0,9,11.0,16.0,18.0
HG03199,AFR,ESN,7.0,11,15.0,16.0,11.3,14.0,19,23,16.0,16.0,12,11,10.0,12.0,14,14,14.0,14.0,18.0,18.0,12.0,12.0,10.0,9.0,12.0,15.0,14.0,13.0,11,16,19.0,23.0,8.0,12.0,12.0,12.0,6.0,8.0,8,10.0,15.0,16.0
HG03202,AFR,ESN,10.0,12,15.0,18.0,11.0,14.0,20,21,14.0,16.0,10,10,8.0,9.0,13,17,11.0,12.0,17.0,21.0,11.0,12.0,11.0,13.0,14.0,20.0,14.0,14.2,17,11,23.0,26.0,5.0,9.0,7.0,9.0,7.0,7.0,8,9.0,15.0,16.0
HG03265,AFR,ESN,12.0,12,15.0,15.0,11.0,11.0,23,21,15.0,16.0,11,11,10.0,10.0,14,14,13.0,12.0,19.0,20.0,11.0,12.0,10.0,9.0,13.0,16.0,14.0,13.0,17,11,22.0,22.0,5.0,8.0,12.0,15.0,7.0,8.0,8,10.0,15.0,19.0
HG03267,AFR,ESN,7.0,10,14.0,14.0,11.0,14.0,17,19,16.0,17.0,12,8,9.0,10.0,12,15,13.0,12.0,18.0,18.0,11.0,13.0,11.0,9.0,12.0,16.0,14.0,13.2,10,16,23.0,23.0,13.0,8.0,8.0,15.0,7.0,6.0,8,11.0,13.0,17.0
HG03268,AFR,ESN,10.0,12,11.0,15.0,12.0,12.0,19,25,15.0,15.0,13,12,10.0,10.0,14,14,13.0,15.0,18.0,20.0,12.0,14.0,12.0,9.0,15.0,15.0,14.0,14.2,17,15,21.0,25.0,11.0,8.0,8.0,8.0,7.0,8.0,8,9.0,16.0,16.0
HG03270,AFR,ESN,11.0,11,12.0,15.0,10.0,11.0,19,22,16.0,17.0,12,10,11.0,9.0,12,15,13.0,14.0,19.0,21.0,12.0,13.0,9.0,9.0,19.0,21.0,13.2,16.2,14,16,21.0,23.0,10.0,10.0,8.0,14.0,7.0,8.0,9,11.0,15.0,15.0
HG03271,AFR,ESN,10.0,12,10.0,15.0,12.0,11.0,19,24,15.0,16.0,13,12,10.0,8.0,14,14,13.0,13.0,18.0,18.0,12.0,12.0,12.0,12.0,15.0,17.0,13.0,14.2,17,16,21.0,28.0,8.0,11.0,8.0,8.0,7.0,9.0,8,6.0,16.0,16.0
HG03279,AFR,ESN,10.0,11,14.0,17.3,13.0,14.0,17,22,16.0,14.0,12,10,8.0,11.0,13,15,13.0,17.0,17.0,18.0,12.0,12.0,10.0,10.0,12.0,19.0,13.0,15.2,11,16,22.0,28.0,8.0,11.0,5.0,12.0,9.0,9.0,8,9.0,15.0,17.0
HG03280,AFR,ESN,7.0,10,11.0,15.0,12.0,11.0,22,25,11.0,18.0,13,12,10.0,10.0,14,15,15.0,17.0,16.0,17.0,12.0,13.0,11.0,8.0,15.0,22.0,14.0,13.2,12,14,24.0,25.0,8.0,11.0,5.0,12.0,8.0,8.0,9,9.0,15.0,14.0
HG03291,AFR,ESN,11.0,12,15.0,17.3,11.0,14.0,23,23,14.0,14.0,13,12,10.0,9.0,14,15,14.0,15.0,16.0,21.0,13.0,13.0,9.0,9.0,18.0,13.2,14.0,12.0,17,11,22.0,26.0,5.0,9.0,8.0,8.0,7.0,6.0,9,11.0,18.0,20.0
HG03294,AFR,ESN,10.0,10,13.0,15.3,11.3,14.0,19,20,15.0,16.0,12,11,10.0,11.0,13,15,15.0,16.0,16.0,18.0,12.0,13.0,9.0,12.0,18.0,19.0,14.0,13.0,14,16,23.0,25.3,10.0,10.0,8.0,8.0,7.0,9.0,9,12.0,15.0,20.0
HG03295,AFR,ESN,11.0,12,13.0,18.3,12.0,13.0,19,21,14.0,19.0,13,13,11.0,12.0,14,15,12.0,12.0,17.0,17.0,12.0,13.0,8.0,12.0,18.0,15.0,14.0,10.0,17,17,23.0,24.0,11.0,12.0,8.0,10.0,7.0,8.0,9,11.0,14.0,15.0
HG03297,AFR,ESN,9.0,12,14.0,17.0,12.0,11.0,21,24,14.0,14.0,12,12,8.0,9.0,13,14,14.0,14.0,18.0,18.0,11.0,11.0,13.0,9.0,13.2,16.0,14.0,13.0,10,15,19.0,21.0,11.0,11.0,7.0,8.0,7.0,8.0,7,11.0,16.0,17.0
HG03298,AFR,ESN,10.0,12,17.0,17.3,14.0,14.0,21,22,16.0,16.0,12,11,8.0,12.0,14,14,12.0,16.0,18.0,22.0,11.0,12.0,9.0,9.0,12.2,17.0,14.0,13.0,11,15,23.0,24.0,6.0,9.0,11.0,13.0,7.0,6.0,8,11.0,16.0,18.0
HG03300,AFR,ESN,13.0,7,14.0,15.0,11.3,14.0,21,24,15.0,17.0,12,11,10.0,12.0,11,12,13.0,15.0,18.0,19.2,12.0,12.0,11.0,11.0,15.0,19.0,11.0,12.2,17,11,23.0,25.0,8.0,11.0,8.0,8.0,6.0,8.0,8,6.0,15.0,17.0
HG03301,AFR,ESN,11.0,12,15.0,16.0,12.0,14.0,19,20,16.0,16.0,13,13,10.0,11.0,14,15,12.0,14.0,18.0,20.0,11.0,12.0,11.0,11.0,14.0,15.0,11.0,13.0,11,15,22.0,21.0,8.0,8.0,8.0,8.0,7.0,9.3,6,10.0,17.0,13.0
HG03303,AFR,ESN,7.0,10,13.0,14.0,11.0,11.0,19,21,16.0,15.0,12,10,8.0,10.0,14,15,12.0,15.0,15.0,18.0,11.0,13.0,12.0,12.0,13.0,16.0,14.0,14.0,17,15,22.0,25.0,13.0,9.0,13.0,14.0,7.0,6.0,8,11.0,16.0,17.0
HG03304,AFR,ESN,7.0,11,14.0,16.0,11.0,15.0,19,21,15.0,16.0,13,12,9.0,8.0,14,15,12.0,12.0,17.0,19.0,11.0,12.0,9.0,11.0,15.0,17.0,13.0,15.0,17,14,22.0,24.0,8.0,11.0,8.0,13.0,7.0,9.3,8,9.0,16.0,16.0
HG03311,AFR,ESN,10.0,11,13.0,15.0,11.0,14.0,21,22,14.0,15.0,12,10,11.0,12.0,11,12,13.0,15.0,19.0,20.0,11.0,12.0,10.0,10.0,15.0,15.0,12.0,15.0,12,15,23.0,24.0,13.0,11.0,7.0,13.0,7.0,7.0,8,9.0,17.0,13.0
HG03313,AFR,ESN,11.0,14,10.0,11.0,11.0,14.0,23,19,15.0,15.0,13,12,10.0,10.0,15,15,13.0,14.0,15.0,16.0,13.0,13.0,10.0,12.0,14.2,20.0,14.0,15.2,17,15,22.0,19.0,8.0,8.0,7.0,12.0,7.0,7.0,8,7.0,15.0,16.0
HG03342,AFR,ESN,11.0,14,13.0,13.0,11.0,13.0,16,19,15.0,18.0,13,13,9.0,9.0,14,15,13.0,15.0,18.0,18.0,11.0,12.0,12.0,9.0,15.0,15.0,12.2,13.0,17,17,24.0,25.0,9.0,11.0,10.0,13.0,7.0,7.0,8,9.0,15.0,17.0
HG03343,AFR,ESN,11.0,12,14.0,15.0,14.0,14.0,23,21,17.0,17.0,13,11,10.0,10.0,14,15,12.0,15.0,18.0,19.0,12.0,14.0,11.0,13.0,18.0,12.2,14.0,13.0,17,15,20.0,21.0,8.0,10.0,5.0,12.0,7.0,7.0,9,11.0,15.0,16.0
HG03351,AFR,ESN,11.0,12,14.0,16.3,11.0,11.0,19,25,16.0,16.0,13,12,10.0,12.0,13,14,13.0,11.0,16.0,18.0,12.0,14.0,12.0,10.0,14.0,16.0,11.0,13.0,15,15,22.0,25.0,8.0,11.0,5.0,13.0,7.0,9.0,8,9.0,14.5,16.0
HG03352,AFR,ESN,7.0,11,13.0,16.3,10.0,14.0,19,22,16.0,17.0,12,12,10.0,11.0,12,15,13.0,14.0,19.0,23.0,12.0,12.0,12.0,13.0,16.0,16.0,13.0,13.0,11,16,21.0,23.0,5.0,10.0,8.0,12.0,8.0,8.0,9,11.0,16.0,17.0
HG03354,AFR,ESN,9.0,11,14.0,16.0,11.0,14.0,20,21,16.0,18.0,13,10,9.0,10.0,14,14,13.0,16.0,18.0,23.0,11.0,11.0,11.0,9.0,13.2,17.0,13.0,13.0,11,15,23.0,27.0,11.0,11.0,7.0,11.0,7.0,8.0,9,10.0,15.0,17.0
HG03363,AFR,ESN,13.0,11,14.0,15.0,12.0,13.0,23,23,15.0,17.0,13,11,12.0,8.0,13,17,13.0,12.0,18.0,20.0,13.0,14.0,13.0,9.0,18.0,18.0,11.0,13.0,12,15,22.0,23.0,8.0,8.0,7.0,8.0,7.0,9.3,8,11.0,17.0,19.0
HG03366,AFR,ESN,11.0,12,14.0,16.0,12.0,14.0,16,21,16.0,12.0,12,12,8.0,9.0,14,14,12.0,16.0,18.0,23.0,12.0,12.0,11.0,9.0,13.2,14.0,14.0,13.0,17,16,21.0,23.0,8.0,11.0,8.0,13.0,8.0,8.0,8,11.0,16.0,18.0
HG03367,AFR,ESN,10.0,12,14.0,15.0,11.0,14.0,21,22,16.0,17.0,12,11,10.0,11.0,14,15,14.0,15.0,19.0,17.0,12.0,12.0,9.0,9.0,12.0,16.0,14.0,15.2,10,15,23.0,23.0,9.0,12.0,9.0,13.0,7.0,6.0,8,6.0,16.0,16.0
HG03369,AFR,ESN,8.0,10,14.0,15.0,12.0,14.0,17,25,15.0,17.0,13,8,12.0,8.0,14,14,12.0,15.0,16.0,17.0,12.0,13.0,12.0,13.0,20.0,20.0,13.0,13.0,15,16,25.0,25.0,9.0,10.0,8.0,8.0,7.0,8.0,11,11.0,16.0,18.0
HG03370,AFR,ESN,11.0,11,14.0,15.0,11.0,14.0,23,17,17.0,18.0,12,10,10.0,12.0,13,16,11.0,15.0,19.0,19.2,12.0,12.0,11.0,12.0,16.0,20.0,15.0,15.0,11,16,22.0,24.0,7.0,9.0,7.0,7.0,7.0,6.0,10,11.0,15.0,15.0
HG03372,AFR,ESN,12.0,12,14.0,14.0,12.0,14.0,17,19,15.0,16.0,13,12,10.0,8.0,12,15,14.0,14.0,17.0,22.0,11.0,12.0,13.0,9.0,16.0,21.0,13.0,13.0,17,12,21.0,24.0,8.0,8.0,8.0,8.0,7.0,7.0,10,10.0,15.0,17.0
HG03499,AFR,ESN,10.0,12,11.0,14.0,11.0,15.0,16,17,14.0,16.0,11,13,8.0,10.0,12,13,11.0,15.0,18.0,18.0,12.0,13.0,10.0,12.0,17.0,19.0,14.0,13.0,11,16,22.0,23.0,8.0,11.0,13.0,14.0,7.0,8.0,8,10.0,16.0,16.0
HG03511,AFR,ESN,7.0,11,14.0,16.3,11.0,11.0,19,21,17.0,17.0,12,13,10.0,10.0,11,12,12.0,12.0,18.0,20.0,13.0,13.0,12.0,9.0,18.0,19.0,13.2,16.2,17,11,18.2,24.0,13.0,13.0,8.0,9.0,6.0,8.0,8,10.0,17.0,19.0
HG03514,AFR,ESN,10.0,11,10.0,15.0,11.0,11.0,19,19,16.0,16.0,12,12,10.0,10.0,14,14,12.0,16.0,17.0,19.0,12.0,12.0,9.0,12.0,18.0,17.0,12.0,15.2,11,16,19.0,21.0,8.0,11.0,8.0,12.0,7.0,7.0,8,10.0,15.0,16.0
HG03515,AFR,ESN,7.0,10,11.0,14.0,14.0,14.0,23,19,15.0,16.0,13,12,10.0,11.0,14,14,15.0,15.0,19.0,21.0,11.0,14.0,11.0,10.0,18.0,15.0,12.2,13.2,14,16,19.0,21.0,8.0,8.0,8.0,15.0,7.0,8.0,6,9.0,15.0,17.0
HG03517,AFR,ESN,10.0,11,14.0,14.0,11.0,14.0,19,25,15.0,17.0,12,8,11.0,12.0,13,16,13.0,15.0,20.0,22.0,12.0,13.0,13.0,9.0,15.0,17.0,12.2,14.2,17,15,22.0,25.0,8.0,11.0,7.0,13.0,9.0,9.3,8,11.0,14.0,17.0
HG03518,AFR,ESN,7.0,7,14.0,15.0,10.0,14.0,20,21,15.0,17.0,13,12,9.0,10.0,14,15,12.0,14.0,18.0,18.0,12.0,13.0,11.0,11.0,16.0,17.0,12.0,12.0,17,17,20.0,21.0,13.0,11.0,8.0,8.0,6.0,6.0,11,11.0,15.0,17.0
HG03520,AFR,ESN,9.0,10,13.0,15.0,11.0,11.0,21,22,16.0,15.0,12,13,10.0,10.0,13,14,13.0,14.0,18.0,21.0,11.0,12.0,10.0,13.0,14.0,17.0,13.0,13.2,17,18,22.0,29.0,10.0,10.0,7.0,13.0,7.0,7.0,8,9.0,16.0,13.0
HG03521,AFR,ESN,10.0,10,10.0,12.0,11.0,11.0,19,22,12.0,16.0,13,12,10.0,11.0,14,16,13.0,15.0,17.0,18.0,11.0,13.0,11.0,10.0,18.0,16.0,12.0,15.2,17,10,21.0,21.0,11.0,12.0,7.0,7.0,7.0,8.0,8,11.0,15.0,13.0
HG02461,AFR,GWD,8.0,10,13.0,15.0,11.0,14.0,19,25,14.0,18.0,12,13,10.0,11.0,12,15,13.0,13.0,15.0,20.0,12.0,12.0,12.0,13.0,18.0,17.0,14.0,12.0,14,14,19.0,24.0,10.0,11.0,8.0,12.0,7.0,7.0,8,6.0,16.0,16.0
HG02462,AFR,GWD,8.0,12,12.0,16.0,11.0,14.0,19,23,16.0,18.0,12,8,11.0,11.0,14,15,14.0,15.0,18.0,20.0,11.0,13.0,11.0,13.0,16.0,17.0,14.0,13.0,17,17,24.0,25.0,11.0,11.0,13.0,13.0,7.0,8.0,10,11.0,14.0,16.0
HG02464,AFR,GWD,9.0,12,13.0,16.3,11.0,16.0,19,22,15.0,17.0,12,8,10.0,8.0,14,14,13.0,11.0,17.0,19.0,12.0,12.0,11.0,9.0,17.0,20.0,13.0,13.2,15,15,22.0,22.0,5.0,8.0,9.0,9.0,8.0,8.0,8,11.0,17.0,17.0
HG02465,AFR,GWD,10.0,11,12.0,15.0,11.0,14.0,23,22,17.0,18.0,13,8,8.0,10.0,13,15,12.0,12.0,14.0,19.0,12.0,12.0,11.0,12.0,18.0,18.0,12.0,12.0,17,15,22.0,18.2,13.0,11.0,8.0,10.0,8.0,9.3,10,11.0,15.0,17.0
HG02561,AFR,GWD,10.0,12,14.0,15.0,11.3,14.0,21,23,15.0,17.0,13,12,11.0,12.0,12,14,12.0,14.0,18.0,19.0,11.0,11.0,11.0,10.0,15.0,17.0,12.0,13.0,15,16,20.0,26.0,13.0,11.0,7.0,12.0,8.0,9.0,8,10.0,17.0,19.0
HG02562,AFR,GWD,7.0,11,13.0,16.3,12.0,11.0,23,24,16.0,15.0,12,12,8.0,8.0,13,16,13.0,12.0,18.0,22.0,11.0,10.0,11.0,12.0,14.0,15.0,13.0,13.2,17,19,21.0,23.0,13.0,11.0,8.0,13.0,7.0,9.0,8,9.0,17.0,18.0
HG02568,AFR,GWD,7.0,14,14.0,15.0,11.0,14.0,21,25,16.0,16.0,13,13,11.0,8.0,12,14,13.0,16.0,15.0,18.0,11.0,13.0,11.0,9.0,16.0,17.0,14.0,13.0,17,15,23.0,23.0,13.0,11.0,12.0,12.0,8.0,9.0,8,9.0,16.0,16.0
HG02570,AFR,GWD,10.0,10,14.0,15.0,10.0,11.0,15,22,16.0,17.0,13,11,10.0,8.0,14,15,13.0,15.0,17.0,18.0,12.0,12.0,11.0,9.0,13.0,13.0,13.2,15.0,17,11,23.0,24.0,8.0,8.0,8.0,14.0,7.0,9.3,8,6.0,15.0,15.0
HG02571,AFR,GWD,10.0,10,13.0,16.0,12.0,14.0,23,16,16.0,15.0,12,12,8.0,10.0,12,16,16.0,16.0,17.0,17.0,11.0,12.0,12.0,12.0,14.0,17.0,12.2,13.0,17,16,22.0,22.0,13.0,5.0,10.0,13.0,9.3,10.0,8,9.0,15.0,17.0
HG02573,AFR,GWD,11.0,12,15.0,16.3,11.0,13.0,20,22,15.0,17.0,12,11,9.0,10.0,13,15,14.0,16.0,15.0,22.0,11.0,14.0,10.0,11.0,15.0,17.0,13.0,15.0,10,15,22.0,26.0,13.0,11.0,12.0,13.0,8.0,10.0,9,11.0,14.0,17.0
HG02574,AFR,GWD,9.0,12,13.0,15.0,13.0,13.0,20,26,16.0,17.0,12,12,10.0,8.0,13,14,13.0,14.0,17.0,18.0,12.0,12.0,13.0,10.0,17.0,17.0,13.0,15.0,15,15,22.0,20.0,7.0,8.0,8.0,12.0,7.0,8.0,8,11.0,15.0,18.0
HG02582,AFR,GWD,8.0,12,14.0,15.0,11.0,13.0,21,25,15.0,17.0,8,11,8.0,11.0,13,14,13.0,14.0,17.0,17.0,11.0,12.0,13.0,10.0,17.0,17.0,13.0,14.2,11,11,25.0,25.0,5.0,10.0,8.0,8.0,7.0,8.0,6,11.0,15.0,16.0
HG02583,AFR,GWD,13.0,10,10.0,15.0,10.0,12.0,21,23,16.0,16.0,13,12,11.0,12.0,14,15,12.0,14.0,20.0,23.0,11.0,12.0,11.0,11.0,17.0,21.0,14.0,11.0,17,11,26.0,26.0,5.0,12.0,13.0,15.0,7.0,7.0,9,11.0,17.0,17.0
HG02585,AFR,GWD,10.0,12,14.0,16.0,12.0,11.0,22,24,17.0,17.0,13,9,8.0,12.0,13,14,13.0,13.0,17.0,18.0,13.0,13.0,12.0,9.0,16.0,17.0,12.0,15.0,17,11,24.0,25.0,13.0,11.0,7.0,8.0,8.0,8.0,9,10.0,17.0,18.0
HG02586,AFR,GWD,13.0,8,13.0,15.0,11.0,14.0,23,21,16.0,9.0,8,11,11.0,11.0,14,15,13.0,12.0,16.0,18.0,11.0,13.0,11.0,11.0,13.0,15.0,13.0,13.2,15,15,22.0,25.0,13.0,11.0,5.0,10.0,9.0,9.0,9,10.0,15.0,17.0
HG02588,AFR,GWD,11.0,12,14.0,14.0,10.0,11.0,18,24,16.0,17.0,12,11,10.0,10.0,13,11,12.0,14.0,17.2,21.0,11.0,12.0,11.0,11.0,15.0,17.0,13.0,13.0,17,16,22.0,25.0,9.0,11.0,10.0,14.0,8.0,9.0,8,11.0,15.0,16.0
HG02589,AFR,GWD,8.0,12,16.0,18.3,11.0,14.0,21,21,16.0,15.0,12,11,9.0,10.0,13,13,15.0,15.0,17.0,20.0,11.0,12.0,11.0,9.0,18.0,16.0,14.0,13.0,11,11,19.0,25.0,13.0,11.0,10.0,13.0,6.0,9.0,8,10.0,18.0,19.0
HG02594,AFR,GWD,10.0,12,14.0,14.0,10.0,11.0,18,20,16.0,18.0,12,11,10.0,10.0,13,14,13.0,15.0,18.0,20.0,12.0,12.0,11.0,13.0,14.2,20.0,13.0,15.0,17,14,25.0,29.0,13.0,11.0,11.0,11.0,7.0,8.0,6,11.0,15.0,15.0
HG02595,AFR,GWD,13.0,12,15.0,16.0,12.0,11.0,17,22,15.0,15.2,11,8,12.0,8.0,14,15,13.0,13.0,18.0,21.0,8.0,14.0,9.0,13.0,17.0,17.0,14.0,14.0,17,11,25.0,29.0,13.0,11.0,5.0,11.0,7.0,9.0,9,10.0,17.0,18.0
HG02610,AFR,GWD,10.0,12,14.0,15.0,12.0,14.0,19,19,14.0,15.0,11,13,9.0,8.0,13,12,13.0,12.0,21.0,24.0,11.0,13.0,10.0,12.0,18.0,17.0,13.0,13.0,15,15,25.0,24.0,13.0,11.0,10.0,10.0,7.0,9.0,8,7.0,15.0,18.0
HG02611,AFR,GWD,7.0,10,14.0,14.0,10.0,12.0,19,20,16.0,19.0,12,11,9.0,11.0,13,13,12.0,14.0,16.0,16.0,11.0,13.0,10.0,9.0,19.0,20.0,13.0,13.0,17,16,24.0,24.0,13.0,10.0,8.0,12.0,7.0,8.0,10,11.0,12.0,17.0
HG02613,AFR,GWD,7.0,8,13.0,16.3,11.0,11.0,17,18,16.0,16.0,12,8,10.0,11.0,10,14,13.0,14.0,18.0,22.0,11.0,8.0,11.0,11.0,18.0,16.0,13.0,13.0,15,16,23.0,25.0,13.0,11.0,8.0,8.0,8.0,8.0,8,10.0,15.0,17.0
HG02614,AFR,GWD,10.0,12,15.0,15.0,14.0,14.0,23,19,16.0,17.0,9,8,10.0,11.0,12,15,12.0,14.0,19.0,17.0,11.0,12.0,12.0,12.0,13.0,16.0,12.0,13.0,17,12,22.0,24.0,13.0,11.0,9.0,9.0,7.0,8.0,9,11.0,15.0,15.0
HG02620,AFR,GWD,9.0,11,17.3,15.3,11.0,11.3,23,19,16.0,17.0,13,13,10.0,8.0,12,15,13.0,13.0,19.0,20.0,12.0,12.0,11.0,12.0,18.0,12.0,12.0,13.0,17,10,22.0,26.0,7.0,9.0,7.0,12.0,7.0,9.0,9,9.0,15.0,16.0
HG02621,AFR,GWD,12.0,12,14.0,15.0,11.0,11.0,16,19,15.0,18.0,12,10,10.0,11.0,13,15,13.0,15.0,17.0,18.0,12.0,13.0,13.0,10.0,18.0,17.0,11.0,15.0,17,17,22.0,24.0,13.0,11.0,10.0,10.0,7.0,9.3,11,11.0,16.0,20.0
HG02623,AFR,GWD,10.0,12,13.0,14.0,14.0,14.0,19,21,15.0,17.0,11,10,9.0,10.0,14,15,13.0,12.0,17.0,18.0,13.0,14.0,10.0,10.0,18.0,18.0,13.0,14.2,17,16,19.0,24.0,13.0,11.0,8.0,8.0,7.0,9.0,7,9.0,15.0,18.0
HG02624,AFR,GWD,11.0,12,17.0,10.0,10.0,11.0,17,23,16.0,15.0,11,11,8.0,9.0,13,16,13.0,14.0,18.0,24.0,11.0,12.0,11.0,11.0,23.0,23.0,12.0,12.0,17,12,24.0,25.0,13.0,10.0,8.0,12.0,8.0,9.0,8,8.0,17.0,18.0
HG02628,AFR,GWD,7.0,10,16.0,16.3,10.0,11.0,18,25,15.0,16.0,13,12,10.0,12.0,14,15,13.0,15.0,19.0,18.0,11.0,11.0,11.0,9.0,16.0,17.0,14.0,14.2,17,15,24.0,25.0,13.0,11.0,8.0,8.0,9.0,9.3,8,7.0,17.0,17.0
HG02629,AFR,GWD,11.0,12,17.0,13.0,10.0,10.0,21,26,16.0,17.0,11,11,10.0,12.0,13,15,13.0,13.0,20.0,20.0,11.0,12.0,11.0,10.0,13.0,17.0,11.0,15.0,17,16,22.0,24.0,7.0,11.0,5.0,5.0,7.0,8.0,6,11.0,16.0,17.0
HG02634,AFR,GWD,10.0,10,16.0,19.3,12.0,11.0,16,24,15.0,15.0,13,12,8.0,10.0,14,15,12.0,15.0,15.0,19.0,12.0,14.0,11.0,10.0,18.0,16.0,15.0,15.2,10,15,23.0,24.0,13.0,11.0,14.0,14.0,7.0,7.0,8,8.0,17.0,18.0
HG02635,AFR,GWD,10.0,10,14.0,16.3,11.0,14.0,17,21,14.0,16.0,13,13,10.0,8.0,13,13,13.0,12.0,15.0,17.0,11.0,12.0,12.0,13.0,17.0,17.0,14.0,13.0,17,11,22.0,26.0,13.0,11.0,11.0,11.0,7.0,6.0,8,11.0,17.0,18.0
HG02642,AFR,GWD,7.0,11,13.0,16.3,12.0,14.0,20,25,16.0,17.0,13,12,9.0,8.0,15,15,12.0,14.0,18.0,21.0,11.0,12.0,11.0,10.0,16.0,17.0,14.0,14.0,15,16,22.0,23.0,13.0,11.0,10.0,12.0,7.0,6.0,8,11.0,14.0,17.0
HG02643,AFR,GWD,7.0,10,13.0,15.0,11.0,11.0,17,22,14.0,18.0,12,8,8.0,10.0,13,14,13.0,12.0,20.0,20.0,11.0,12.0,11.0,9.0,18.0,16.0,14.0,14.0,12,14,22.0,25.0,5.0,11.0,12.0,14.0,8.0,9.0,8,9.0,17.0,17.0
HG02645,AFR,GWD,12.0,12,16.3,16.3,10.0,11.0,21,22,16.0,16.0,11,11,10.0,11.0,13,14,14.0,16.0,18.0,18.0,12.0,13.0,11.0,14.0,16.0,17.0,14.0,13.0,15,16,22.0,27.0,13.0,12.0,8.0,8.0,7.0,8.0,8,10.0,15.0,17.0
HG02646,AFR,GWD,8.0,11,16.3,16.3,12.0,11.0,23,25,16.0,15.0,12,10,12.0,8.0,14,18,13.0,14.0,18.0,22.0,12.0,12.0,8.0,10.0,16.0,17.0,14.0,13.0,17,15,25.0,25.0,13.0,11.0,5.0,8.0,9.0,9.0,9,9.0,15.0,16.0
HG02666,AFR,GWD,10.0,12,17.3,16.3,10.0,13.0,19,26,15.0,16.0,12,8,10.0,9.0,13,14,14.0,16.0,16.0,18.0,11.0,12.0,11.0,10.0,18.0,17.0,11.0,13.0,17,16,19.0,24.0,13.0,11.0,7.0,12.0,7.0,9.0,11,12.0,15.0,19.0
HG02667,AFR,GWD,8.0,11,14.0,15.0,11.0,14.0,26,17,17.0,17.0,8,11,10.0,11.0,14,15,13.0,14.0,16.0,18.0,11.0,12.0,11.0,10.0,18.0,16.0,14.0,14.0,14,15,19.0,27.0,13.0,11.0,8.0,12.0,7.0,7.0,10,11.0,15.0,15.0
HG02675,AFR,GWD,13.0,10,14.0,14.0,11.0,11.0,22,24,17.0,17.0,12,11,8.0,10.0,14,14,13.0,14.0,18.0,18.0,12.0,12.0,10.0,14.0,13.0,15.0,12.0,13.0,11,16,22.0,19.0,13.0,8.0,8.0,9.0,7.0,10.0,8,11.0,15.0,18.0
HG02676,AFR,GWD,10.0,12,15.0,18.3,11.0,14.0,23,21,16.0,17.0,8,11,13.0,12.0,13,15,13.0,16.0,18.0,21.0,12.0,12.0,11.0,9.0,17.0,19.0,13.0,16.2,17,15,22.0,24.0,8.0,11.0,9.0,11.0,9.3,10.0,8,10.0,15.0,18.0
HG02678,AFR,GWD,10.0,11,13.0,14.0,11.0,15.0,17,25,16.0,16.0,12,13,9.0,8.0,13,13,13.0,13.0,17.0,20.0,13.0,14.0,11.0,11.0,17.0,16.0,13.0,13.0,11,16,23.0,23.0,13.0,11.0,12.0,12.0,8.0,8.0,8,9.0,15.0,18.0
HG02679,AFR,GWD,11.0,12,11.0,13.0,12.0,11.0,17,22,15.0,16.0,13,10,9.0,11.0,15,15,14.0,15.0,18.0,19.0,11.0,13.0,12.0,14.0,10.2,12.0,13.0,15.2,15,15,24.0,24.0,13.0,13.0,9.0,14.0,7.0,7.0,8,7.0,13.0,15.0
HG02702,AFR,GWD,7.0,11,15.0,16.3,11.0,11.0,19,21,14.0,17.0,13,13,12.0,8.0,11,15,12.0,16.0,19.0,19.0,11.0,11.0,11.0,11.0,16.0,19.0,14.2,15.2,17,16,19.0,26.0,13.0,11.0,9.0,11.0,7.0,8.0,9,11.0,15.0,17.0
HG02703,AFR,GWD,12.0,12,14.0,15.0,11.0,11.0,21,21,16.0,16.0,13,13,11.0,8.0,11,13,13.0,14.0,15.0,18.0,12.0,14.0,11.0,9.0,15.0,17.0,12.0,15.2,17,15,22.0,21.0,13.0,11.0,5.0,5.0,8.0,9.3,6,10.0,15.0,16.0
HG02715,AFR,GWD,8.0,11,14.0,14.0,12.0,12.0,17,19,16.0,16.0,11,11,11.0,12.0,14,15,14.0,14.0,19.0,20.0,12.0,13.0,9.0,13.0,15.0,22.0,12.2,13.0,14,15,18.2,25.0,8.0,11.0,8.0,9.0,7.0,8.0,8,9.0,15.0,19.0
HG02716,AFR,GWD,12.0,12,10.0,14.0,11.0,14.0,22,22,16.0,17.0,10,11,11.0,8.0,12,14,14.0,15.0,15.0,18.0,11.0,12.0,8.0,12.0,18.0,16.0,14.0,12.0,17,15,23.0,25.0,13.0,10.0,8.0,12.0,8.0,9.3,8,8.0,16.0,18.0
HG02721,AFR,GWD,9.0,11,12.0,14.0,13.0,15.0,19,24,16.0,16.0,13,12,10.0,12.0,13,15,13.0,13.0,15.0,17.0,11.0,12.0,11.0,12.0,18.0,16.0,13.0,15.2,14,18,19.0,23.0,11.0,12.0,7.0,15.0,8.0,9.3,11,11.0,15.0,18.0
HG02722,AFR,GWD,11.0,11,14.0,14.0,12.0,11.0,20,25,14.0,15.0,12,13,10.0,9.0,14,15,13.0,12.0,20.0,21.0,11.0,11.0,12.0,13.0,16.0,17.0,14.0,14.2,17,16,21.0,23.0,8.0,11.0,8.0,9.0,7.0,6.0,8,6.0,16.0,17.0
HG02756,AFR,GWD,13.0,8,15.0,18.3,10.0,14.0,16,17,15.0,16.0,14,12,10.0,11.0,13,16,14.0,16.0,17.0,18.0,11.0,12.0,11.0,12.0,17.0,19.0,13.0,16.2,12,14,23.0,24.0,11.0,11.0,5.0,7.0,7.0,9.0,6,9.0,17.0,20.0
HG02757,AFR,GWD,7.0,8,13.0,14.0,10.0,11.0,22,22,16.0,16.0,12,11,10.0,10.0,11,15,12.0,14.0,17.0,17.0,12.0,13.0,11.0,9.0,16.0,16.0,6.0,13.0,17,12,21.0,25.0,13.0,12.0,5.0,9.0,7.0,6.0,8,11.0,15.0,17.0
HG02759,AFR,GWD,9.0,11,14.0,14.0,12.0,12.0,21,22,17.0,17.0,13,8,10.0,12.0,13,16,13.0,14.0,19.0,18.0,11.0,12.0,12.0,12.0,16.0,17.0,14.0,14.2,14,16,23.0,27.0,13.0,11.0,8.0,10.0,7.0,9.0,8,6.0,15.0,19.0
HG02760,AFR,GWD,11.0,14,13.0,17.3,11.0,14.0,19,22,16.0,16.0,11,10,10.0,10.0,11,14,13.0,12.0,17.0,18.0,9.0,12.0,12.0,9.0,16.0,17.0,13.0,13.0,17,12,25.0,25.0,13.0,9.0,14.0,14.0,7.0,9.3,8,8.0,17.0,17.0
HG02763,AFR,GWD,10.0,11,16.0,17.0,11.0,11.0,22,23,16.0,15.0,13,12,8.0,8.0,13,14,14.0,15.0,17.0,19.0,8.0,12.0,10.0,10.0,14.0,15.0,15.0,15.2,11,15,24.0,25.0,13.0,9.0,10.0,13.0,7.0,9.0,11,11.0,15.0,18.0
HG02768,AFR,GWD,10.0,11,14.0,16.0,11.0,13.0,21,24,16.0,17.0,13,12,11.0,8.0,14,14,15.0,15.0,15.0,22.0,12.0,13.0,11.0,10.0,16.0,23.0,14.0,12.0,17,11,23.0,24.0,13.0,11.0,14.0,14.0,7.0,6.0,6,11.0,16.0,15.0
HG02769,AFR,GWD,13.0,8,16.3,16.3,11.0,14.0,18,19,16.0,15.0,11,11,10.0,11.0,13,15,13.0,12.0,16.0,18.0,11.0,11.0,11.0,13.0,18.0,18.0,12.0,15.2,17,17,22.0,25.0,7.0,11.0,10.0,12.0,8.0,9.0,7,10.0,15.0,17.0
HG02771,AFR,GWD,10.0,11,14.0,15.0,10.0,14.0,16,21,15.0,15.0,13,8,12.0,8.0,11,13,14.0,15.0,17.0,18.0,12.0,13.0,11.0,11.0,18.0,18.0,13.0,13.2,11,15,22.0,26.0,7.0,10.0,12.0,13.0,9.3,9.3,11,11.0,15.0,17.0
HG02772,AFR,GWD,8.0,12,13.0,15.0,12.0,13.0,22,22,16.0,17.0,13,9,8.0,11.0,12,14,14.0,14.0,19.0,16.0,12.0,12.0,11.0,13.0,18.0,15.0,13.0,13.2,11,15,22.0,22.0,7.0,8.0,7.0,10.0,6.0,9.0,8,6.0,16.0,20.0
HG02798,AFR,GWD,7.0,8,15.0,16.3,11.0,14.0,19,22,16.0,15.0,13,10,11.0,8.0,14,16,14.0,16.0,19.0,22.0,12.0,13.0,12.0,9.0,18.0,14.0,14.0,14.0,17,15,22.0,25.0,13.0,11.0,13.0,13.0,6.0,8.0,8,7.0,15.0,16.0
HG02799,AFR,GWD,7.0,11,17.0,15.0,12.0,11.0,24,24,15.0,15.0,13,12,10.0,11.0,13,14,13.0,14.0,19.0,21.0,11.0,11.0,10.0,9.0,15.0,17.0,14.0,11.0,17,17,22.0,20.0,13.0,8.0,9.0,12.0,7.0,8.0,6,7.0,18.0,18.0
HG02804,AFR,GWD,10.0,11,12.0,15.0,12.0,11.0,18,22,16.0,17.0,8,11,11.0,12.0,13,13,13.0,15.0,19.0,20.0,11.0,12.0,11.0,9.0,16.0,17.0,12.0,13.0,17,14,22.0,22.0,11.0,11.0,9.0,9.0,7.0,6.0,6,9.0,15.0,19.0
HG02805,AFR,GWD,12.0,12,14.0,16.3,11.0,11.0,17,22,16.0,15.0,12,12,8.0,9.0,14,15,13.0,15.0,18.0,18.0,11.0,11.0,11.0,10.0,14.0,16.0,13.0,13.0,17,15,21.0,24.0,11.0,11.0,5.0,14.0,7.0,9.3,6,6.0,16.0,17.0
HG02807,AFR,GWD,10.0,12,15.0,14.3,11.0,11.3,17,24,16.0,17.0,13,13,10.0,11.0,14,14,12.0,14.0,17.0,18.0,10.0,14.0,11.0,11.0,17.0,17.0,12.0,14.2,17,15,23.0,24.0,9.0,8.0,9.0,14.0,7.0,6.0,9,11.0,16.0,18.0
HG02808,AFR,GWD,10.0,11,14.0,14.0,11.0,11.0,20,21,16.0,16.0,11,8,10.0,10.0,14,15,13.0,13.0,16.0,19.0,12.0,12.0,11.0,9.0,15.0,17.0,11.2,12.0,11,12,24.0,25.0,7.0,10.0,10.0,13.0,7.0,8.0,11,11.0,16.0,17.0
HG02810,AFR,GWD,10.0,12,15.0,15.0,11.0,14.0,18,22,16.0,15.0,12,12,12.0,12.0,12,15,13.0,14.0,19.0,19.3,11.0,11.0,12.0,9.0,15.0,15.0,11.0,12.0,16,16,23.0,27.0,14.0,16.0,10.0,10.0,6.0,9.0,8,11.0,15.0,16.0
HG02811,AFR,GWD,11.0,12,14.0,15.0,12.0,11.0,23,20,16.0,17.0,10,8,10.0,11.0,14,16,11.0,14.0,17.0,18.0,11.0,13.0,11.0,12.0,16.0,16.0,12.0,13.0,15,16,22.0,23.0,8.0,12.0,8.0,12.0,6.0,8.0,11,11.0,15.0,16.0
HG02813,AFR,GWD,7.0,12,14.0,16.0,11.0,13.0,22,25,16.0,16.0,12,11,11.0,11.0,13,15,14.0,14.0,17.0,17.0,11.0,8.0,8.0,10.0,15.0,22.0,13.0,13.0,11,13,21.0,24.0,12.0,9.0,6.0,12.0,8.0,9.3,8,8.0,17.0,18.0
HG02814,AFR,GWD,11.0,12,12.0,15.3,13.0,14.0,22,23,16.0,16.0,13,12,10.0,8.0,14,14,13.0,14.0,15.0,15.0,12.0,13.0,11.0,10.0,12.0,20.0,14.0,12.0,17,16,22.0,27.0,12.0,12.0,8.0,12.0,7.0,8.0,9,9.0,17.0,17.0
HG02816,AFR,GWD,13.0,8,12.0,15.0,12.3,14.0,17,19,15.0,16.0,13,13,9.0,8.0,12,14,13.0,15.0,15.0,18.0,11.0,12.0,12.0,13.0,15.0,17.0,14.2,15.0,17,11,25.0,27.0,7.0,10.0,7.0,8.0,7.0,8.0,6,9.0,15.0,16.0
HG02817,AFR,GWD,10.0,11,15.0,16.0,10.0,11.0,21,19,16.0,16.0,13,11,8.0,11.0,14,14,13.0,13.0,18.0,19.0,11.0,13.0,12.0,13.0,13.0,17.0,14.0,15.0,15,16,23.0,26.0,13.0,5.0,9.0,9.0,7.0,8.0,7,9.0,16.0,17.0
HG02819,AFR,GWD,10.0,12,13.0,15.0,10.0,14.0,22,23,16.0,14.0,14,13,7.0,12.0,11,11,11.0,15.0,18.0,18.0,12.0,12.0,11.0,11.0,15.0,15.0,11.0,14.2,14,14,22.0,25.0,9.0,10.0,9.0,9.0,9.3,9.3,8,11.0,14.0,15.0
HG02820,AFR,GWD,8.0,10,15.0,15.0,14.0,14.0,24,25,15.0,16.0,12,12,10.0,10.0,13,15,13.0,15.0,17.0,20.0,11.0,12.0,11.0,9.0,12.2,16.0,10.0,13.0,15,15,22.0,22.0,7.0,8.0,13.0,14.0,7.0,7.0,9,11.0,16.0,17.0
HG02836,AFR,GWD,8.0,9,17.0,15.0,11.0,11.0,19,22,15.0,17.0,12,8,8.0,9.0,15,15,12.0,14.0,17.0,18.0,13.0,14.0,10.0,9.0,16.0,20.0,12.0,12.2,16,18,22.0,24.0,13.0,11.0,8.0,12.0,7.0,9.0,8,9.0,16.0,19.0
HG02837,AFR,GWD,10.0,11,13.0,14.0,13.0,14.0,19,21,16.0,16.0,12,12,7.0,11.0,13,15,9.0,14.0,19.0,20.0,13.0,13.0,11.0,11.0,19.0,19.0,14.0,13.0,14,15,24.0,24.0,13.0,11.0,10.0,12.0,9.3,9.3,10,11.0,14.0,17.0
HG02839,AFR,GWD,11.0,12,12.0,16.0,11.3,14.0,21,26,14.0,15.0,13,10,11.0,8.0,13,14,14.0,14.0,18.0,19.0,11.0,13.0,13.0,14.0,18.0,19.0,13.0,14.2,15,15,20.0,26.0,7.0,10.0,11.0,11.0,7.0,7.0,7,11.0,15.0,20.0
HG02840,AFR,GWD,11.0,12,15.0,15.0,10.0,15.0,17,19,16.0,18.0,13,8,10.0,10.0,13,15,15.0,16.0,19.0,18.0,12.0,13.0,11.0,13.0,16.0,19.0,12.2,15.2,11,16,22.0,20.0,13.0,11.0,8.0,12.0,8.0,8.0,8,11.0,15.0,16.0
HG02851,AFR,GWD,11.0,12,14.0,15.0,11.0,14.0,21,22,15.0,16.0,13,12,7.0,11.0,13,15,13.0,13.0,16.0,18.0,13.0,14.0,11.0,12.0,15.0,16.0,11.0,13.0,17,15,20.0,23.0,13.0,11.0,12.0,12.0,7.0,6.0,8,8.0,15.0,18.0
HG02852,AFR,GWD,11.0,11,13.0,14.0,11.0,11.3,17,22,15.0,16.0,8,11,11.0,11.0,13,14,13.0,15.0,18.0,18.0,8.0,12.0,11.0,9.0,17.0,17.0,11.0,13.0,15,15,22.0,21.0,11.0,12.0,8.0,12.0,8.0,8.0,11,11.0,14.0,15.0
HG02854,AFR,GWD,9.0,12,14.0,16.3,12.0,10.0,20,20,15.0,15.0,12,8,10.0,10.0,15,15,13.0,13.0,18.0,23.0,11.0,12.0,13.0,9.0,18.0,14.0,12.0,13.0,17,17,19.0,23.0,10.0,12.0,5.0,11.0,7.0,8.0,9,9.0,17.0,17.0
HG02855,AFR,GWD,7.0,7,14.0,16.0,11.0,14.0,17,20,13.0,16.0,13,8,10.0,11.0,14,16,13.0,14.0,16.0,21.0,12.0,12.0,11.0,12.0,13.0,19.0,13.0,15.0,17,15,23.0,23.0,9.0,10.0,5.0,5.0,7.0,9.3,8,11.0,16.0,17.0
HG02860,AFR,GWD,10.0,11,14.0,16.0,11.0,11.0,19,26,16.0,16.0,13,13,10.0,12.0,13,14,13.0,14.0,18.0,19.0,11.0,13.0,11.0,13.0,18.0,17.0,13.0,14.2,17,15,21.0,28.0,13.0,11.0,5.0,9.0,8.0,8.0,9,11.0,14.0,15.0
HG02861,AFR,GWD,8.0,8,13.0,16.3,12.0,11.0,17,25,15.0,18.0,12,11,8.0,9.0,13,14,13.0,14.0,19.0,20.0,12.0,13.0,10.0,12.0,18.0,17.0,12.0,12.0,12,14,21.0,23.0,8.0,11.0,10.0,10.0,8.0,9.3,6,11.0,15.0,15.0
HG02870,AFR,GWD,11.0,12,14.0,16.0,11.0,11.0,19,21,14.0,18.0,12,12,10.0,8.0,13,15,13.0,15.0,15.0,18.0,11.0,12.0,11.0,9.0,14.0,15.0,13.0,13.0,11,15,24.0,24.0,13.0,12.0,7.0,8.0,7.0,6.0,8,10.0,15.0,17.0
HG02878,AFR,GWD,9.0,12,15.0,16.0,11.0,14.0,22,25,15.0,17.0,12,13,9.0,9.0,12,14,11.0,14.0,19.0,21.0,11.0,12.0,11.0,12.0,18.0,13.0,13.0,16.2,17,14,23.0,24.0,13.0,11.0,9.0,12.0,7.0,9.0,9,11.0,16.0,19.0
HG02879,AFR,GWD,10.0,11,16.0,16.3,11.0,11.0,21,21,16.0,15.0,13,12,12.0,12.0,13,14,13.0,14.0,18.0,20.0,11.0,11.0,9.0,11.0,18.0,19.0,14.0,14.2,15,15,23.0,25.0,13.0,11.0,10.0,14.0,7.0,9.0,9,9.0,19.0,19.0
HG02881,AFR,GWD,12.0,12,13.0,14.0,10.0,11.0,22,25,16.0,18.0,12,9,8.0,8.0,12,14,13.0,12.0,18.0,19.0,11.0,12.0,11.0,11.0,13.0,20.0,14.0,12.0,10,18,24.0,25.0,5.0,11.0,7.0,11.0,7.0,7.0,6,10.0,16.0,17.0
HG02882,AFR,GWD,10.0,11,14.0,16.3,14.0,14.0,17,25,16.0,19.0,12,8,11.0,12.0,13,16,12.0,15.0,18.0,20.0,12.0,12.0,11.0,9.0,12.0,13.0,14.0,8.0,15,16,23.0,23.0,13.0,11.0,8.0,11.0,7.0,8.0,8,8.0,16.0,16.0
HG02884,AFR,GWD,7.0,7,14.0,16.3,12.0,11.0,23,24,13.0,14.0,13,13,8.0,9.0,13,14,12.0,15.0,18.0,18.0,12.0,14.0,9.0,9.0,16.0,17.0,12.0,13.0,17,12,21.0,23.0,7.0,15.0,8.0,13.0,7.0,9.0,6,6.0,16.0,14.0
HG02885,AFR,GWD,7.0,11,13.0,15.3,10.0,11.0,17,22,16.0,15.0,12,12,12.0,8.0,16,17,13.0,13.0,18.0,21.0,12.0,12.0,13.0,9.0,14.0,15.0,14.0,13.0,17,15,22.0,23.0,13.0,9.0,8.0,12.0,8.0,8.0,9,11.0,13.0,15.0
HG02887,AFR,GWD,11.0,12,15.0,15.0,12.0,11.0,16,23,14.0,18.0,12,13,10.0,11.0,14,15,14.0,15.0,20.0,20.0,11.0,14.0,11.0,12.0,18.0,18.0,13.0,13.2,17,11,23.0,24.0,12.0,12.0,12.0,13.0,7.0,8.0,8,11.0,16.0,18.0
HG02888,AFR,GWD,8.0,12,14.0,16.3,10.0,11.0,21,24,16.0,15.0,13,11,10.0,8.0,13,15,13.0,14.0,18.0,18.0,12.0,13.0,11.0,13.0,14.0,17.0,10.0,13.0,17,11,18.0,19.0,7.0,9.0,8.0,8.0,7.0,6.0,6,11.0,16.0,18.0
HG02890,AFR,GWD,8.0,10,14.0,15.0,13.0,14.0,19,22,15.0,17.0,11,12,11.0,12.0,12,15,11.0,15.0,17.0,20.0,11.0,12.0,12.0,9.0,18.0,17.0,11.0,13.0,11,11,18.2,24.0,5.0,10.0,13.0,11.0,7.0,8.0,9,9.0,18.0,19.0
HG02891,AFR,GWD,11.0,12,17.0,16.0,11.0,14.0,23,19,16.0,16.0,13,10,10.0,11.0,12,14,13.0,13.0,17.0,20.0,12.0,12.0,12.0,14.0,18.0,12.0,14.0,13.0,11,16,26.0,26.0,9.0,11.0,7.0,7.0,6.0,9.3,6,11.0,16.0,16.0
HG02895,AFR,GWD,7.0,12,15.0,16.3,10.0,13.0,17,25,16.0,15.0,13,12,10.0,11.0,12,15,13.0,13.0,18.2,19.0,11.0,13.0,11.0,13.0,18.0,17.0,14.0,13.0,17,15,22.0,19.0,13.0,8.0,9.0,9.0,7.0,6.0,9,10.0,14.0,16.0
HG02896,AFR,GWD,12.0,12,10.0,13.0,10.0,11.0,17,22,16.0,16.0,8,8,11.0,9.0,13,15,13.0,14.0,15.0,19.0,9.0,14.0,10.0,14.0,18.0,15.0,14.0,13.0,17,17,22.0,23.0,13.0,11.0,8.0,8.0,7.0,8.0,8,10.0,14.0,16.0
HG02982,AFR,GWD,13.0,10,14.0,16.0,11.0,14.0,20,22,15.0,17.0,10,13,7.0,11.0,13,16,14.0,16.0,17.0,19.0,11.0,12.0,13.0,10.0,15.0,16.0,13.0,15.0,12,15,21.0,25.0,13.0,11.0,14.0,14.0,7.0,9.0,8,6.0,15.0,16.0
HG02983,AFR,GWD,8.0,12,15.0,15.0,12.0,14.0,22,25,16.0,17.0,12,11,10.0,10.0,14,15,13.0,14.0,17.0,19.0,11.0,12.0,9.0,9.0,13.2,14.0,14.0,14.2,17,12,18.0,27.0,13.0,11.0,8.0,8.0,8.0,9.3,10,11.0,15.0,15.0
HG03024,AFR,GWD,9.0,11,13.0,16.0,10.0,11.3,21,22,14.0,15.0,13,13,10.0,8.0,13,13,13.0,15.0,18.0,19.0,11.0,11.0,10.0,12.0,18.0,18.0,13.0,13.0,17,11,22.0,24.0,9.0,10.0,11.0,11.0,6.0,8.0,9,11.0,15.0,16.0
HG03025,AFR,GWD,12.0,12,12.0,14.0,11.0,11.0,23,17,15.0,17.0,9,11,10.0,8.0,14,14,14.0,15.0,16.0,17.0,12.0,13.0,12.0,9.0,12.0,16.0,14.0,13.0,17,17,22.0,19.0,13.0,11.0,16.0,16.0,7.0,9.3,8,11.0,15.0,18.0
HG03027,AFR,GWD,12.0,14,16.3,16.3,11.0,11.0,17,20,15.0,17.0,13,10,10.0,8.0,14,16,13.0,14.0,17.0,18.0,12.0,12.0,10.0,10.0,14.2,16.0,14.0,11.0,14,15,25.0,25.0,13.0,11.0,11.0,11.0,7.0,8.0,6,11.0,15.0,15.0
HG03028,AFR,GWD,8.0,12,13.0,14.0,11.0,13.0,21,21,17.0,17.0,11,11,11.0,11.0,14,16,14.0,14.0,20.0,21.0,12.0,14.0,11.0,10.0,15.0,17.0,13.0,14.2,17,17,23.0,24.2,13.0,9.0,8.0,8.0,6.0,9.0,8,6.0,17.0,14.0
HG03039,AFR,GWD,10.0,11,16.0,16.3,11.0,13.0,19,19,17.0,18.0,13,12,14.0,8.0,13,12,14.0,15.0,19.0,18.0,12.0,12.0,13.0,14.0,18.0,15.0,14.0,13.0,17,12,24.0,25.0,13.0,11.0,5.0,12.0,7.0,9.0,9,9.0,17.0,18.0
HG03040,AFR,GWD,8.0,12,13.0,13.0,12.0,14.0,23,21,15.0,16.0,12,11,8.0,12.0,12,14,13.0,14.0,19.0,19.0,11.0,13.0,11.0,9.0,18.0,21.0,14.0,14.2,17,16,22.0,20.0,9.0,10.0,8.0,12.0,7.0,9.0,7,9.0,15.0,21.0
HG03045,AFR,GWD,10.0,11,15.0,15.3,11.0,11.0,25,25,15.0,16.0,12,8,9.0,8.0,14,14,14.0,15.0,18.0,20.0,12.0,13.0,11.0,12.0,18.0,16.0,12.0,13.0,15,15,24.0,25.0,10.0,12.0,5.0,8.0,9.0,9.0,8,8.0,14.0,16.0
HG03046,AFR,GWD,13.0,10,15.0,16.0,12.0,14.0,20,24,17.0,17.0,12,12,8.0,12.0,12,13,13.0,14.0,17.0,18.0,12.0,12.0,11.0,9.0,14.0,16.0,14.2,14.2,17,11,20.0,21.0,11.0,12.0,9.0,11.0,7.0,9.3,8,8.0,15.0,20.0
HG03048,AFR,GWD,8.0,10,14.0,15.0,10.0,13.0,19,19,16.0,19.0,13,13,10.0,11.0,13,13,13.0,14.0,15.0,18.0,11.0,13.0,12.0,9.0,15.0,16.0,12.0,13.0,17,18,23.0,23.0,13.0,11.0,12.0,13.0,7.0,8.0,9,9.0,17.0,18.0
HG03049,AFR,GWD,7.0,8,17.0,15.0,11.0,14.0,17,20,16.0,17.0,12,10,10.0,11.0,10,12,13.0,12.0,18.0,18.0,11.0,12.0,11.0,10.0,12.0,13.0,14.0,13.0,14,16,21.0,23.0,8.0,9.0,7.0,11.0,7.0,9.0,8,9.0,16.0,17.0
HG03240,AFR,GWD,7.0,11,14.0,15.0,10.0,11.0,21,21,13.0,15.0,12,10,8.0,10.0,15,16,14.0,14.0,17.0,17.0,12.0,14.0,12.0,9.0,18.0,16.0,11.2,13.0,17,14,23.0,24.0,13.0,12.0,7.0,7.0,7.0,7.0,9,9.0,17.0,17.0
HG03241,AFR,GWD,12.0,12,12.0,15.3,14.0,14.0,17,21,15.0,18.0,12,10,10.0,8.0,12,15,13.0,16.0,18.0,19.0,11.0,12.0,10.0,12.0,15.0,17.0,12.2,13.0,12,14,23.0,23.0,5.0,9.0,8.0,8.0,7.0,9.3,9,9.0,15.0,18.0
HG03246,AFR,GWD,7.0,11,16.0,16.3,11.0,14.0,22,24,15.0,15.0,13,8,11.0,12.0,12,14,12.0,15.0,17.0,19.0,10.0,11.0,9.0,9.0,16.0,19.0,12.0,13.0,17,17,21.0,23.0,13.0,11.0,11.0,11.0,8.0,8.0,9,11.0,17.0,19.0
HG03247,AFR,GWD,10.0,12,13.0,15.0,11.0,14.0,16,22,16.0,16.0,13,8,10.0,10.0,14,16,14.0,16.0,19.0,19.0,11.0,12.0,12.0,9.0,18.0,17.0,15.0,15.2,17,16,24.0,25.0,9.0,11.0,8.0,13.0,9.0,10.0,9,11.0,14.0,15.0
HG03258,AFR,GWD,13.0,7,10.0,12.0,11.0,11.0,23,21,16.0,17.0,12,9,10.0,8.0,13,15,14.0,17.0,18.0,18.0,12.0,12.0,10.0,9.0,15.0,16.0,13.0,13.0,17,17,24.0,25.0,7.0,12.0,11.0,13.0,7.0,8.0,11,11.0,17.0,20.0
HG03259,AFR,GWD,11.0,12,12.0,16.0,10.0,11.0,19,25,15.0,16.0,13,13,10.0,9.0,14,15,13.0,13.0,19.0,21.0,12.0,13.0,12.0,9.0,15.0,16.0,12.0,13.0,12,14,23.0,25.0,11.0,12.0,8.0,13.0,7.0,6.0,8,6.0,15.0,15.0
HG03538,AFR,GWD,11.0,12,14.0,16.0,12.0,12.0,16,20,15.0,15.0,12,11,8.0,10.0,13,14,13.0,12.0,18.0,19.0,12.0,12.0,10.0,12.0,18.0,23.0,13.0,15.2,17,13,22.0,21.0,10.0,11.0,8.0,15.0,6.0,8.0,9,10.0,15.0,16.0
HG03539,AFR,GWD,11.0,12,14.0,18.3,11.3,13.0,22,24,15.0,16.0,12,8,10.0,9.0,14,16,14.0,15.0,18.0,23.0,11.0,12.0,11.0,8.0,12.0,13.0,13.0,13.2,17,15,20.0,25.0,8.0,11.0,5.0,12.0,7.0,9.0,8,11.0,14.0,17.0
NA19017,AFR,LWK,10.0,12,12.0,14.0,10.0,11.0,17,18,15.0,17.0,11,11,8.0,8.0,12,14,13.0,14.0,18.0,19.0,11.0,14.0,11.0,11.0,19.0,20.0,14.0,10.0,17,16,20.0,24.0,10.0,11.0,7.0,8.0,7.0,7.0,8,8.0,17.0,19.0
NA19019,AFR,LWK,8.0,11,12.0,16.3,12.0,13.3,23,19,16.0,15.0,10,11,8.0,10.0,14,14,13.0,14.0,16.0,18.0,11.0,12.0,14.0,11.0,17.0,17.0,13.0,13.2,15,16,22.0,25.0,10.0,11.0,9.0,14.0,7.0,8.0,10,11.0,17.0,13.0
NA19020,AFR,LWK,9.0,12,14.0,14.0,11.0,14.0,25,26,15.0,17.0,12,11,11.0,12.0,13,14,13.0,13.0,18.0,18.0,12.0,12.0,10.0,9.0,13.2,15.0,12.0,15.0,15,16,25.0,25.0,10.0,11.0,5.0,11.0,6.0,6.0,11,11.0,15.0,16.0
NA19023,AFR,LWK,13.0,14,11.0,15.0,11.0,11.0,23,17,16.0,15.0,12,13,9.0,11.0,13,14,12.0,15.0,16.0,20.0,11.0,12.0,11.0,11.0,14.0,15.0,11.0,15.0,17,14,22.0,24.0,13.0,10.0,7.0,8.0,7.0,9.0,8,9.0,17.0,18.0
NA19024,AFR,LWK,13.0,9,16.3,16.3,12.0,10.0,17,20,15.0,16.0,10,12,10.0,11.0,14,14,12.0,14.0,17.0,18.0,11.0,12.0,9.0,10.0,12.0,17.0,14.0,15.0,15,16,21.0,24.0,10.0,11.0,8.0,8.0,7.0,8.0,10,11.0,15.0,17.0
NA19025,AFR,LWK,9.0,12,14.0,14.0,10.0,14.0,19,22,16.0,18.0,13,10,8.0,10.0,14,15,15.0,15.0,16.0,18.0,11.0,13.0,13.0,9.0,16.0,20.0,12.0,13.0,14,16,24.0,25.0,10.0,11.0,7.0,14.0,8.0,9.0,6,9.0,16.0,19.0
NA19026,AFR,LWK,10.0,11,13.0,13.0,11.0,11.0,16,19,16.0,17.0,13,12,7.0,9.0,14,16,13.0,11.0,17.0,18.0,12.0,14.0,11.0,9.0,16.0,17.0,13.0,16.2,17,14,19.0,21.0,10.0,11.0,8.0,8.0,7.0,6.0,10,11.0,16.0,14.0
NA19027,AFR,LWK,10.0,12,13.0,16.3,12.0,10.0,20,26,15.0,17.0,13,13,10.0,8.0,14,17,13.0,16.0,17.0,18.0,13.0,14.0,13.0,9.0,17.0,19.0,14.2,15.2,12,16,20.0,25.0,10.0,11.0,8.0,8.0,7.0,9.3,7,11.0,17.0,20.0
NA19028,AFR,LWK,10.0,12,13.0,14.0,11.0,14.0,19,24,15.0,17.0,13,12,9.0,8.0,12,15,13.0,12.0,16.0,19.0,11.0,12.0,10.0,10.0,14.0,15.0,13.2,15.0,12,15,23.0,29.0,10.0,11.0,8.0,16.0,8.0,9.0,8,8.0,16.0,16.0
NA19030,AFR,LWK,11.0,12,14.0,16.0,12.0,11.0,19,21,16.0,17.0,12,12,10.0,11.0,15,15,13.0,11.0,16.0,19.0,12.0,13.0,12.0,13.0,14.0,17.0,14.0,13.2,17,11,24.0,25.0,10.0,11.0,13.0,13.0,7.0,7.0,11,11.0,13.0,16.0
NA19031,AFR,LWK,11.0,12,15.0,15.3,11.0,14.0,23,21,15.0,16.0,11,11,13.0,9.0,12,15,14.0,17.0,19.2,21.0,11.0,11.0,12.0,12.0,16.0,17.0,14.0,12.0,17,11,22.0,21.0,10.0,11.0,7.0,7.0,8.0,9.0,8,9.0,16.0,19.0
NA19035,AFR,LWK,13.0,10,12.0,13.0,11.0,15.0,18,20,14.0,17.0,13,8,7.0,8.0,13,14,13.0,15.0,18.0,23.0,12.0,13.0,9.0,7.0,18.0,12.0,12.0,15.2,17,10,22.0,24.0,11.0,11.0,7.0,7.0,7.0,9.3,9,11.0,17.0,18.0
NA19036,AFR,LWK,10.0,11,15.0,16.3,12.0,11.3,17,19,15.0,17.0,13,11,11.0,12.0,14,15,13.0,13.0,17.0,17.0,12.0,13.0,11.0,9.0,18.0,18.0,14.0,13.0,15,16,22.0,25.0,10.0,12.0,8.0,8.0,7.0,8.0,9,9.0,14.0,17.0
NA19037,AFR,LWK,13.0,12,11.0,14.0,11.0,16.0,23,20,15.0,16.0,12,12,8.0,10.0,13,14,13.0,11.0,18.0,19.0,11.0,12.0,12.0,13.0,18.0,16.0,14.0,13.0,17,11,24.0,25.0,10.0,11.0,7.0,15.0,6.0,9.0,6,11.0,16.0,20.0
NA19038,AFR,LWK,12.0,12,13.0,15.0,12.0,14.3,20,21,16.0,18.0,12,12,11.0,8.0,14,15,13.0,15.0,18.0,21.0,11.0,12.0,11.0,12.0,15.0,16.0,14.0,9.0,17,15,20.0,25.0,10.0,11.0,7.0,7.0,7.0,9.0,9,11.0,16.0,20.0
NA19041,AFR,LWK,11.0,12,15.0,15.0,11.0,15.0,19,21,16.0,17.0,11,9,11.0,8.0,14,15,12.0,16.0,16.0,20.0,11.0,13.0,11.0,13.0,18.0,17.0,13.2,14.2,12,16,22.0,22.0,12.0,10.0,11.0,13.0,9.0,9.3,6,9.0,19.0,14.0
NA19042,AFR,LWK,9.0,10,12.0,14.0,12.0,14.0,19,20,16.0,15.0,13,8,10.0,8.0,13,13,13.0,13.0,17.0,19.0,12.0,13.0,11.0,9.0,13.0,19.0,13.0,14.2,15,16,22.0,25.0,10.0,11.0,8.0,8.0,8.0,9.3,10,10.0,15.0,20.0
NA19043,AFR,LWK,9.0,11,14.0,16.0,14.0,14.0,22,24,16.0,15.0,13,11,11.0,9.0,11,15,13.0,17.0,19.0,19.0,11.0,11.0,13.0,13.0,17.0,19.0,14.0,13.0,16,16,23.0,24.0,13.0,11.0,5.0,12.0,6.0,9.0,8,9.0,16.0,17.0
NA19307,AFR,LWK,9.0,11,13.0,16.0,11.0,11.0,20,20,16.0,18.0,11,13,12.0,9.0,15,16,12.0,14.0,16.0,18.0,11.0,14.0,9.0,9.0,17.0,17.0,14.0,12.0,15,16,22.0,27.0,10.0,11.0,8.0,8.0,8.0,8.0,9,11.0,16.0,18.0
NA19308,AFR,LWK,12.0,12,14.0,15.0,10.0,11.0,17,19,15.0,15.0,11,10,10.0,9.0,12,15,15.0,15.0,18.0,19.0,11.0,12.0,9.0,11.0,13.0,13.0,12.0,15.0,11,16,25.0,25.0,7.0,10.0,8.0,8.0,8.0,9.0,9,10.0,15.0,16.0
NA19309,AFR,LWK,10.0,12,12.0,15.0,11.0,12.0,17,21,14.0,17.0,13,13,11.0,12.0,14,14,13.0,13.0,15.0,21.0,12.0,12.0,10.0,9.0,19.0,19.0,14.0,13.0,17,16,25.0,26.0,10.0,11.0,9.0,9.0,7.0,9.3,8,9.0,16.0,18.0
NA19310,AFR,LWK,10.0,12,13.0,13.0,12.0,14.0,22,22,15.0,17.0,12,12,8.0,9.0,15,15,16.0,16.0,16.0,17.0,11.0,13.0,11.0,12.0,12.0,16.0,13.2,15.0,16,16,25.0,28.0,11.0,11.0,5.0,8.0,7.0,6.0,8,8.0,17.0,17.0
NA19312,AFR,LWK,10.0,12,16.0,16.3,11.0,14.0,20,21,14.0,16.0,13,11,10.0,8.0,11,16,14.0,14.0,18.0,19.0,11.0,13.0,11.0,11.0,18.0,16.0,14.0,12.0,16,16,26.0,26.0,10.0,11.0,11.0,11.0,6.0,8.0,8,12.0,16.0,17.0
NA19314,AFR,LWK,10.0,11,12.0,15.0,10.0,14.0,21,22,15.0,17.0,13,12,9.0,10.0,13,14,11.0,14.0,18.0,19.0,11.0,8.0,12.0,10.0,10.2,17.0,14.0,13.0,12,16,24.0,24.0,10.0,11.0,8.0,11.0,6.0,8.0,9,10.0,17.0,17.0
NA19315,AFR,LWK,10.0,10,14.0,14.0,14.0,14.0,19,22,16.0,17.0,12,12,10.0,10.0,12,12,13.0,12.0,18.0,23.0,11.0,12.0,8.0,10.0,14.0,17.0,13.0,15.0,17,16,22.0,26.0,11.0,8.0,8.0,8.0,7.0,8.0,6,9.0,18.0,18.0
NA19316,AFR,LWK,9.0,10,15.0,15.0,14.0,14.0,17,21,16.0,17.0,13,11,10.0,10.0,11,12,11.0,14.0,18.0,23.0,12.0,13.0,11.0,13.0,18.0,16.0,14.0,13.0,17,16,24.0,26.0,10.0,12.0,8.0,8.0,9.0,10.0,8,8.0,15.0,14.0
NA19317,AFR,LWK,10.0,11,14.0,14.3,12.0,14.0,17,19,15.0,16.0,12,15,8.0,10.0,15,15,14.0,16.0,16.0,19.0,11.0,12.0,12.0,9.0,19.0,22.0,13.0,13.0,11,16,22.0,16.2,9.0,11.0,8.0,15.0,8.0,8.0,8,9.0,14.0,18.0
NA19318,AFR,LWK,11.0,12,12.0,16.0,12.0,10.0,22,25,15.0,16.0,12,10,8.0,10.0,13,12,12.0,15.0,17.0,18.0,12.0,12.0,9.0,12.0,16.0,22.0,14.0,13.0,17,12,22.0,21.0,10.0,12.0,9.0,12.0,7.0,8.0,10,11.0,17.0,18.0
NA19319,AFR,LWK,11.0,12,13.0,14.0,11.0,12.0,19,22,16.0,14.0,12,12,8.0,8.0,12,15,13.0,13.0,19.0,18.0,11.0,13.0,11.0,8.0,14.0,17.0,11.0,13.0,16,16,22.0,19.0,13.0,12.0,13.0,13.0,6.0,8.0,8,9.0,15.0,14.0
NA19320,AFR,LWK,13.0,7,14.0,16.0,12.0,11.0,16,20,15.0,16.0,12,12,10.0,12.0,14,15,14.0,15.0,18.0,22.0,10.0,12.0,8.0,9.0,18.0,17.0,13.0,16.2,10,16,20.0,24.0,9.0,7.0,7.0,7.0,6.0,9.0,11,11.0,15.0,17.0
NA19321,AFR,LWK,10.0,11,10.0,14.0,11.3,14.0,21,23,16.0,17.0,13,12,8.0,8.0,13,15,14.0,14.0,15.0,18.0,11.0,13.0,9.0,9.0,18.0,16.0,11.0,16.2,17,15,22.0,24.0,13.0,8.0,7.0,7.0,6.0,8.0,6,9.0,14.0,17.0
NA19323,AFR,LWK,12.0,12,13.0,15.0,12.0,12.0,20,25,17.0,17.0,11,12,11.0,8.0,14,14,13.0,14.0,17.0,20.0,12.0,12.0,12.0,13.0,15.0,19.0,12.2,15.0,17,17,24.0,24.0,12.0,10.0,8.0,8.0,7.0,8.0,9,11.0,15.0,16.0
NA19324,AFR,LWK,11.0,12,14.0,16.3,10.0,13.0,21,22,15.0,17.0,13,10,10.0,11.0,14,14,13.0,11.0,15.0,18.0,11.0,14.0,12.0,14.0,15.0,17.0,15.0,16.2,11,16,22.0,25.0,10.0,11.0,14.0,14.0,7.0,8.0,8,8.0,16.0,16.0
NA19327,AFR,LWK,9.0,10,14.0,14.0,11.0,11.0,17,18,15.0,16.0,12,13,11.0,9.0,10,14,13.0,16.0,18.0,20.0,11.0,11.0,10.0,11.0,18.0,19.0,13.0,14.2,12,15,22.0,24.0,10.0,10.0,13.0,14.0,7.0,7.0,8,9.0,16.0,16.0
NA19328,AFR,LWK,10.0,12,13.0,16.0,11.0,14.0,19,24,16.0,18.0,13,11,8.0,11.0,13,14,13.0,14.0,18.0,22.0,11.0,14.0,12.0,13.0,17.0,19.0,13.2,16.2,17,14,24.0,23.0,10.0,11.0,8.0,8.0,7.0,9.0,9,9.0,15.0,15.0
NA19331,AFR,LWK,9.0,12,14.0,14.0,11.0,11.0,20,24,15.0,18.0,13,12,8.0,8.0,13,14,13.0,15.0,18.0,23.0,11.0,12.0,11.0,9.0,16.0,19.0,14.0,17.2,10,14,22.0,23.0,10.0,10.0,12.0,13.0,7.0,8.0,8,12.0,15.0,16.0
NA19332,AFR,LWK,10.0,10,14.0,15.0,12.0,15.0,17,19,15.0,17.0,14,12,10.0,10.0,11,14,13.0,14.0,15.0,18.0,11.0,12.0,11.0,11.0,15.0,19.0,11.0,14.2,11,16,22.0,23.0,7.0,9.0,13.0,15.0,7.0,9.3,8,9.0,18.0,15.0
NA19334,AFR,LWK,9.0,12,14.0,14.0,11.0,15.0,22,24,15.0,16.0,12,11,10.0,11.0,12,14,13.0,15.0,18.0,18.0,11.0,12.0,11.0,9.0,19.0,19.0,14.0,17.2,10,14,22.0,26.0,10.0,10.0,12.0,13.0,8.0,8.0,8,8.0,15.0,17.0
NA19338,AFR,LWK,11.0,12,13.0,15.0,11.0,11.0,21,25,15.0,15.0,11,11,12.0,8.0,13,13,13.0,15.0,15.0,20.0,11.0,10.0,11.0,12.0,13.0,17.0,13.0,15.0,11,15,22.0,27.0,8.0,9.0,9.0,9.0,8.0,8.0,8,9.0,15.0,16.0
NA19346,AFR,LWK,10.0,10,13.0,16.3,11.0,14.0,20,20,15.0,15.0,13,9,11.0,12.0,13,14,16.0,14.0,15.0,17.0,11.0,14.0,11.0,9.0,16.0,16.0,13.0,13.0,17,15,22.0,24.0,10.0,11.0,9.0,14.0,7.0,8.0,9,10.0,17.0,17.0
NA19347,AFR,LWK,10.0,12,14.0,14.0,14.0,14.0,16,16,14.0,16.0,13,8,8.0,10.0,12,16,15.0,16.0,15.0,18.0,11.0,14.0,8.0,13.0,13.2,16.0,14.0,11.0,10,11,22.0,24.0,9.0,9.0,7.0,7.0,7.0,7.0,8,6.0,17.0,20.0
NA19350,AFR,LWK,11.0,12,15.0,16.3,12.0,11.0,23,22,15.0,15.0,12,12,11.0,12.0,13,14,13.0,14.0,17.0,18.0,12.0,12.0,11.0,13.0,16.0,22.0,14.0,11.0,15,15,22.0,23.0,10.0,11.0,5.0,5.0,8.0,9.0,10,11.0,17.0,19.0
NA19351,AFR,LWK,11.0,12,15.0,15.0,11.0,14.0,21,22,15.0,17.0,13,13,8.0,9.0,14,15,13.0,15.0,17.0,20.0,12.0,12.0,10.0,9.0,14.0,15.0,13.0,15.2,17,16,19.2,25.0,10.0,11.0,10.0,10.0,7.0,9.0,11,11.0,15.0,16.0
NA19355,AFR,LWK,13.0,9,14.0,14.0,12.0,14.0,18,19,16.0,17.0,11,11,10.0,11.0,13,14,13.0,14.0,17.0,18.0,11.0,12.0,8.0,9.0,19.0,20.0,14.0,16.0,17,14,17.0,23.0,10.0,12.0,8.0,13.0,8.0,8.0,8,9.0,15.0,15.0
NA19360,AFR,LWK,13.0,9,15.0,15.0,12.0,10.0,19,22,16.0,18.0,12,12,8.0,9.0,13,16,12.0,12.0,15.0,22.0,12.0,12.0,11.0,11.0,18.0,19.0,11.0,13.0,11,16,25.0,26.0,10.0,11.0,5.0,11.0,8.0,9.3,8,8.0,17.0,18.0
NA19372,AFR,LWK,12.0,12,16.0,16.0,14.0,14.0,17,24,15.0,17.0,12,11,8.0,8.0,12,14,14.0,14.0,18.0,19.0,11.0,11.0,11.0,9.0,15.0,19.0,13.2,15.0,17,14,22.0,24.0,10.0,11.0,13.0,13.0,8.0,9.0,10,11.0,15.0,18.0
NA19374,AFR,LWK,10.0,11,13.0,16.3,11.0,14.0,19,21,15.0,15.0,11,11,10.0,8.0,12,14,13.0,15.0,15.0,18.0,12.0,12.0,14.0,9.0,15.0,19.0,14.0,15.2,17,11,22.0,19.2,10.0,11.0,7.0,13.0,6.0,9.0,9,11.0,15.0,17.0
NA19375,AFR,LWK,10.0,11,11.0,16.0,14.0,14.0,19,22,15.0,18.0,13,11,10.0,11.0,14,15,12.0,14.0,20.0,21.0,11.0,12.0,11.0,11.0,17.0,20.0,14.0,13.0,11,15,22.0,18.2,10.0,11.0,13.0,13.0,7.0,7.0,9,12.0,15.0,19.0
NA19376,AFR,LWK,9.0,11,12.0,14.0,12.0,14.0,17,23,17.0,18.0,13,9,8.0,11.0,12,17,13.0,14.0,16.0,16.0,11.0,12.0,8.0,11.0,15.0,15.0,14.0,13.0,11,12,22.0,24.0,13.0,11.0,8.0,13.0,7.0,8.0,11,11.0,15.0,16.0
NA19377,AFR,LWK,10.0,12,16.0,16.0,12.0,14.0,19,21,16.0,17.0,13,12,8.0,12.0,15,15,12.0,14.0,17.0,21.0,12.0,15.0,11.0,12.0,18.0,21.0,14.0,15.0,11,16,23.0,23.0,10.0,11.0,5.0,9.0,6.0,8.0,6,11.0,17.0,18.0
NA19378,AFR,LWK,13.0,11,14.0,15.0,12.0,14.0,19,22,16.0,17.0,12,10,10.0,11.0,15,15,14.0,15.0,18.0,19.0,11.0,12.0,12.0,12.0,13.0,20.0,13.0,15.2,15,16,24.0,24.0,9.0,12.0,12.0,14.0,7.0,8.0,7,10.0,18.0,19.0
NA19379,AFR,LWK,9.0,12,13.0,14.0,14.0,14.0,17,19,15.0,16.0,12,10,9.0,10.0,13,13,13.0,15.0,18.0,19.0,12.0,12.0,9.0,9.0,18.0,17.0,14.0,14.2,16,16,24.0,26.0,8.0,15.0,13.0,14.0,8.0,9.0,9,11.0,14.0,17.0
NA19380,AFR,LWK,13.0,9,14.0,15.0,10.0,16.0,19,21,15.0,18.0,13,12,9.0,10.0,10,15,13.0,15.0,17.0,18.0,11.0,12.0,11.0,12.0,18.0,13.0,13.2,15.0,15,15,23.0,28.0,8.0,10.0,11.0,11.0,7.0,6.0,11,11.0,15.0,15.0
NA19383,AFR,LWK,9.0,12,17.0,16.0,12.0,12.0,20,22,16.0,16.0,11,14,8.0,10.0,12,15,14.0,15.0,18.0,18.0,12.0,12.0,11.0,12.0,18.0,17.0,13.0,15.2,15,15,22.0,24.0,10.0,5.0,8.0,8.0,8.0,9.0,8,10.0,15.0,16.0
NA19384,AFR,LWK,12.0,12,14.0,19.3,13.0,14.3,22,22,16.0,14.0,13,13,8.0,8.0,14,16,15.0,15.0,17.0,23.0,11.0,11.0,11.0,10.0,14.0,15.2,14.0,15.0,14,15,21.0,23.0,13.0,10.0,8.0,8.0,7.0,7.0,9,10.0,15.0,18.0
NA19385,AFR,LWK,11.0,12,18.0,16.3,10.0,14.0,19,20,15.0,18.0,15,13,7.0,11.0,12,16,13.0,13.0,16.0,18.0,12.0,14.0,11.0,11.0,18.0,17.0,15.2,16.0,14,15,25.0,27.0,8.0,11.0,12.0,12.0,7.0,9.0,9,10.0,15.0,18.0
NA19390,AFR,LWK,10.0,11,15.0,16.3,12.0,14.0,19,22,15.0,16.0,12,13,13.0,11.0,13,15,14.0,15.0,18.0,22.0,11.0,13.0,13.0,10.0,12.0,21.0,15.2,17.2,17,10,25.0,25.0,12.0,10.0,5.0,7.0,6.0,8.0,11,11.0,15.0,15.0
NA19391,AFR,LWK,9.0,10,13.0,16.3,11.0,11.0,17,28,17.0,17.0,13,12,10.0,12.0,14,15,12.0,16.0,17.0,18.0,13.0,13.0,11.0,11.0,17.0,17.0,14.0,15.0,11,16,23.0,26.0,10.0,11.0,9.0,11.0,7.0,6.0,6,9.0,16.0,18.0
NA19393,AFR,LWK,10.0,10,14.0,14.0,12.0,14.0,19,21,15.0,15.0,11,13,11.0,9.0,13,14,14.0,14.0,19.0,21.0,11.0,11.0,11.0,11.0,13.0,20.0,13.0,13.2,10,11,19.0,27.0,10.0,11.0,8.0,8.0,7.0,7.0,8,11.0,15.0,16.0
NA19394,AFR,LWK,9.0,10,14.0,14.0,11.0,14.0,17,22,15.0,15.0,13,8,9.0,11.0,12,15,13.0,13.0,17.0,18.0,12.0,12.0,12.0,13.0,14.0,15.0,13.0,14.2,11,16,22.0,20.0,8.0,11.0,12.0,12.0,7.0,8.0,8,9.0,16.0,17.0
NA19395,AFR,LWK,12.0,12,17.0,13.0,12.0,13.0,23,20,16.0,17.0,11,12,9.0,8.0,11,16,13.0,13.0,16.0,18.0,11.0,14.0,12.0,11.0,17.0,13.0,14.0,13.0,11,16,23.2,25.0,10.0,11.0,12.0,11.0,6.0,8.0,9,9.0,11.0,16.0
NA19397,AFR,LWK,8.0,10,11.0,15.0,12.0,14.0,21,21,16.0,17.0,11,13,10.0,11.0,15,16,14.0,14.0,16.0,21.0,11.0,12.0,11.0,11.0,15.0,16.0,14.0,13.0,11,15,25.0,25.0,10.0,11.0,8.0,8.0,7.0,9.3,9,10.0,16.0,19.0
NA19399,AFR,LWK,9.0,12,14.0,16.0,11.0,13.0,23,22,15.0,18.0,12,12,9.0,10.0,14,16,14.0,15.0,18.0,23.0,11.0,12.0,12.0,12.0,18.0,16.0,14.0,15.2,15,15,24.0,26.0,7.0,11.0,12.0,13.0,6.0,6.0,9,11.0,15.0,16.0
NA19401,AFR,LWK,11.0,12,13.0,14.0,11.0,14.0,17,24,16.0,18.0,12,11,12.0,9.0,14,15,13.0,13.0,18.0,19.0,11.0,12.0,12.0,13.0,18.0,16.0,14.0,12.0,16,20,22.0,22.0,10.0,11.0,8.0,13.0,7.0,8.0,7,7.0,16.0,18.0
NA19403,AFR,LWK,10.0,11,13.0,15.0,12.0,11.0,17,19,15.0,17.0,12,8,12.0,12.0,12,15,11.0,12.0,15.0,18.0,11.0,12.0,12.0,13.0,15.0,17.0,13.2,15.0,16,16,17.0,24.0,12.0,8.0,11.0,15.0,7.0,8.0,9,11.0,16.0,19.0
NA19404,AFR,LWK,13.0,12,15.0,17.3,11.0,11.3,19,22,16.0,17.0,12,10,11.0,11.0,14,15,15.0,17.0,15.0,16.0,12.0,12.0,11.0,9.0,15.0,17.0,12.0,15.0,16,21,20.0,27.0,11.0,11.0,16.0,16.0,7.0,9.0,8,11.0,15.0,19.0
NA19428,AFR,LWK,9.0,12,12.0,16.3,11.0,14.0,17,19,16.0,16.0,12,12,8.0,10.0,12,12,13.0,14.0,19.0,18.0,11.0,12.0,11.0,9.0,18.0,14.0,14.0,13.0,10,15,18.0,24.0,10.0,15.0,12.0,13.0,7.0,7.0,6,9.0,14.0,16.0
NA19429,AFR,LWK,8.0,12,14.0,16.3,11.0,14.0,21,26,16.0,16.0,14,12,10.0,8.0,11,15,14.0,15.0,18.0,19.0,11.0,14.0,9.0,9.0,18.0,15.0,10.0,11.0,17,16,21.0,24.0,5.0,10.0,12.0,12.0,7.0,7.0,6,9.0,14.0,16.0
NA19430,AFR,LWK,9.0,10,14.0,16.0,11.0,11.0,17,18,16.0,16.0,11,11,8.0,11.0,15,15,11.0,14.0,14.0,21.0,12.0,12.0,10.0,9.0,16.0,16.0,13.2,16.0,17,15,24.0,24.0,10.0,11.0,9.0,9.0,7.0,9.0,11,11.0,15.0,17.0
NA19431,AFR,LWK,10.0,12,12.0,14.0,11.0,14.0,21,21,16.0,17.0,13,10,8.0,10.0,14,17,11.0,15.0,18.0,19.0,12.0,14.0,11.0,12.0,12.0,17.0,14.0,14.2,11,11,20.0,28.0,9.0,14.0,7.0,7.0,7.0,7.0,10,11.0,15.0,16.0
NA19434,AFR,LWK,10.0,12,13.0,14.0,12.0,14.0,19,21,15.0,17.0,13,13,10.0,10.0,12,13,13.0,15.0,18.0,20.0,11.0,13.0,12.0,12.0,19.0,19.0,14.0,13.0,15,16,21.0,26.0,10.0,10.0,5.0,8.0,7.0,8.0,8,10.0,17.0,17.0
NA19435,AFR,LWK,11.0,12,12.0,14.0,11.0,15.0,20,22,15.0,16.0,12,11,9.0,10.0,11,13,14.0,14.0,17.0,20.0,11.0,9.0,10.0,9.0,16.0,22.0,14.2,15.2,17,11,21.0,23.0,5.0,11.0,5.0,14.0,7.0,9.0,9,9.0,16.0,16.0
NA19436,AFR,LWK,7.0,10,14.0,16.0,13.0,14.0,17,19,14.0,15.0,14,9,9.0,10.0,11,14,13.0,12.0,15.0,16.0,11.0,13.0,9.0,13.0,18.0,16.0,11.0,16.0,10,14,22.0,28.0,10.0,11.0,8.0,8.0,9.0,9.0,8,9.0,15.0,16.0
NA19437,AFR,LWK,10.0,12,13.0,13.0,14.0,14.0,16,20,15.0,15.0,13,11,8.0,8.0,13,15,14.0,14.0,15.0,18.0,11.0,12.0,11.0,11.0,16.0,16.0,14.0,13.0,12,16,22.0,17.0,8.0,11.0,7.0,8.0,7.0,6.0,6,11.0,16.0,18.0
NA19438,AFR,LWK,13.0,10,14.0,16.3,12.3,14.0,18,19,15.0,16.0,12,8,8.0,10.0,12,16,13.0,12.0,16.0,16.0,12.0,12.0,8.0,11.0,16.0,19.0,14.0,14.2,14,16,25.0,26.0,8.0,9.0,8.0,9.0,7.0,6.0,8,9.0,15.0,17.0
NA19439,AFR,LWK,13.0,10,13.0,13.0,12.0,15.0,24,27,15.0,17.0,13,13,10.0,11.0,12,14,15.0,17.0,18.0,21.0,11.0,12.0,11.0,10.0,18.0,19.0,12.0,15.0,17,11,19.0,21.0,10.0,12.0,8.0,8.0,7.0,7.0,10,11.0,17.0,13.0
NA19440,AFR,LWK,10.0,12,15.0,16.0,11.0,14.0,17,17,15.0,16.0,11,8,8.0,8.0,12,14,12.0,14.0,19.0,20.0,11.0,12.0,12.0,12.0,12.0,16.0,14.0,14.2,16,16,24.0,26.0,10.0,11.0,9.0,14.0,7.0,8.0,6,9.0,14.0,16.0
NA19443,AFR,LWK,13.0,11,11.0,14.0,11.0,14.0,22,22,16.0,17.0,13,12,8.0,10.0,14,15,12.0,15.0,19.0,16.0,10.0,10.0,11.0,11.0,17.0,19.0,14.0,11.0,17,16,20.0,23.0,9.0,12.0,13.0,15.0,6.0,6.0,7,9.0,15.0,18.0
NA19445,AFR,LWK,7.0,10,13.0,14.0,14.0,15.0,17,19,16.0,15.0,12,9,10.0,12.0,13,13,13.0,12.0,18.0,19.0,12.0,13.0,12.0,11.0,14.0,15.0,14.0,11.0,11,16,27.0,28.0,10.0,11.0,12.0,14.0,7.0,7.0,9,11.0,16.0,18.0
NA19446,AFR,LWK,9.0,12,17.3,16.3,11.0,11.0,17,17,15.0,16.0,12,11,9.0,11.0,14,16,13.0,17.0,18.0,18.0,12.0,13.0,8.0,9.0,13.0,17.0,9.0,13.2,12,16,22.0,24.0,5.0,9.0,8.0,8.0,6.0,9.3,8,8.0,15.0,15.0
NA19448,AFR,LWK,9.0,10,13.0,16.0,11.0,14.0,18,19,15.0,18.0,12,12,9.0,12.0,13,14,15.0,15.0,19.0,18.0,11.0,12.0,8.0,12.0,15.0,17.0,13.0,13.2,17,9,22.0,25.0,10.0,11.0,12.0,13.0,7.0,6.0,9,11.0,18.0,18.0
NA19449,AFR,LWK,11.0,12,14.0,16.3,11.0,14.0,23,18,16.0,16.0,13,12,9.0,12.0,13,14,15.0,16.0,16.0,18.0,12.0,13.0,11.0,11.0,16.0,19.0,14.0,16.2,14,16,22.0,21.0,10.0,11.0,14.0,14.0,7.0,6.0,6,11.0,16.0,18.0
NA19451,AFR,LWK,10.0,10,12.0,16.3,12.0,12.0,21,22,16.0,17.0,13,11,10.0,12.0,13,14,11.0,14.0,16.0,22.0,12.0,12.0,9.0,11.0,18.0,17.0,14.0,15.0,17,15,20.0,27.0,11.0,11.0,8.0,8.0,8.0,9.0,8,6.0,15.0,16.0
NA19452,AFR,LWK,10.0,10,13.0,16.0,9.0,11.0,21,23,15.0,16.0,12,11,10.0,12.0,13,15,13.0,11.0,15.0,22.0,12.0,14.0,10.0,9.0,16.0,22.0,14.0,13.0,17,10,19.0,25.0,6.0,9.0,10.0,10.0,7.0,9.0,11,11.0,15.0,16.0
NA19454,AFR,LWK,10.0,12,12.0,16.0,11.0,14.0,19,22,14.0,17.0,12,10,8.0,10.0,12,14,14.0,14.0,17.0,17.0,11.0,12.0,11.0,13.0,16.0,17.0,13.0,13.0,11,11,21.0,25.0,10.0,11.0,8.0,12.0,7.0,7.0,8,11.0,17.0,17.0
NA19455,AFR,LWK,9.0,10,13.0,16.3,14.0,14.0,17,22,16.0,15.0,13,11,8.0,10.0,12,15,13.0,14.0,18.0,19.0,11.0,12.0,13.0,9.0,15.0,16.0,12.0,14.2,14,15,22.0,23.0,9.0,11.0,8.0,8.0,6.0,9.0,8,11.0,13.0,19.0
NA19456,AFR,LWK,10.0,10,13.0,14.0,11.0,15.0,20,21,16.0,17.0,12,8,9.0,10.0,13,14,13.0,14.0,17.0,17.0,12.0,12.0,11.0,10.0,15.0,22.0,13.0,13.0,11,15,22.0,23.0,5.0,9.0,7.0,8.0,8.0,9.0,11,11.0,17.0,18.0
NA19457,AFR,LWK,13.0,12,15.0,16.3,12.0,16.0,17,20,16.0,16.0,12,12,10.0,11.0,14,15,12.0,15.0,18.0,18.0,11.0,12.0,10.0,13.0,13.2,16.0,14.0,11.0,11,12,22.0,23.0,5.0,11.0,8.0,13.0,7.0,7.0,7,9.0,16.0,16.0
NA19461,AFR,LWK,7.0,10,13.0,16.3,13.0,14.0,20,24,16.0,16.0,13,12,9.0,8.0,13,13,13.0,11.0,15.0,18.0,12.0,13.0,9.0,11.0,19.0,21.0,13.2,15.0,17,15,22.0,18.0,10.0,11.0,15.0,15.0,7.0,10.0,8,11.0,14.0,20.0
NA19462,AFR,LWK,8.0,9,15.0,15.0,11.0,14.0,19,25,16.0,17.0,11,12,10.0,11.0,14,15,13.0,17.0,17.0,18.0,11.0,12.0,9.0,10.0,16.0,19.0,13.2,15.2,11,16,22.0,24.0,10.0,11.0,15.0,15.0,7.0,8.0,8,9.0,15.0,16.0
NA19463,AFR,LWK,13.0,10,14.0,16.3,12.0,14.0,19,22,16.0,17.0,12,12,8.0,8.0,14,15,13.0,12.0,18.0,18.0,10.0,13.0,11.0,10.0,13.0,14.0,13.0,15.0,15,16,24.0,24.0,10.0,11.0,8.0,8.0,7.0,8.0,9,12.0,15.0,17.0
NA19466,AFR,LWK,8.0,12,15.0,16.3,10.0,11.3,19,19,14.0,16.0,12,9,8.0,11.0,13,13,13.0,11.0,16.0,17.0,11.0,13.0,11.0,9.0,17.0,17.0,13.0,14.2,17,16,25.0,26.0,10.0,11.0,5.0,13.0,7.0,7.0,8,8.0,15.0,17.0
NA19467,AFR,LWK,12.0,12,14.0,16.0,11.0,12.0,17,24,16.0,16.0,13,13,11.0,9.0,13,14,11.0,11.0,19.0,15.0,12.0,14.0,11.0,12.0,13.0,16.0,15.2,17.2,17,16,25.0,27.0,13.0,5.0,8.0,12.0,7.0,8.0,8,10.0,16.0,20.0
NA19468,AFR,LWK,13.0,10,12.0,16.0,11.0,11.0,17,21,16.0,16.0,13,9,10.0,12.0,11,15,13.0,12.0,16.0,23.0,12.0,13.0,11.0,11.0,18.0,19.0,12.2,13.0,11,16,18.0,23.0,10.0,11.0,9.0,9.0,8.0,8.0,11,11.0,16.0,17.0
NA19471,AFR,LWK,8.0,9,12.0,13.0,10.0,14.0,16,25,16.0,17.0,12,12,10.0,10.0,12,14,12.0,12.0,18.0,18.0,11.0,14.0,11.0,9.0,15.0,19.0,14.0,15.0,11,12,25.0,26.0,10.0,11.0,11.0,11.0,8.0,8.0,8,6.0,17.0,17.0
NA19472,AFR,LWK,13.0,10,16.0,16.3,11.0,14.0,17,20,14.0,15.0,12,11,10.0,11.0,13,14,12.0,12.0,15.0,18.0,12.0,14.0,11.0,9.0,17.0,17.0,14.0,13.0,16,16,24.0,25.0,13.0,12.0,10.0,14.0,7.0,6.0,9,11.0,16.0,18.0
NA19473,AFR,LWK,11.0,12,10.0,11.0,11.0,14.0,17,22,15.0,16.0,13,12,10.0,10.0,14,16,15.0,16.0,18.0,20.0,11.0,11.0,11.0,11.0,18.0,16.0,13.0,15.0,16,16,22.0,24.0,13.0,8.0,8.0,8.0,7.0,8.0,6,9.0,17.0,18.0
NA19474,AFR,LWK,10.0,12,16.3,16.3,12.0,12.0,21,22,16.0,15.0,12,12,10.0,9.0,11,11,12.0,16.0,14.0,17.0,12.0,12.0,11.0,13.0,16.0,19.0,12.0,15.2,11,14,22.0,22.0,9.0,10.0,9.0,13.0,6.0,9.3,9,11.0,17.0,20.0
NA19475,AFR,LWK,11.0,11,13.0,16.3,12.0,14.0,17,17,15.0,16.0,8,8,10.0,11.0,14,15,11.0,12.0,20.0,20.0,10.0,13.0,11.0,11.0,13.0,17.0,14.0,13.0,12,16,25.0,25.0,8.0,10.0,5.0,8.0,8.0,9.0,11,12.0,17.0,18.0
HG03052,AFR,MSL,7.0,12,13.0,16.3,12.0,14.0,16,21,16.0,14.0,12,11,8.0,10.0,14,14,15.0,16.0,17.2,19.0,12.0,13.0,12.0,12.0,13.0,17.0,14.0,11.0,17,18,22.0,22.0,8.0,10.0,5.0,8.0,7.0,9.3,8,8.0,18.0,18.0
HG03054,AFR,MSL,10.0,12,17.0,15.0,13.0,13.0,20,22,16.0,15.0,13,12,9.0,11.0,12,15,14.0,15.0,18.0,20.0,12.0,15.0,11.0,10.0,17.0,19.0,14.0,11.0,11,15,19.0,28.0,8.0,9.0,10.0,10.0,7.0,8.0,9,9.0,15.0,16.0
HG03055,AFR,MSL,10.0,11,15.0,15.0,11.0,11.3,18,22,14.0,14.0,12,11,9.0,9.0,11,15,13.0,14.0,18.0,20.0,11.0,12.0,9.0,9.0,14.0,20.0,14.0,14.2,17,15,23.0,23.3,8.0,10.0,10.0,13.0,9.3,9.3,9,9.0,17.0,17.0
HG03057,AFR,MSL,10.0,11,14.0,16.0,11.0,15.0,21,24,16.0,15.0,13,11,10.0,8.0,15,16,14.0,14.0,19.0,22.0,12.0,13.0,9.0,10.0,15.0,19.0,14.0,13.0,10,15,19.0,19.0,8.0,10.0,7.0,7.0,7.0,9.0,8,11.0,16.0,17.0
HG03058,AFR,MSL,10.0,12,16.0,16.3,14.0,15.0,23,18,15.0,15.0,13,11,11.0,8.0,14,15,13.0,16.0,18.0,25.0,12.0,12.0,9.0,9.0,17.0,19.0,14.0,14.2,11,15,21.0,25.0,8.0,10.0,7.0,8.0,8.0,9.3,9,9.0,15.0,15.0
HG03060,AFR,MSL,7.0,12,13.0,13.0,12.0,13.0,22,25,16.0,17.0,12,11,9.0,10.0,12,15,12.0,16.0,21.0,21.0,11.0,12.0,11.0,12.0,18.0,23.0,14.0,13.0,14,15,22.0,24.0,8.0,12.0,7.0,7.0,9.3,9.3,8,6.0,15.0,15.0
HG03061,AFR,MSL,10.0,12,17.0,15.0,11.0,11.3,20,24,15.0,16.0,12,13,9.0,10.0,13,14,14.0,15.0,17.0,20.0,12.0,12.0,12.0,14.0,15.0,16.0,14.0,15.0,15,15,22.0,20.0,8.0,10.0,7.0,8.0,7.0,6.0,8,8.0,17.0,18.0
HG03063,AFR,MSL,11.0,12,16.0,16.3,11.0,14.0,19,21,16.0,18.0,10,7,10.0,10.0,11,14,12.0,14.0,19.0,20.0,11.0,12.0,12.0,10.0,16.0,17.0,14.0,13.0,17,10,25.0,28.0,8.0,11.0,8.0,8.0,6.0,9.3,8,6.0,16.0,16.0
HG03064,AFR,MSL,11.0,12,16.0,17.3,11.0,11.3,17,19,16.0,15.0,13,8,10.0,10.0,14,16,14.0,15.0,15.0,17.0,12.0,13.0,10.0,9.0,12.0,15.0,14.0,11.0,17,10,23.0,25.0,8.0,10.0,8.0,10.0,6.0,8.0,11,11.0,13.0,13.0
HG03066,AFR,MSL,11.0,12,14.0,14.0,11.0,13.3,25,25,16.0,16.0,13,12,8.0,10.0,14,15,14.0,16.0,15.0,19.0,11.0,12.0,9.0,13.0,16.0,19.0,13.0,13.0,12,16,24.0,25.0,8.0,12.0,7.0,8.0,7.0,9.3,8,8.0,15.0,18.0
HG03069,AFR,MSL,8.0,10,14.0,17.3,11.0,11.0,23,23,17.0,18.0,13,12,13.0,8.0,12,13,14.0,14.0,19.0,19.0,12.0,14.0,11.0,13.0,13.0,17.0,11.0,11.0,10,15,22.0,26.0,8.0,10.0,8.0,8.0,8.0,8.0,8,8.0,18.0,18.0
HG03072,AFR,MSL,8.0,10,14.0,17.3,11.0,11.0,21,24,14.0,16.0,12,11,8.0,8.0,16,17,13.0,12.0,16.0,17.0,12.0,13.0,9.0,12.0,16.0,17.0,14.0,12.0,11,15,19.0,24.0,8.0,9.0,5.0,8.0,7.0,7.0,11,11.0,15.0,16.0
HG03073,AFR,MSL,7.0,10,16.0,16.0,12.0,10.0,19,24,15.0,15.0,10,11,11.0,8.0,12,14,12.0,14.0,19.0,20.0,12.0,12.0,12.0,12.0,16.0,16.0,13.2,15.2,11,15,22.0,29.0,8.0,10.0,5.0,11.0,8.0,9.0,8,11.0,15.0,16.0
HG03074,AFR,MSL,9.0,12,12.0,16.3,11.0,12.0,17,19,15.0,15.0,12,12,9.0,8.0,10,14,13.0,14.0,18.0,20.0,11.0,12.0,9.0,9.0,18.0,17.0,12.0,12.2,14,15,22.0,25.0,10.0,11.0,10.0,13.0,9.0,9.0,9,11.0,16.0,17.0
HG03077,AFR,MSL,13.0,10,11.0,13.0,12.0,14.0,19,22,16.0,15.0,13,11,9.0,8.0,13,14,13.0,16.0,19.0,25.0,12.0,12.0,11.0,11.0,12.0,16.0,12.0,13.0,14,14,24.0,20.0,8.0,10.0,5.0,7.0,7.0,8.0,9,11.0,14.0,15.0
HG03078,AFR,MSL,10.0,12,17.0,16.3,11.0,13.0,17,23,16.0,17.0,14,12,11.0,8.0,12,15,13.0,12.0,18.0,19.0,10.0,13.0,10.0,10.0,13.2,17.0,13.0,13.0,17,15,23.0,26.0,9.0,8.0,5.0,8.0,7.0,8.0,9,11.0,17.0,17.0
HG03079,AFR,MSL,8.0,11,13.0,14.0,11.0,14.0,18,21,16.0,15.0,9,11,10.0,9.0,12,14,14.0,14.0,18.0,20.0,12.0,13.0,11.0,11.0,19.0,22.0,14.0,16.2,17,12,25.0,26.0,8.0,10.0,5.0,8.0,7.0,6.0,8,8.0,17.0,17.0
HG03081,AFR,MSL,9.0,12,14.0,16.3,13.0,13.0,19,20,16.0,16.0,12,11,13.0,9.0,13,15,11.0,16.0,16.0,17.0,11.0,10.0,11.0,10.0,15.0,20.0,13.0,13.2,12,16,22.0,21.0,13.0,10.0,5.0,5.0,7.0,9.0,9,12.0,16.0,18.0
HG03082,AFR,MSL,13.0,7,17.0,15.0,12.0,11.0,22,25,16.0,17.0,13,12,8.0,8.0,13,14,15.0,15.0,18.0,18.0,11.0,12.0,11.0,12.0,14.0,15.0,14.0,13.0,11,15,19.0,24.0,12.0,12.0,8.0,8.0,7.0,6.0,9,10.0,17.0,17.0
HG03084,AFR,MSL,10.0,12,12.0,13.0,11.0,14.0,15,19,16.0,18.0,13,13,10.0,11.0,12,14,13.0,14.0,20.0,22.0,11.0,12.0,11.0,8.0,18.0,19.0,12.0,13.0,17,11,22.0,24.0,7.0,16.0,10.0,10.0,7.0,7.0,11,11.0,19.0,19.0
HG03085,AFR,MSL,8.0,10,14.0,18.3,11.3,14.0,19,20,15.0,15.0,12,12,10.0,8.0,13,15,14.0,14.0,18.0,20.0,12.0,12.0,11.0,9.0,13.0,15.0,14.0,12.0,12,14,26.0,28.0,8.0,10.0,5.0,10.0,7.0,8.0,8,6.0,15.0,16.0
HG03086,AFR,MSL,8.0,11,13.0,15.0,11.0,14.0,19,25,15.0,16.0,13,13,8.0,10.0,12,12,14.0,15.0,17.0,17.0,12.0,12.0,11.0,10.0,16.0,17.0,13.2,16.2,17,15,19.0,25.0,8.0,10.0,12.0,15.0,9.0,9.0,8,8.0,15.0,16.0
HG03088,AFR,MSL,13.0,7,16.0,16.3,11.0,14.0,23,25,17.0,17.0,13,12,9.0,11.0,12,16,13.0,14.0,18.0,20.0,12.0,13.0,11.0,11.0,17.0,17.0,14.0,14.0,11,15,18.2,23.0,13.0,8.0,5.0,7.0,7.0,8.0,6,11.0,16.0,16.0
HG03091,AFR,MSL,7.0,12,14.0,14.0,11.0,11.0,21,22,15.0,15.0,12,9,10.0,11.0,14,14,14.0,15.0,20.0,24.0,11.0,13.0,11.0,10.0,18.0,12.0,12.0,15.0,11,16,25.0,25.0,8.0,10.0,5.0,8.0,7.0,7.0,6,11.0,14.0,18.0
HG03095,AFR,MSL,7.0,9,14.0,15.0,11.0,14.0,21,24,15.0,17.0,13,12,9.0,11.0,14,16,12.0,16.0,19.0,21.0,11.0,12.0,12.0,13.0,18.0,17.0,12.2,16.2,15,15,19.0,24.0,8.0,10.0,9.0,9.0,7.0,8.0,7,9.0,14.0,15.0
HG03096,AFR,MSL,7.0,11,14.0,16.3,11.0,14.0,19,19,14.0,16.0,12,10,10.0,8.0,13,15,12.0,15.0,19.0,20.0,11.0,12.0,11.0,12.0,17.0,20.0,14.0,15.0,17,15,21.0,24.0,7.0,10.0,5.0,9.0,9.0,9.0,7,9.0,17.0,19.0
HG03097,AFR,MSL,13.0,9,13.0,13.0,12.0,11.0,19,24,15.0,16.0,12,12,10.0,9.0,14,15,14.0,14.0,17.0,18.0,12.0,12.0,12.0,13.0,16.0,17.0,13.0,15.2,17,15,22.0,24.0,8.0,10.0,7.0,7.0,8.0,9.0,11,11.0,15.0,19.0
HG03209,AFR,MSL,7.0,12,17.0,16.0,11.0,14.0,18,20,16.0,15.0,12,13,10.0,8.0,11,11,13.0,16.0,19.0,23.0,12.0,13.0,11.0,11.0,15.0,15.0,14.0,16.2,17,15,20.0,21.0,9.0,12.0,8.0,13.0,7.0,9.3,8,6.0,15.0,17.0
HG03212,AFR,MSL,7.0,11,13.0,16.0,11.0,14.0,19,24,15.0,17.0,13,8,11.0,9.0,14,15,14.0,14.0,16.0,18.0,11.0,13.0,11.0,11.0,16.0,20.0,11.0,13.0,17,16,22.0,21.0,8.0,10.0,14.0,14.0,7.0,8.0,6,9.0,17.0,17.0
HG03224,AFR,MSL,8.0,9,13.0,16.0,12.0,14.0,19,21,15.0,16.0,12,13,13.0,10.0,14,14,14.0,15.0,18.0,21.0,13.0,14.0,8.0,9.0,18.0,21.0,12.0,13.2,17,16,24.0,25.0,8.0,10.0,8.0,9.0,7.0,7.0,8,9.0,14.0,15.0
HG03225,AFR,MSL,13.0,12,12.0,13.0,11.0,14.0,19,21,16.0,16.0,13,13,10.0,11.0,13,15,14.0,14.0,19.0,18.0,12.0,13.0,11.0,9.0,14.0,17.0,12.0,16.2,11,12,24.0,24.0,10.0,10.0,5.0,8.0,7.0,9.0,9,11.0,14.0,19.0
HG03376,AFR,MSL,11.0,11,13.0,16.3,11.0,11.0,23,19,12.0,15.0,12,12,12.0,12.0,14,16,13.0,13.0,19.0,20.0,12.0,14.0,12.0,13.0,13.0,16.0,12.0,16.2,10,14,22.0,21.0,8.0,9.0,7.0,12.0,6.0,6.0,9,12.0,15.0,18.0
HG03378,AFR,MSL,11.0,12,13.0,14.0,10.0,13.0,23,22,16.0,18.0,12,12,10.0,11.0,14,14,15.0,15.0,15.0,18.2,12.0,12.0,13.0,9.0,13.0,19.0,11.0,13.0,17,10,19.0,25.0,8.0,10.0,8.0,8.0,6.0,8.0,8,6.0,15.0,17.0
HG03380,AFR,MSL,8.0,11,14.0,15.0,11.0,14.0,23,25,16.0,17.0,11,14,10.0,10.0,14,15,12.0,15.0,16.0,18.0,12.0,13.0,11.0,12.0,15.0,17.0,11.0,16.2,16,16,20.0,24.0,9.0,12.0,11.0,15.0,7.0,9.0,9,11.0,16.0,18.0
HG03382,AFR,MSL,7.0,12,13.0,16.3,11.0,14.0,18,24,14.0,15.0,12,11,10.0,10.0,14,15,14.0,15.0,17.0,17.0,13.0,14.0,12.0,9.0,16.0,22.0,13.0,16.2,17,10,20.0,23.0,13.0,11.0,5.0,5.0,9.3,9.3,8,11.0,17.0,18.0
HG03385,AFR,MSL,11.0,14,13.0,17.3,11.0,11.0,23,21,16.0,15.0,12,12,10.0,8.0,13,16,14.0,14.0,18.0,18.0,11.0,12.0,12.0,12.0,18.0,18.0,12.0,13.0,17,15,22.0,21.0,9.0,11.0,7.0,10.0,8.0,9.0,9,11.0,16.0,16.0
HG03388,AFR,MSL,7.0,11,17.0,14.0,12.0,12.0,23,21,16.0,17.0,13,12,10.0,8.0,14,15,12.0,14.0,17.0,22.0,12.0,12.0,11.0,9.0,13.0,15.0,12.0,13.0,17,15,23.0,24.0,13.0,11.0,7.0,8.0,7.0,6.0,8,11.0,17.0,17.0
HG03391,AFR,MSL,11.0,12,13.0,15.0,12.0,11.0,19,20,14.0,16.0,11,12,11.0,12.0,15,16,12.0,15.0,17.0,18.0,11.0,12.0,13.0,9.0,18.0,19.0,11.0,13.0,17,15,19.0,21.0,8.0,10.0,8.0,8.0,7.0,7.0,8,11.0,15.0,16.0
HG03394,AFR,MSL,7.0,8,14.0,14.0,12.0,11.0,19,19,15.0,16.0,12,8,11.0,9.0,14,15,13.0,14.0,19.0,19.0,11.0,12.0,12.0,13.0,13.0,16.0,14.0,13.0,17,15,26.0,26.0,8.0,10.0,12.0,13.0,7.0,7.0,9,9.0,15.0,17.0
HG03397,AFR,MSL,8.0,12,16.3,15.3,11.0,11.0,22,27,16.0,14.0,12,11,11.0,12.0,12,14,13.0,14.0,18.0,19.0,10.0,11.0,8.0,12.0,14.0,15.0,13.0,13.0,15,19,24.0,24.0,5.0,14.0,5.0,7.0,7.0,8.0,9,9.0,20.0,20.0
HG03401,AFR,MSL,11.0,12,11.0,14.0,13.0,14.0,23,24,14.0,15.0,12,8,12.0,12.0,10,14,13.0,13.0,17.0,20.0,10.0,12.0,10.0,11.0,17.0,17.0,14.0,13.0,15,18,24.0,25.0,13.0,11.0,5.0,13.0,7.0,8.0,11,11.0,16.0,19.0
HG03410,AFR,MSL,13.0,9,13.0,16.0,10.0,11.0,23,16,16.0,15.0,12,12,10.0,8.0,14,15,13.0,12.0,17.0,18.0,11.0,11.0,12.0,12.0,14.0,17.0,14.0,13.0,17,11,21.0,25.0,8.0,9.0,8.0,8.0,6.0,8.0,11,11.0,16.0,16.0
HG03419,AFR,MSL,10.0,11,14.0,14.0,12.0,14.0,23,21,14.0,16.0,12,11,8.0,8.0,14,15,15.0,15.0,18.0,21.0,11.0,12.0,11.0,10.0,14.0,15.0,13.0,15.0,15,15,21.0,21.0,8.0,8.0,5.0,8.0,8.0,9.0,8,11.0,16.0,18.0
HG03428,AFR,MSL,8.0,9,14.0,14.0,11.0,11.0,23,16,15.0,15.0,12,10,8.0,9.0,13,15,16.0,17.0,15.0,15.0,11.0,11.0,11.0,8.0,13.0,15.0,14.0,12.0,12,16,22.0,24.0,8.0,10.0,8.0,8.0,7.0,9.0,6,11.0,16.0,16.0
HG03432,AFR,MSL,10.0,11,14.0,16.3,12.0,11.3,22,25,16.0,17.0,12,13,10.0,11.0,14,15,13.0,14.0,17.0,19.0,12.0,12.0,12.0,9.0,16.0,17.0,14.0,12.0,11,15,22.0,24.0,8.0,10.0,12.0,12.0,8.0,9.0,8,10.0,16.0,17.0
HG03433,AFR,MSL,11.0,12,13.0,16.0,11.0,14.0,22,23,15.0,17.0,13,8,10.0,10.0,11,14,14.0,15.0,18.0,19.0,12.0,13.0,13.0,10.0,16.0,20.0,14.0,14.0,17,15,24.0,25.0,10.0,10.0,7.0,14.0,5.0,8.0,8,6.0,15.0,16.0
HG03436,AFR,MSL,10.0,11,14.0,15.3,11.0,11.3,18,23,15.0,15.0,13,13,10.0,8.0,11,14,13.0,12.0,18.0,21.0,11.0,12.0,11.0,11.0,15.0,19.0,14.0,15.0,16,18,22.0,23.0,7.0,10.0,8.0,13.0,8.0,9.0,6,11.0,15.0,20.0
HG03437,AFR,MSL,8.0,12,14.0,15.0,11.0,14.0,21,23,16.0,15.0,13,8,11.0,9.0,14,16,12.0,15.0,18.0,22.0,11.0,12.0,13.0,11.0,19.0,20.0,14.0,13.0,17,15,22.0,21.0,5.0,10.0,7.0,13.0,5.0,8.0,11,11.0,15.0,16.0
HG03439,AFR,MSL,11.0,11,13.0,14.0,12.0,12.0,17,25,16.0,17.0,13,12,11.0,8.0,14,17,13.0,15.0,18.0,19.0,12.0,14.0,10.0,9.0,16.0,17.0,14.0,12.0,11,16,20.0,23.0,9.0,10.0,10.0,10.0,8.0,9.0,8,9.0,16.0,20.0
HG03442,AFR,MSL,10.0,12,14.0,16.3,11.0,14.0,18,19,15.0,17.0,10,8,8.0,10.0,13,16,13.0,14.0,18.0,20.0,12.0,12.0,9.0,9.0,13.0,13.0,11.0,13.0,11,15,25.0,26.0,8.0,10.0,5.0,12.0,7.0,7.0,8,8.0,17.0,18.0
HG03445,AFR,MSL,11.0,11,16.0,16.3,12.0,10.0,19,24,15.0,18.0,12,13,10.0,12.0,16,16,13.0,12.0,18.0,20.0,11.0,12.0,10.0,14.0,18.0,17.0,14.0,13.0,11,14,22.0,19.2,8.0,10.0,5.0,8.0,7.0,9.0,9,10.0,15.0,18.0
HG03446,AFR,MSL,9.0,10,17.0,15.0,11.0,14.0,19,21,15.0,16.0,13,11,12.0,8.0,14,14,13.0,11.0,15.0,17.0,12.0,12.0,12.0,9.0,15.0,17.0,13.2,14.2,10,15,23.0,24.0,7.0,9.0,7.0,12.0,7.0,9.0,6,11.0,16.0,16.0
HG03449,AFR,MSL,8.0,11,15.3,15.3,11.0,14.0,23,22,16.0,17.0,12,11,10.0,8.0,13,14,13.0,14.0,15.0,15.0,12.0,12.0,11.0,11.0,12.0,17.0,12.0,13.0,10,15,24.0,24.0,7.0,10.0,8.0,8.0,7.0,9.0,6,9.0,15.0,18.0
HG03451,AFR,MSL,8.0,10,17.0,14.0,11.0,11.0,20,21,15.0,18.0,12,13,11.0,11.0,14,14,12.0,14.0,19.0,18.0,12.0,12.0,8.0,9.0,16.0,17.0,13.0,13.0,10,14,22.0,22.0,11.0,11.0,5.0,10.0,7.0,7.0,6,11.0,17.0,20.0
HG03452,AFR,MSL,7.0,7,17.3,16.3,11.0,11.0,17,22,15.0,17.0,12,11,10.0,8.0,13,14,15.0,15.0,17.0,19.0,11.0,10.0,9.0,9.0,18.0,13.0,12.0,14.2,17,14,23.0,24.0,7.0,9.0,9.0,15.0,7.0,8.0,9,11.0,16.0,17.0
HG03455,AFR,MSL,13.0,12,12.0,15.0,10.0,11.0,23,17,16.0,18.0,13,12,11.0,9.0,14,16,13.0,15.0,17.0,18.0,11.0,13.0,11.0,12.0,17.0,19.0,14.0,11.0,14,14,22.0,25.0,8.0,10.0,8.0,8.0,7.0,8.0,7,11.0,16.0,18.0
HG03457,AFR,MSL,11.0,11,14.0,14.0,14.0,14.0,17,22,16.0,16.0,12,13,11.0,12.0,10,16,11.0,14.0,15.0,19.0,12.0,12.0,11.0,9.0,15.0,15.0,14.0,11.0,10,15,22.0,24.0,8.0,10.0,8.0,10.0,7.0,8.0,6,11.0,15.0,16.0
HG03458,AFR,MSL,13.0,11,15.0,16.3,11.0,11.0,23,24,15.0,16.0,13,12,8.0,9.0,14,15,13.0,14.0,15.0,20.0,12.0,12.0,9.0,9.0,18.0,20.0,14.0,13.0,17,14,21.2,27.0,8.0,10.0,8.0,9.0,7.0,9.0,11,11.0,18.0,19.0
HG03460,AFR,MSL,10.0,11,12.0,14.0,11.0,11.3,19,21,15.0,16.0,12,12,10.0,11.0,13,14,12.0,12.0,17.0,20.0,11.0,13.0,9.0,11.0,15.0,16.0,14.0,13.0,10,14,22.0,21.0,8.0,10.0,5.0,5.0,7.0,9.0,11,11.0,15.0,20.0
HG03461,AFR,MSL,7.0,11,15.0,16.0,13.0,14.0,18,21,16.0,14.0,12,11,9.0,10.0,13,15,13.0,14.0,18.0,19.0,11.0,12.0,14.0,9.0,15.0,16.0,14.0,16.2,11,15,23.0,25.0,8.0,10.0,5.0,8.0,6.0,8.0,11,12.0,17.0,18.0
HG03464,AFR,MSL,10.0,12,17.0,14.0,11.0,11.0,17,21,16.0,16.0,13,11,11.0,12.0,12,15,14.0,15.0,15.0,17.0,12.0,12.0,13.0,9.0,17.0,17.0,11.2,13.0,17,17,23.0,24.0,8.0,10.0,7.0,7.0,9.0,9.3,8,11.0,18.0,18.0
HG03469,AFR,MSL,10.0,12,12.0,13.0,11.0,14.0,17,20,16.0,16.0,12,13,8.0,8.0,14,15,13.0,11.0,20.0,23.0,11.0,12.0,11.0,13.0,18.0,14.0,12.0,12.2,14,15,22.0,23.0,11.0,12.0,5.0,8.0,7.0,8.0,9,10.0,16.0,18.0
HG03470,AFR,MSL,9.0,12,15.0,17.0,14.0,14.0,23,19,17.0,17.0,12,12,8.0,11.0,13,15,14.0,15.0,15.0,17.0,11.0,12.0,10.0,13.0,12.0,16.0,13.0,15.2,16,16,22.0,26.0,8.0,10.0,8.0,11.0,7.0,7.0,9,11.0,15.0,16.0
HG03472,AFR,MSL,10.0,12,13.0,13.0,11.0,15.0,17,22,12.0,15.0,12,11,10.0,10.0,13,14,11.0,15.0,19.0,15.0,10.0,12.0,11.0,12.0,18.0,16.0,11.0,12.0,13,15,23.0,25.0,8.0,10.0,8.0,14.0,7.0,9.0,8,11.0,14.0,15.0
HG03473,AFR,MSL,13.0,12,14.0,18.3,12.0,11.0,22,24,14.0,15.0,10,8,9.0,12.0,13,14,12.0,14.0,15.0,18.0,11.0,11.0,12.0,13.0,15.0,20.0,14.0,15.2,11,12,22.0,22.0,7.0,9.0,5.0,8.0,7.0,7.0,11,11.0,18.0,20.0
HG03476,AFR,MSL,7.0,12,12.0,13.0,11.0,11.3,16,19,16.0,17.0,12,12,10.0,12.0,14,14,16.0,16.0,18.0,20.0,12.0,14.0,11.0,12.0,16.0,21.0,11.0,13.2,17,17,22.0,19.0,8.0,10.0,7.0,12.0,9.0,9.0,6,9.0,15.0,18.0
HG03478,AFR,MSL,10.0,12,12.0,16.0,12.0,11.0,16,19,16.0,17.0,13,12,11.0,12.0,15,16,13.0,15.0,18.0,20.0,12.0,12.0,11.0,11.0,13.0,17.0,11.0,12.2,10,15,22.0,24.0,13.0,12.0,5.0,7.0,7.0,6.0,8,10.0,16.0,20.0
HG03479,AFR,MSL,10.0,11,15.0,15.0,12.0,14.0,17,24,16.0,16.0,13,11,10.0,11.0,13,14,14.0,14.0,17.0,18.0,12.0,12.0,11.0,9.0,15.0,19.0,13.0,14.2,14,16,22.0,21.0,8.0,10.0,5.0,12.0,7.0,9.0,8,6.0,17.0,18.0
HG03484,AFR,MSL,8.0,12,14.0,14.0,11.0,11.3,16,20,16.0,17.0,12,8,9.0,11.0,13,15,14.0,15.0,18.0,23.0,11.0,11.0,11.0,9.0,11.0,17.0,13.0,13.0,17,16,25.0,26.0,8.0,10.0,7.0,8.0,7.0,6.0,8,9.0,16.0,16.0
HG03485,AFR,MSL,8.0,11,11.0,16.3,11.0,11.3,19,24,16.0,15.0,13,11,9.0,8.0,13,13,13.0,12.0,19.0,18.0,12.0,12.0,8.0,12.0,20.0,20.0,13.0,15.2,17,15,23.0,25.0,8.0,10.0,9.0,9.0,7.0,7.0,9,11.0,16.0,20.0
HG03547,AFR,MSL,11.0,12,14.0,15.0,11.3,12.0,16,18,15.0,17.0,12,12,10.0,8.0,14,16,13.0,15.0,18.0,18.0,12.0,14.0,11.0,9.0,10.0,17.0,14.0,15.2,17,11,22.0,21.0,8.0,10.0,5.0,8.0,8.0,9.0,8,11.0,15.0,19.0
HG03548,AFR,MSL,11.0,12,13.0,13.0,10.0,13.0,22,22,16.0,16.0,13,12,10.0,10.0,11,15,14.0,14.0,18.0,20.0,11.0,11.0,12.0,11.0,15.0,17.0,14.0,12.2,17,12,23.0,24.0,8.0,10.0,5.0,5.0,8.0,9.0,9,11.0,15.0,18.0
HG03556,AFR,MSL,11.0,12,14.0,18.3,10.0,11.0,24,25,15.0,16.0,13,13,12.0,12.0,13,14,13.0,14.0,18.0,21.0,11.0,12.0,11.0,12.0,16.0,17.0,12.0,14.2,10,15,20.0,25.0,5.0,8.0,9.0,9.0,6.0,10.0,8,9.0,14.0,20.0
HG03557,AFR,MSL,10.0,10,13.0,14.0,12.0,12.0,20,21,16.0,16.0,12,11,10.0,8.0,11,16,13.0,11.0,17.2,18.0,11.0,12.0,11.0,12.0,18.0,17.0,12.0,15.2,10,15,23.0,23.0,7.0,12.0,5.0,8.0,7.0,9.0,8,11.0,17.0,19.0
HG03558,AFR,MSL,11.0,12,15.0,15.0,11.0,11.0,23,21,16.0,15.0,13,11,10.0,8.0,13,15,13.0,15.0,18.0,22.0,12.0,13.0,11.0,9.0,18.0,15.0,13.2,15.2,14,15,27.0,27.0,13.0,8.0,11.0,11.0,7.0,9.0,10,11.0,16.0,16.0
HG03559,AFR,MSL,12.0,12,13.0,16.3,11.0,11.0,23,16,15.0,17.0,12,11,11.0,9.0,11,14,12.0,14.0,17.0,23.0,11.0,8.0,12.0,9.0,15.0,17.0,14.0,13.0,10,15,23.0,24.0,8.0,10.0,13.0,13.0,7.0,7.0,8,11.0,15.0,15.0
HG03563,AFR,MSL,10.0,10,13.0,17.3,12.0,11.0,19,24,15.0,16.0,12,12,11.0,12.0,11,14,14.0,14.0,16.0,19.0,9.0,12.0,12.0,13.0,18.0,20.0,12.0,13.0,17,12,23.0,23.0,10.0,12.0,13.0,13.0,8.0,8.0,10,11.0,14.0,15.0
HG03565,AFR,MSL,12.0,12,14.0,15.0,11.0,11.0,19,21,13.0,15.0,12,11,8.0,10.0,14,14,14.0,15.0,18.0,20.0,12.0,12.0,9.0,9.0,18.0,16.0,13.0,14.2,11,15,22.0,22.0,10.0,14.0,5.0,8.0,7.0,6.0,9,9.0,17.0,17.0
HG03567,AFR,MSL,12.0,12,14.0,16.3,12.0,11.0,18,20,16.0,17.0,12,11,8.0,10.0,14,14,12.0,12.0,16.0,17.0,12.0,12.0,11.0,9.0,14.0,19.0,13.0,13.0,17,15,19.0,27.0,8.0,10.0,8.0,8.0,7.0,10.0,8,11.0,14.0,18.0
HG03571,AFR,MSL,7.0,11,14.0,14.0,11.0,11.3,22,24,14.0,18.0,12,8,9.0,9.0,13,14,15.0,15.0,15.0,16.0,11.0,13.0,8.0,9.0,18.0,19.0,14.0,12.0,17,14,22.0,28.0,8.0,10.0,12.0,13.0,7.0,9.0,11,11.0,15.0,15.0
HG03572,AFR,MSL,8.0,11,13.0,15.0,12.0,11.0,25,25,12.0,14.0,13,10,9.0,12.0,14,15,13.0,14.0,16.0,18.0,13.0,14.0,13.0,9.0,17.0,19.0,14.0,14.2,17,15,24.0,25.0,8.0,8.0,8.0,8.0,9.0,9.0,11,11.0,18.0,18.0
HG03575,AFR,MSL,9.0,11,13.0,18.3,10.0,14.0,17,22,16.0,16.0,12,12,10.0,11.0,13,15,14.0,14.0,15.0,15.0,11.0,12.0,11.0,12.0,18.0,16.0,14.0,14.2,14,15,23.0,23.0,8.0,10.0,14.0,14.0,7.0,6.0,9,9.0,14.0,16.0
HG03577,AFR,MSL,10.0,12,17.3,15.3,11.0,15.0,21,21,16.0,16.0,11,11,10.0,8.0,12,14,13.0,14.0,17.0,18.0,12.0,15.0,9.0,13.0,17.0,19.0,12.0,13.0,12,18,24.0,29.0,8.0,9.0,5.0,8.0,8.0,9.0,6,11.0,16.0,16.0
HG03578,AFR,MSL,13.0,12,12.0,16.3,10.0,11.0,21,24,17.0,17.0,13,11,10.0,11.0,14,14,13.0,14.0,16.0,18.0,11.0,14.0,12.0,11.0,12.0,15.0,14.0,13.0,15,18,24.0,24.0,8.0,10.0,11.0,11.0,7.0,8.0,6,9.0,16.0,18.0
HG03583,AFR,MSL,11.0,12,14.0,14.0,14.0,14.0,15,17,14.0,15.0,12,11,13.0,8.0,14,14,13.0,11.0,18.0,20.0,11.0,13.0,12.0,10.0,14.0,17.0,12.0,13.0,17,15,22.0,24.0,8.0,10.0,9.0,9.0,9.0,9.0,9,11.0,17.0,17.0
NA18486,AFR,YRI,7.0,10,14.0,14.0,12.0,11.0,22,22,15.0,17.0,12,10,10.0,12.0,13,12,13.0,15.0,19.0,19.0,11.0,12.0,12.0,9.0,17.0,20.0,14.2,15.0,16,16,22.0,25.0,8.0,11.0,7.0,8.0,7.0,8.0,8,11.0,16.0,14.0
NA18488,AFR,YRI,8.0,11,17.0,14.0,12.0,14.0,17,16,14.0,15.0,12,11,8.0,11.0,14,16,13.0,16.0,20.0,21.0,12.0,12.0,11.0,12.0,18.0,15.0,12.0,12.0,17,15,23.0,23.0,8.0,11.0,11.0,13.0,7.0,8.0,6,9.0,15.0,18.0
NA18489,AFR,YRI,11.0,14,13.0,18.3,11.0,14.0,19,19,17.0,17.0,12,12,9.0,12.0,10,13,13.0,12.0,16.0,16.0,12.0,13.0,12.0,9.0,16.0,16.0,12.0,14.2,11,11,23.0,24.0,10.0,11.0,7.0,7.0,7.0,9.3,10,11.0,15.0,17.0
NA18498,AFR,YRI,11.0,12,16.0,17.3,14.0,14.0,21,22,16.0,16.0,14,13,10.0,11.0,14,16,13.0,14.0,18.0,18.0,12.0,12.0,9.0,12.0,12.0,19.0,14.0,15.2,17,15,24.0,25.0,6.0,8.0,12.0,13.0,8.0,8.0,7,11.0,14.0,16.0
NA18499,AFR,YRI,10.0,12,14.0,15.0,14.0,14.0,23,17,14.0,14.0,13,11,9.0,9.0,13,14,12.0,12.0,18.0,19.0,11.0,10.0,12.0,13.0,16.0,17.0,12.0,14.2,12,15,22.0,20.0,8.0,11.0,8.0,9.0,7.0,7.0,9,9.0,16.0,16.0
NA18501,AFR,YRI,9.0,11,11.0,14.3,11.3,14.0,23,22,16.0,17.0,12,8,9.0,11.0,10,14,15.0,17.0,17.0,20.0,11.0,13.0,10.0,11.0,15.0,16.0,15.0,15.2,17,20,19.0,26.0,10.0,9.0,12.0,15.0,7.0,7.0,9,10.0,16.0,18.0
NA18502,AFR,YRI,12.0,12,15.0,19.3,11.0,14.0,23,22,15.0,15.0,13,11,10.0,12.0,12,15,13.0,14.0,19.0,19.0,11.0,12.0,12.0,9.0,17.0,19.0,14.0,13.0,14,18,23.0,24.0,10.0,10.0,7.0,14.0,7.0,9.3,8,10.0,16.0,18.0
NA18504,AFR,YRI,11.0,12,14.0,16.3,12.0,11.0,23,24,16.0,17.0,12,11,8.0,10.0,13,12,12.0,17.0,17.0,20.0,11.0,12.0,13.0,9.0,16.0,21.0,12.0,13.0,17,16,18.2,23.0,13.0,13.0,8.0,8.0,8.0,9.0,9,11.0,15.0,19.0
NA18505,AFR,YRI,8.0,8,17.0,16.3,12.0,14.0,21,22,15.0,17.0,12,12,10.0,8.0,14,15,13.0,12.0,19.0,19.0,12.0,12.0,11.0,12.0,16.0,20.0,12.0,12.75,11,14,23.0,23.0,8.0,11.0,8.0,8.0,8.0,8.0,6,11.0,15.0,18.0
NA18507,AFR,YRI,12.0,12,10.0,14.0,11.0,14.0,21,22,17.0,18.0,13,12,10.0,10.0,14,14,12.0,16.0,18.0,21.0,12.0,12.0,12.0,11.0,15.0,17.0,13.0,13.0,17,17,23.0,23.0,8.0,5.0,8.0,9.0,7.0,8.0,10,11.0,15.0,19.0
NA18508,AFR,YRI,10.0,12,14.0,16.0,11.0,14.0,22,24,14.0,15.0,12,12,11.0,9.0,11,14,13.0,15.0,20.0,20.0,11.0,11.0,12.0,9.0,15.0,15.0,11.0,14.2,17,14,22.0,23.0,8.0,11.0,5.0,7.0,7.0,7.0,11,11.0,15.0,18.0
NA18510,AFR,YRI,9.0,11,14.0,15.0,13.0,14.0,21,22,16.0,17.0,12,10,8.0,8.0,14,16,13.0,13.0,17.0,18.0,11.0,12.0,12.0,12.0,17.0,17.0,12.2,15.0,17,16,21.0,24.0,8.0,9.0,8.0,8.0,9.0,9.0,8,8.0,19.0,19.0
NA18511,AFR,YRI,10.0,11,11.0,14.0,11.0,11.0,22,23,16.0,17.0,13,11,11.0,8.0,14,17,12.0,15.0,17.0,19.0,12.0,12.0,10.0,13.0,12.0,17.0,14.0,14.0,17,15,23.0,27.0,7.0,10.0,7.0,7.0,7.0,9.3,9,9.0,17.0,19.0
NA18516,AFR,YRI,10.0,12,12.0,15.0,14.0,14.0,16,22,16.0,15.0,13,11,10.0,8.0,13,11,13.0,13.0,17.0,22.0,11.0,12.0,12.0,12.0,16.0,16.0,12.0,12.2,11,15,20.0,25.0,7.0,8.0,10.0,12.0,7.0,9.0,10,11.0,16.0,17.0
NA18517,AFR,YRI,11.0,12,14.0,14.0,12.0,12.0,21,25,16.0,15.0,13,11,8.0,10.0,14,14,15.0,16.0,14.0,15.0,12.0,12.0,11.0,11.0,15.0,17.0,12.0,13.2,17,11,22.0,23.0,8.0,8.0,7.0,14.0,6.0,8.0,9,11.0,16.0,17.0
NA18519,AFR,YRI,11.0,12,14.0,15.0,11.0,11.0,23,25,15.0,16.0,13,12,9.0,8.0,12,14,13.0,14.0,17.0,18.0,11.0,11.0,9.0,13.0,11.0,17.0,11.0,15.0,10,16,23.0,26.0,8.0,11.0,8.0,8.0,7.0,6.0,9,11.0,15.0,16.0
NA18520,AFR,YRI,9.0,12,12.0,14.0,11.0,11.0,22,25,15.0,16.0,12,11,12.0,8.0,14,15,14.0,15.0,18.0,20.0,11.0,12.0,10.0,13.0,15.0,16.0,13.0,13.0,17,10,22.0,21.0,7.0,12.0,11.0,12.0,7.0,6.0,9,9.0,15.0,16.0
NA18522,AFR,YRI,13.0,10,13.0,14.0,14.0,14.0,19,21,14.0,17.0,13,13,11.0,11.0,13,15,13.0,12.0,18.0,20.0,11.0,12.0,13.0,13.0,15.0,17.0,13.0,15.2,15,16,23.0,25.0,6.0,11.0,7.0,7.0,7.0,7.0,8,11.0,16.0,17.0
NA18523,AFR,YRI,10.0,10,13.0,14.0,12.0,11.0,23,22,15.0,17.0,12,11,10.0,12.0,13,14,12.0,15.0,17.0,20.0,12.0,12.0,9.0,9.0,16.0,19.0,13.2,14.2,11,14,21.0,25.0,9.0,9.0,8.0,8.0,7.0,7.0,9,9.0,16.0,16.0
NA18853,AFR,YRI,11.0,11,16.0,16.0,11.0,13.0,19,24,16.0,15.0,12,12,9.0,11.0,11,11,12.0,15.0,20.0,21.0,13.0,13.0,10.0,10.0,17.0,19.0,11.2,13.0,12,14,19.2,20.0,8.0,11.0,7.0,7.0,7.0,6.0,8,11.0,16.0,17.0
NA18856,AFR,YRI,10.0,10,15.0,15.0,12.0,14.0,22,24,15.0,15.0,13,11,10.0,11.0,13,15,11.0,16.0,18.0,19.0,11.0,12.0,11.0,11.0,14.0,15.0,14.0,13.2,15,15,21.0,26.0,8.0,11.0,11.0,15.0,7.0,9.0,8,10.0,16.0,17.0
NA18858,AFR,YRI,10.0,10,14.0,14.0,11.0,14.0,19,22,16.0,16.0,12,8,11.0,11.0,13,14,14.0,14.0,18.0,19.0,12.0,13.0,9.0,10.0,15.0,16.0,14.0,14.2,17,11,23.0,23.0,7.0,9.0,8.0,13.0,7.0,6.0,8,9.0,18.0,18.0
NA18861,AFR,YRI,8.0,11,13.0,14.0,11.0,11.0,21,22,15.0,17.0,13,11,10.0,12.0,13,15,14.0,15.0,19.0,18.0,11.0,12.0,11.0,12.0,18.0,17.0,11.0,11.0,17,17,24.0,26.0,8.0,11.0,8.0,12.0,7.0,6.0,6,9.0,16.0,18.0
NA18864,AFR,YRI,11.0,11,17.0,13.0,11.0,14.0,21,25,14.0,15.0,10,8,8.0,8.0,14,15,14.0,16.0,18.0,19.0,11.0,12.0,10.0,10.0,15.0,17.0,12.0,13.0,12,15,20.0,23.0,8.0,11.0,8.0,12.0,7.0,9.0,8,9.0,15.0,15.0
NA18865,AFR,YRI,10.0,11,13.0,14.0,11.0,11.0,18,19,16.0,16.0,13,12,10.0,12.0,13,16,13.0,14.0,19.0,20.0,12.0,12.0,9.0,12.0,12.0,15.0,12.2,15.0,17,11,24.0,27.0,8.0,11.0,5.0,7.0,5.0,8.0,8,10.0,15.0,16.0
NA18867,AFR,YRI,11.0,12,12.0,16.0,14.0,14.0,23,16,16.0,17.0,14,12,11.0,11.0,12,16,13.0,14.0,17.0,21.0,11.0,12.0,12.0,12.0,12.0,12.0,13.0,13.2,17,11,19.0,23.0,13.0,8.0,8.0,8.0,9.0,9.0,9,9.0,15.0,17.0
NA18868,AFR,YRI,7.0,8,14.0,14.0,14.0,15.0,19,22,17.0,17.0,12,13,10.0,11.0,14,14,13.0,11.0,19.0,17.0,11.0,13.0,11.0,13.0,15.0,16.0,12.0,12.2,15,16,22.0,23.0,11.0,11.0,8.0,13.0,7.0,9.0,8,8.0,17.0,14.0
NA18870,AFR,YRI,11.0,12,14.0,15.0,11.0,14.0,17,19,15.0,17.0,13,8,10.0,12.0,11,14,14.0,15.0,15.0,19.0,11.0,13.0,11.0,12.0,18.0,13.2,13.0,15.2,17,16,22.0,24.0,8.0,5.0,7.0,8.0,6.0,9.0,8,11.0,13.0,16.0
NA18871,AFR,YRI,11.0,12,14.0,16.3,11.3,14.0,16,23,15.0,15.0,14,11,10.0,10.0,14,14,13.0,13.0,18.0,19.0,11.0,10.0,12.0,9.0,15.0,17.0,11.0,12.0,14,18,24.0,25.0,9.0,11.0,7.0,8.0,7.0,9.0,8,11.0,15.0,16.0
NA18873,AFR,YRI,10.0,12,10.0,16.0,11.0,14.0,17,17,16.0,16.0,11,12,10.0,10.0,13,14,15.0,16.0,18.0,20.0,11.0,12.0,9.0,13.0,15.0,19.0,12.0,13.2,12,18,19.0,20.0,8.0,11.0,7.0,12.0,7.0,7.0,8,11.0,15.0,16.0
NA18874,AFR,YRI,13.0,10,16.0,16.0,12.0,11.0,19,21,16.0,17.0,12,12,9.0,10.0,13,12,13.0,14.0,17.0,20.0,12.0,13.0,11.0,10.0,15.0,16.0,11.0,13.0,17,15,22.0,21.0,8.0,11.0,8.0,8.0,6.0,9.0,8,10.0,14.0,18.0
NA18876,AFR,YRI,10.0,10,14.0,16.0,14.0,14.0,17,21,16.0,17.0,13,9,10.0,11.0,15,15,15.0,15.0,16.0,18.0,12.0,13.0,11.0,9.0,12.0,16.0,12.0,13.0,17,14,22.0,21.2,9.0,11.0,8.0,8.0,6.0,6.0,9,11.0,15.0,18.0
NA18877,AFR,YRI,7.0,12,14.0,16.0,12.0,11.3,17,19,16.0,17.0,11,13,8.0,11.0,14,14,12.0,17.0,17.0,19.0,12.0,12.0,13.0,13.0,18.0,15.0,12.0,13.0,17,11,21.0,24.0,9.0,10.0,8.0,8.0,7.0,7.0,8,9.0,15.0,16.0
NA18878,AFR,YRI,10.0,10,14.0,14.0,11.0,14.0,16,21,15.0,16.0,12,11,10.0,11.0,12,16,13.0,14.0,17.0,24.0,12.0,13.0,10.0,9.0,16.0,17.0,14.0,14.2,17,11,18.2,25.0,8.0,11.0,5.0,5.0,7.0,6.0,9,11.0,15.0,18.0
NA18879,AFR,YRI,11.0,12,12.0,14.0,11.0,15.0,24,26,15.0,17.0,12,11,9.0,11.0,14,17,14.0,16.0,18.0,18.0,11.0,14.0,11.0,9.0,18.0,17.0,14.0,12.0,11,11,22.0,23.0,11.0,11.0,8.0,14.0,9.3,9.3,9,9.0,17.0,18.0
NA18881,AFR,YRI,11.0,12,11.0,13.0,11.0,14.0,19,22,16.0,16.2,12,11,13.0,10.0,13,14,14.0,14.0,19.0,20.0,12.0,12.0,11.0,11.0,14.0,19.0,12.2,14.0,17,16,22.0,27.0,5.0,11.0,5.0,14.0,9.0,9.0,9,9.0,17.0,18.0
NA18907,AFR,YRI,8.0,11,10.0,13.0,11.0,11.0,23,22,14.0,17.0,12,11,10.0,8.0,14,14,11.0,12.0,18.0,20.0,12.0,12.0,12.0,12.0,16.0,19.0,13.2,13.2,11,18,23.0,25.0,8.0,12.0,11.0,12.0,7.0,7.0,7,12.0,16.0,20.0
NA18908,AFR,YRI,11.0,12,14.0,15.0,12.0,15.0,20,27,16.0,15.0,12,8,9.0,10.0,12,14,14.0,15.0,18.0,21.0,11.0,10.0,11.0,12.0,18.0,16.0,14.0,14.0,16,16,23.0,26.0,11.0,11.0,9.0,9.0,7.0,9.0,11,11.0,15.0,15.0
NA18909,AFR,YRI,11.0,11,15.0,16.0,11.0,11.0,17,26,17.0,17.0,13,12,8.0,10.0,15,16,14.0,15.0,17.0,19.0,11.0,12.0,12.0,9.0,18.0,19.0,14.0,14.0,17,16,23.0,25.0,13.0,12.0,5.0,5.0,8.0,9.0,8,11.0,15.0,14.0
NA18910,AFR,YRI,10.0,10,14.0,14.0,12.0,11.0,17,25,15.0,18.0,13,11,9.0,8.0,13,15,12.0,15.0,18.0,19.0,12.0,12.0,11.0,9.0,16.0,19.0,13.0,13.0,17,16,25.0,25.0,9.0,10.0,13.0,13.0,7.0,8.0,10,11.0,16.0,17.0
NA18912,AFR,YRI,10.0,12,12.0,13.0,11.0,15.0,19,25,15.0,17.0,12,12,10.0,10.0,11,15,11.0,14.0,19.0,18.0,11.0,13.0,9.0,9.0,14.0,17.0,14.0,11.0,17,11,19.0,26.0,8.0,11.0,10.0,12.0,7.0,8.0,9,10.0,17.0,18.0
NA18915,AFR,YRI,13.0,10,14.0,14.0,12.0,11.0,23,17,16.0,16.0,12,12,10.0,10.0,11,15,13.0,17.0,18.0,19.0,12.0,12.0,12.0,12.0,12.0,19.0,14.0,12.0,17,17,22.0,18.2,8.0,9.0,8.0,14.0,7.0,7.0,9,10.0,15.0,15.0
NA18916,AFR,YRI,10.0,11,15.0,16.3,11.0,14.0,14,21,16.0,15.0,12,8,13.0,12.0,11,13,10.0,12.0,17.0,18.0,11.0,9.0,10.0,9.0,18.0,19.0,14.0,15.2,11,15,19.2,24.0,10.0,11.0,8.0,8.0,6.0,8.0,8,10.0,15.0,15.0
NA18917,AFR,YRI,10.0,11,15.0,15.0,12.0,11.3,23,16,14.0,15.0,13,13,8.0,10.0,14,14,13.0,13.0,18.0,18.0,11.0,12.0,9.0,12.0,16.0,17.0,14.0,11.0,17,14,23.0,23.0,13.0,5.0,9.0,11.0,6.0,6.0,8,9.0,15.0,18.0
NA18923,AFR,YRI,8.0,9,14.0,16.0,11.0,13.0,20,21,15.0,17.0,12,11,10.0,12.0,15,15,14.0,15.0,19.0,19.2,11.0,12.0,12.0,9.0,16.0,16.0,11.0,13.0,17,10,22.0,23.0,8.0,11.0,8.0,9.0,7.0,9.0,9,10.0,15.0,17.0
NA18924,AFR,YRI,8.0,9,14.0,14.0,12.0,11.0,16,22,15.0,18.0,13,13,8.0,8.0,12,15,14.0,14.0,15.0,18.0,11.0,12.0,13.0,9.0,15.0,21.0,12.0,13.0,17,14,21.0,24.0,8.0,11.0,8.0,8.0,7.0,8.0,8,12.0,15.0,15.0
NA18933,AFR,YRI,12.0,12,14.0,14.0,12.0,11.3,23,19,16.0,16.0,12,11,12.0,12.0,12,14,13.0,13.0,15.0,17.0,11.0,12.0,9.0,9.0,15.0,17.0,13.0,13.2,16,18,23.0,23.0,8.0,11.0,7.0,8.0,7.0,7.0,9,10.0,16.0,19.0
NA18934,AFR,YRI,13.0,8,15.0,16.0,11.0,14.0,22,22,13.0,15.2,12,11,10.0,11.0,14,14,13.0,14.0,19.0,19.0,12.0,12.0,13.0,11.0,17.0,17.0,13.0,13.0,14,16,21.0,26.0,5.0,10.0,7.0,8.0,7.0,8.0,8,8.0,16.0,18.0
NA19092,AFR,YRI,13.0,11,13.0,15.0,14.0,14.0,19,24,16.0,18.0,12,12,10.0,11.0,12,12,13.0,12.0,16.0,19.0,12.0,12.0,11.0,13.0,15.0,17.0,13.0,13.0,10,16,23.0,24.0,5.0,10.0,5.0,8.0,6.0,9.3,8,8.0,15.0,22.0
NA19093,AFR,YRI,8.0,12,13.0,14.0,12.0,11.0,21,25,16.0,17.0,12,12,10.0,11.0,14,16,13.0,14.0,17.0,17.0,12.0,12.0,11.0,9.0,18.0,21.0,13.2,14.2,15,18,24.0,25.0,8.0,9.0,8.0,13.0,8.0,9.3,6,9.0,18.0,19.0
NA19095,AFR,YRI,8.0,10,16.0,16.0,12.0,11.0,18,19,16.0,15.0,12,12,8.0,11.0,11,14,13.0,15.0,19.0,19.0,12.0,13.0,11.0,9.0,16.0,20.0,14.0,13.0,14,15,19.0,21.0,5.0,9.0,15.0,15.0,9.0,9.0,8,9.0,16.0,17.0
NA19096,AFR,YRI,10.0,10,14.0,14.0,11.3,14.0,19,21,16.0,18.0,13,12,11.0,12.0,13,15,14.0,15.0,18.0,20.0,12.0,13.0,10.0,12.0,17.0,19.0,14.0,16.2,14,16,23.0,27.0,8.0,9.0,8.0,8.0,7.0,7.0,8,9.0,16.0,17.0
NA19098,AFR,YRI,13.0,12,13.0,15.0,14.0,14.0,24,24,15.0,16.0,12,11,10.0,8.0,13,14,13.0,14.0,19.0,20.0,12.0,13.0,11.0,8.0,12.0,20.0,12.0,13.0,15,15,20.0,21.0,8.0,11.0,5.0,7.0,7.0,7.0,6,11.0,14.0,15.0
NA19099,AFR,YRI,10.0,10,14.0,15.0,11.0,14.0,16,25,16.0,15.0,13,11,10.0,8.0,13,14,12.0,15.0,18.0,23.0,11.0,14.0,11.0,9.0,13.0,19.0,11.0,13.0,17,17,22.0,23.0,8.0,12.0,12.0,13.0,7.0,6.0,8,8.0,16.0,16.0
NA19102,AFR,YRI,13.0,10,13.0,13.0,11.0,11.0,21,21,15.0,18.0,13,13,8.0,10.0,14,14,13.0,14.0,17.0,17.0,11.0,12.0,11.0,12.0,18.0,15.0,14.0,13.0,16,16,22.0,23.0,13.0,8.0,8.0,14.0,6.0,8.0,8,11.0,17.0,18.0
NA19107,AFR,YRI,11.0,12,14.0,18.3,11.0,11.3,23,25,16.0,12.0,13,13,10.0,12.0,13,12,12.0,16.0,18.0,18.2,11.0,13.0,10.0,12.0,14.0,15.0,13.2,16.2,10,14,24.0,24.0,8.0,5.0,5.0,7.0,6.0,9.0,9,9.0,15.0,16.0
NA19108,AFR,YRI,11.0,12,13.0,13.0,12.0,11.0,19,23,16.0,14.0,13,10,10.0,10.0,13,14,12.0,12.0,19.0,20.0,12.0,13.0,8.0,12.0,15.0,13.0,13.0,13.0,17,16,21.0,23.0,13.0,10.0,5.0,5.0,7.0,7.0,9,11.0,15.0,17.0
NA19113,AFR,YRI,10.0,11,13.0,18.3,14.0,14.0,22,22,14.0,15.0,12,12,10.0,12.0,14,15,12.0,14.0,16.0,17.0,12.0,12.0,11.0,9.0,18.0,16.0,14.0,14.2,17,15,22.0,21.0,13.0,9.0,12.0,15.0,7.0,8.0,8,11.0,17.0,18.0
NA19114,AFR,YRI,11.0,11,11.0,16.3,11.0,14.0,19,20,15.0,17.0,12,8,10.0,11.0,14,15,13.0,14.0,17.2,22.0,11.0,12.0,11.0,9.0,20.0,20.0,14.0,15.2,17,10,22.0,25.0,7.0,10.0,8.0,12.0,7.0,9.0,8,10.0,16.0,17.0
NA19116,AFR,YRI,10.0,11,14.0,14.0,10.0,13.0,19,24,16.0,15.0,12,11,11.0,11.0,14,15,12.0,14.0,19.0,20.0,12.0,14.0,9.0,9.0,13.2,15.0,13.0,13.0,17,12,22.0,23.0,8.0,11.0,8.0,12.0,7.0,8.0,9,11.0,16.0,19.0
NA19117,AFR,YRI,11.0,12,16.3,16.3,11.0,14.0,21,24,14.0,17.0,13,13,10.0,8.0,14,15,12.0,15.0,16.0,18.0,11.0,12.0,12.0,13.0,16.0,20.0,14.0,13.2,11,12,23.0,23.0,8.0,11.0,8.0,8.0,7.0,9.0,8,8.0,16.0,16.0
NA19118,AFR,YRI,8.0,12,11.0,14.0,10.0,14.0,21,21,15.0,15.0,11,12,10.0,11.0,13,14,13.0,16.0,20.0,21.0,11.0,12.0,11.0,13.0,15.0,17.0,14.0,14.2,15,16,22.0,26.0,13.0,12.0,8.0,11.0,7.0,7.0,8,12.0,15.0,18.0
NA19119,AFR,YRI,7.0,10,14.0,16.0,11.0,11.0,19,22,16.0,18.0,13,12,10.0,12.0,11,14,13.0,13.0,19.0,15.0,11.0,12.0,8.0,12.0,18.0,19.0,14.0,13.2,11,16,22.0,21.0,12.0,12.0,8.0,12.0,7.0,6.0,9,9.0,14.5,19.0
NA19121,AFR,YRI,7.0,11,15.0,15.0,14.0,14.0,19,22,14.0,15.0,11,10,8.0,10.0,14,15,13.0,15.0,20.2,21.0,12.0,13.0,13.0,10.0,17.0,20.0,12.0,15.0,17,15,21.0,24.0,8.0,11.0,9.0,13.0,9.0,9.0,8,8.0,15.0,16.0
NA19129,AFR,YRI,10.0,11,14.0,15.0,11.0,14.0,19,22,16.0,17.0,13,11,8.0,12.0,12,16,13.0,14.0,18.0,18.0,11.0,11.0,11.0,12.0,15.0,16.0,11.0,16.2,17,14,22.0,22.0,8.0,10.0,8.0,13.0,7.0,6.0,8,10.0,16.0,17.0
NA19130,AFR,YRI,8.0,12,14.0,14.0,12.0,14.0,21,22,14.0,17.0,11,11,10.0,12.0,12,14,14.0,15.0,17.0,21.0,12.0,12.0,11.0,10.0,11.0,16.0,13.0,15.2,16,16,21.0,25.0,7.0,9.0,5.0,8.0,6.0,8.0,8,9.0,15.0,16.0
NA19131,AFR,YRI,10.0,11,14.0,16.0,11.0,11.0,20,20,15.0,15.0,13,10,10.0,11.0,13,14,13.0,14.0,17.0,20.0,11.0,12.0,11.0,10.0,16.0,17.0,13.0,13.2,15,18,19.0,24.0,5.0,10.0,5.0,11.0,7.0,8.0,6,11.0,15.0,19.0
NA19137,AFR,YRI,10.0,12,11.0,15.0,12.0,11.0,23,23,15.0,15.0,13,11,10.0,10.0,13,14,14.0,16.0,17.2,18.0,11.0,12.0,9.0,11.0,16.0,19.0,14.2,15.0,11,15,22.0,23.0,8.0,11.0,5.0,5.0,7.0,9.0,11,11.0,15.0,17.0
NA19138,AFR,YRI,11.0,12,15.0,16.0,11.0,12.0,19,21,15.0,15.0,13,13,8.0,11.0,14,14,14.0,16.0,17.0,17.0,12.0,14.0,9.0,9.0,15.0,19.0,14.0,14.0,15,15,23.0,24.0,8.0,11.0,11.0,13.0,8.0,9.3,8,11.0,15.0,16.0
NA19141,AFR,YRI,8.0,11,14.0,14.0,12.0,14.0,17,21,16.0,16.0,13,12,8.0,10.0,15,15,13.0,11.0,17.0,18.0,11.0,10.0,12.0,9.0,18.0,21.0,13.0,13.0,17,15,22.0,24.0,13.0,12.0,8.0,12.0,7.0,8.0,8,11.0,16.0,17.0
NA19143,AFR,YRI,10.0,12,14.0,15.0,12.0,14.0,23,24,14.0,17.0,13,8,6.0,11.0,15,15,12.0,14.0,17.0,18.0,12.0,13.0,8.0,12.0,17.0,20.0,14.0,12.0,15,16,22.0,21.0,9.0,11.0,7.0,8.0,6.0,9.0,8,10.0,11.0,16.0
NA19144,AFR,YRI,12.0,12,18.3,16.3,12.0,14.0,22,22,13.0,14.0,13,11,11.0,11.0,13,14,13.0,14.0,15.0,18.0,11.0,12.0,9.0,13.0,15.0,16.0,13.2,15.2,14,15,19.0,23.0,6.0,8.0,9.0,9.0,7.0,9.0,9,9.0,15.0,17.0
NA19146,AFR,YRI,10.0,11,11.0,14.0,11.0,14.0,19,21,16.0,17.0,12,12,11.0,12.0,12,14,13.0,11.0,19.0,23.0,12.0,13.0,11.0,13.0,15.0,16.0,14.0,17.2,17,16,22.0,20.0,12.0,13.0,8.0,13.0,7.0,7.0,8,9.0,16.0,18.0
NA19147,AFR,YRI,11.0,11,15.0,15.0,11.0,14.0,19,24,14.0,17.0,13,11,8.0,11.0,15,16,13.0,12.0,16.0,18.0,12.0,12.0,11.0,13.0,14.0,15.0,14.0,12.0,14,15,24.0,24.0,8.0,11.0,7.0,8.0,9.0,9.0,8,9.0,15.0,20.0
NA19149,AFR,YRI,12.0,12,14.0,16.0,12.0,10.0,19,21,16.0,14.0,12,12,10.0,11.0,14,15,13.0,16.0,16.0,19.0,12.0,12.0,13.0,10.0,14.0,17.0,14.0,13.0,15,15,22.0,20.0,8.0,11.0,14.0,13.0,7.0,9.3,8,10.0,16.0,17.0
NA19152,AFR,YRI,10.0,10,13.0,16.0,11.0,14.0,23,22,15.0,15.0,12,12,13.0,12.0,13,13,10.0,14.0,17.0,18.0,12.0,14.0,12.0,9.0,19.0,19.0,13.0,16.2,10,15,24.0,25.0,8.0,8.0,10.0,13.0,7.0,8.0,9,12.0,15.0,19.0
NA19153,AFR,YRI,9.0,12,14.0,15.0,12.0,14.0,21,21,16.0,17.0,13,12,11.0,11.0,14,14,14.0,16.0,15.0,20.0,12.0,13.0,10.0,9.0,12.0,13.0,14.0,13.0,17,16,22.0,24.0,13.0,12.0,9.0,9.0,7.0,7.0,8,11.0,15.0,19.0
NA19159,AFR,YRI,9.0,12,11.0,16.0,12.0,14.0,17,23,15.0,15.0,12,11,10.0,10.0,14,14,13.0,14.0,17.0,20.0,11.0,11.0,13.0,11.0,18.0,21.0,12.0,14.2,11,12,24.0,27.0,11.0,12.0,5.0,7.0,7.0,8.0,8,8.0,17.0,18.0
NA19160,AFR,YRI,9.0,12,13.0,13.0,11.0,11.0,19,22,13.0,15.0,13,12,10.0,10.0,13,17,13.0,11.0,19.0,19.0,12.0,12.0,11.0,8.0,15.0,21.0,11.0,13.0,11,15,23.0,23.0,13.0,9.0,8.0,11.0,7.0,7.0,9,11.0,16.0,17.0
NA19171,AFR,YRI,13.0,12,13.0,15.0,11.0,14.0,23,24,15.0,17.0,11,12,8.0,10.0,12,14,13.0,12.0,17.0,18.0,11.0,11.0,11.0,10.0,16.0,21.0,13.0,15.0,17,17,18.2,23.0,8.0,12.0,9.0,9.0,7.0,9.0,9,9.0,13.0,17.0
NA19172,AFR,YRI,10.0,12,13.0,16.3,11.0,11.0,20,22,15.0,17.0,12,12,12.0,8.0,10,14,11.0,12.0,19.0,19.0,11.0,12.0,14.0,10.0,18.0,16.0,10.0,15.0,10,11,19.0,25.0,10.0,11.0,8.0,8.0,7.0,7.0,8,9.0,14.0,17.0
NA19175,AFR,YRI,13.0,10,11.0,16.0,12.0,11.3,19,22,16.0,17.0,12,11,8.0,12.0,13,15,14.0,15.0,18.0,24.0,11.0,13.0,11.0,9.0,17.0,17.0,13.0,15.0,11,11,21.0,23.0,8.0,8.0,12.0,12.0,9.0,9.0,7,9.0,15.0,16.0
NA19184,AFR,YRI,10.0,11,16.3,16.3,12.0,14.0,22,22,16.0,16.0,8,11,10.0,11.0,14,14,13.0,13.0,17.0,17.0,9.0,12.0,11.0,12.0,12.0,16.0,14.0,14.0,16,16,22.0,21.0,8.0,11.0,8.0,11.0,7.0,9.0,8,10.0,16.0,17.0
NA19185,AFR,YRI,11.0,12,11.0,16.3,11.0,12.0,19,21,15.0,15.0,13,11,10.0,11.0,13,15,12.0,14.0,17.0,17.0,12.0,13.0,11.0,11.0,13.0,16.0,12.0,13.0,10,15,19.0,21.0,10.0,11.0,10.0,10.0,9.0,9.3,9,11.0,17.0,14.0
NA19189,AFR,YRI,10.0,10,15.0,16.3,11.0,14.0,23,22,15.0,15.0,12,8,9.0,12.0,10,14,13.0,15.0,20.0,20.2,12.0,13.0,9.0,11.0,10.2,17.0,11.0,13.0,17,15,23.0,26.0,8.0,11.0,7.0,8.0,8.0,8.0,9,9.0,18.0,21.0
NA19190,AFR,YRI,12.0,12,15.0,16.0,11.0,14.0,19,24,15.0,15.0,12,12,13.0,8.0,14,15,12.0,15.0,19.0,18.0,12.0,12.0,12.0,11.0,18.0,16.0,12.0,13.0,17,17,22.0,21.0,13.0,10.0,9.0,9.0,7.0,7.0,9,10.0,15.0,19.0
NA19197,AFR,YRI,8.0,10,13.0,13.0,12.0,14.0,23,21,15.0,15.0,8,11,10.0,11.0,14,14,13.0,11.0,19.2,21.0,12.0,13.0,10.0,10.0,13.0,14.0,11.0,13.0,11,16,23.0,24.0,8.0,9.0,13.0,13.0,6.0,9.0,8,8.0,15.0,17.0
NA19198,AFR,YRI,10.0,11,16.0,16.3,11.0,14.0,15,19,15.0,15.0,13,11,10.0,9.0,13,14,13.0,12.0,15.0,16.0,12.0,12.0,11.0,10.0,12.0,15.0,14.0,15.2,17,15,22.0,22.0,13.0,8.0,7.0,7.0,6.0,9.0,9,9.0,15.0,15.0
NA19200,AFR,YRI,8.0,14,13.0,14.0,12.0,14.0,19,22,14.0,15.0,12,11,11.0,8.0,15,15,13.0,12.0,17.0,19.0,12.0,12.0,11.0,12.0,11.0,19.0,13.0,13.0,11,16,18.2,27.0,9.0,15.0,14.0,15.0,7.0,8.0,10,11.0,14.0,14.0
NA19201,AFR,YRI,10.0,12,13.0,15.0,12.0,14.0,17,21,15.0,17.0,12,13,10.0,11.0,13,14,12.0,15.0,15.0,19.0,11.0,13.0,13.0,9.0,13.0,19.0,14.0,9.0,15,15,18.2,21.0,8.0,11.0,8.0,8.0,6.0,8.0,8,11.0,15.0,17.0
NA19204,AFR,YRI,11.0,12,16.0,17.3,13.0,14.0,22,24,16.0,17.0,13,13,10.0,10.0,14,15,13.0,13.0,19.0,18.0,11.0,11.0,11.0,9.0,16.0,16.3,13.0,13.2,14,15,22.0,23.0,5.0,8.0,9.0,12.0,7.0,8.0,8,9.0,16.0,19.0
NA19206,AFR,YRI,10.0,11,16.0,18.3,12.0,11.0,17,22,15.0,17.0,8,8,8.0,8.0,13,14,14.0,15.0,16.0,18.0,11.0,12.0,11.0,10.0,18.0,19.0,14.0,15.2,17,11,23.0,23.0,8.0,11.0,8.0,8.0,8.0,8.0,10,12.0,18.0,18.0
NA19207,AFR,YRI,7.0,12,13.0,14.0,12.0,14.0,18,19,15.0,17.0,12,8,8.0,11.0,13,12,13.0,11.0,19.0,20.0,11.0,12.0,12.0,9.0,15.0,17.0,10.0,15.2,11,18,21.0,23.0,9.0,10.0,5.0,8.0,6.0,8.0,9,9.0,15.0,16.0
NA19209,AFR,YRI,11.0,12,17.3,16.3,14.0,14.0,17,24,14.0,17.0,12,11,11.0,9.0,16,16,15.0,15.0,21.0,21.0,11.0,14.0,8.0,11.0,18.0,13.0,12.0,13.0,17,12,24.0,25.0,8.0,11.0,8.0,9.0,7.0,9.3,8,8.0,16.0,13.0
NA19210,AFR,YRI,8.0,11,11.0,14.0,12.0,14.0,16,24,15.0,17.0,13,11,11.0,12.0,15,17,14.0,16.0,19.0,19.0,13.0,13.0,11.0,12.0,15.0,19.0,11.0,13.0,15,15,22.0,22.0,8.0,11.0,7.0,8.0,7.0,7.0,8,9.0,15.0,18.0
NA19213,AFR,YRI,12.0,12,14.0,18.3,12.0,11.0,23,23,16.0,18.0,13,11,10.0,11.0,11,14,15.0,16.0,15.0,18.0,14.0,15.0,11.0,9.0,13.0,19.0,14.0,13.0,17,15,23.0,24.0,12.0,12.0,10.0,11.0,6.0,8.0,8,8.0,12.0,15.0
NA19214,AFR,YRI,12.0,12,14.0,14.0,10.0,11.0,22,22,17.0,17.0,14,12,10.0,11.0,12,14,12.0,15.0,19.0,19.0,11.0,13.0,12.0,9.0,17.0,19.0,12.0,15.2,10,14,22.0,25.0,8.0,11.0,9.0,13.0,7.0,6.0,7,11.0,17.0,19.0
NA19222,AFR,YRI,12.0,12,11.0,15.0,11.0,14.0,19,20,15.0,17.0,13,12,10.0,8.0,13,14,11.0,15.0,16.0,17.0,11.0,13.0,11.0,12.0,19.0,20.0,14.0,11.0,14,15,22.0,24.0,10.0,11.0,8.0,8.0,7.0,8.0,8,11.0,18.0,19.0
NA19223,AFR,YRI,7.0,12,13.0,16.3,10.0,11.0,16,16,16.0,15.0,12,8,10.0,11.0,13,13,13.0,12.0,15.0,20.0,8.0,12.0,10.0,12.0,18.0,15.0,14.0,14.2,17,17,23.0,27.0,5.0,8.0,10.0,12.0,6.0,6.0,8,11.0,13.0,17.0
NA19225,AFR,YRI,7.0,11,13.0,16.3,11.0,11.3,21,22,16.0,17.0,13,12,10.0,12.0,11,15,12.0,15.0,18.0,19.0,11.0,12.0,13.0,9.0,19.0,19.0,14.0,13.0,11,15,23.0,28.0,8.0,11.0,12.0,12.0,7.0,8.0,8,10.0,16.0,17.0
NA19235,AFR,YRI,8.0,12,17.3,15.3,10.0,11.0,16,22,16.0,16.0,11,8,10.0,11.0,13,14,13.0,16.0,16.0,21.0,12.0,13.0,11.0,10.0,18.0,24.0,11.0,13.0,15,15,24.0,19.0,8.0,11.0,8.0,14.0,7.0,5.0,9,11.0,16.0,18.0
NA19236,AFR,YRI,7.0,12,13.0,16.0,12.0,14.0,25,25,16.0,17.0,13,12,10.0,8.0,13,14,13.0,12.0,18.0,21.0,11.0,11.0,13.0,9.0,16.0,17.0,11.0,11.0,15,18,23.0,25.0,12.0,10.0,8.0,13.0,7.0,7.0,8,11.0,16.0,19.0
NA19238,AFR,YRI,8.0,12,12.0,14.0,11.0,14.0,17,22,16.0,15.0,13,10,10.0,10.0,12,14,14.0,14.0,17.0,18.0,12.0,15.0,9.0,13.0,16.0,21.0,14.0,17.2,17,17,23.0,24.0,13.0,13.0,8.0,11.0,7.0,8.0,6,9.0,15.0,20.0
NA19239,AFR,YRI,8.0,12,12.0,17.3,11.0,12.0,18,21,16.0,15.0,12,14,10.0,12.0,13,14,13.0,13.0,17.0,21.0,13.0,13.0,12.0,12.0,14.0,15.0,12.0,12.0,14,15,23.0,23.0,10.0,11.0,7.0,7.0,7.0,8.0,9,12.0,15.0,16.0
NA19247,AFR,YRI,11.0,12,14.0,15.0,10.0,11.0,19,22,15.0,18.0,12,8,10.0,9.0,14,15,13.0,14.0,18.0,19.2,12.0,13.0,12.0,12.0,15.0,17.0,13.0,13.2,10,10,20.0,25.0,11.0,12.0,8.0,8.0,6.0,8.0,8,9.0,13.0,14.0
NA19248,AFR,YRI,10.0,12,15.0,16.0,11.0,13.0,22,24,15.0,15.0,13,8,12.0,12.0,13,14,14.0,15.0,19.0,19.0,12.0,14.0,11.0,12.0,19.0,20.0,14.0,13.0,17,15,22.0,22.0,5.0,9.0,8.0,9.0,7.0,8.0,9,9.0,18.0,19.0
NA19256,AFR,YRI,11.0,11,11.0,13.0,12.0,12.0,22,22,15.0,18.0,16,11,10.0,11.0,13,14,14.0,15.0,19.0,21.0,12.0,12.0,11.0,11.0,16.0,17.0,13.0,13.0,17,17,23.0,24.0,8.0,11.0,9.0,12.0,7.0,7.0,8,11.0,16.0,18.0
NA19257,AFR,YRI,8.0,12,10.0,15.0,12.0,11.0,17,17,14.0,15.0,13,13,11.0,9.0,14,15,13.0,13.0,15.0,17.0,12.0,13.0,12.0,13.0,16.0,19.0,14.0,13.0,11,15,22.0,23.0,8.0,9.0,8.0,8.0,7.0,6.0,10,10.0,16.0,18.0
HG01879,AMR,ACB,9.0,11,10.0,13.0,11.0,11.0,23,19,17.0,18.0,13,13,11.0,11.0,12,15,10.0,12.0,17.0,17.0,12.0,12.0,11.0,12.0,18.0,17.0,13.0,13.2,17,16,24.0,26.0,11.0,11.0,7.0,13.0,7.0,9.0,8,9.0,16.0,17.0
HG01880,AMR,ACB,11.0,12,17.0,13.0,11.0,14.0,21,25,17.0,18.0,9,8,10.0,11.0,13,14,14.0,15.0,17.0,19.0,12.0,14.0,13.0,15.0,12.0,16.0,14.0,14.0,17,15,22.0,26.0,13.0,11.0,8.0,11.0,7.0,8.0,9,11.0,15.0,16.0
HG01882,AMR,ACB,9.0,12,13.0,14.0,11.0,13.0,22,22,16.0,18.0,8,11,11.0,11.0,14,15,13.0,12.0,18.0,20.0,12.0,13.0,13.0,13.0,21.0,22.0,14.0,13.0,17,15,25.0,27.0,10.0,11.0,8.0,12.0,7.0,9.3,9,11.0,14.0,18.0
HG01883,AMR,ACB,10.0,12,16.0,16.3,12.0,14.0,19,20,15.0,17.0,12,8,9.0,10.0,14,15,15.0,16.0,15.0,18.0,11.0,12.0,8.0,12.0,15.0,20.0,14.0,13.2,14,16,23.0,28.0,12.0,12.0,9.0,12.0,7.0,7.0,9,11.0,15.0,19.0
HG01885,AMR,ACB,8.0,8,13.0,13.0,10.0,14.0,20,22,16.0,15.0,13,12,10.0,9.0,15,16,13.0,14.0,18.0,19.0,11.0,12.0,12.0,9.0,13.0,15.0,13.0,13.0,17,12,19.0,25.0,5.0,7.0,8.0,13.0,8.0,8.0,8,9.0,16.0,18.0
HG01886,AMR,ACB,10.0,11,15.0,17.3,11.0,13.0,20,25,14.0,18.0,12,13,10.0,11.0,14,14,13.0,14.0,18.0,19.0,11.0,14.0,11.0,12.0,17.0,17.0,14.0,13.0,15,16,19.2,23.0,8.0,9.0,8.0,9.0,7.0,8.0,8,6.0,16.0,17.0
HG01889,AMR,ACB,7.0,10,15.0,16.3,11.0,14.0,23,19,16.0,17.0,13,11,10.0,12.0,14,14,15.0,16.0,19.0,19.0,11.0,12.0,11.0,10.0,16.0,19.0,13.0,14.2,14,15,21.0,24.0,7.0,10.0,8.0,14.0,7.0,9.3,8,9.0,17.0,18.0
HG01890,AMR,ACB,11.0,11,14.0,15.0,12.0,11.0,25,25,14.0,16.0,12,12,8.0,10.0,14,14,13.0,11.0,17.0,18.0,11.0,12.0,11.0,10.0,12.0,16.0,13.0,13.2,11,16,20.0,24.0,8.0,9.0,11.0,13.0,7.0,7.0,11,12.0,16.0,18.0
HG01894,AMR,ACB,10.0,10,11.0,17.3,12.0,11.0,23,26,16.0,15.0,13,13,11.0,8.0,11,16,12.0,14.0,19.0,22.0,12.0,13.0,9.0,10.0,16.0,19.0,11.0,13.0,12,14,22.0,19.0,11.0,14.0,5.0,5.0,7.0,9.3,11,11.0,16.0,16.0
HG01896,AMR,ACB,8.0,10,13.0,13.0,11.0,13.0,17,20,15.0,17.0,12,11,10.0,11.0,15,16,13.0,12.0,17.0,19.0,12.0,14.0,12.0,9.0,15.0,16.0,13.0,15.0,17,14,21.0,25.0,8.0,9.0,5.0,9.0,7.0,7.0,9,11.0,15.0,19.0
HG01912,AMR,ACB,10.0,12,10.0,17.3,10.0,11.0,20,25,15.0,16.0,10,11,8.0,8.0,14,15,15.0,16.0,17.0,18.0,12.0,14.0,11.0,13.0,16.0,16.0,11.0,12.0,17,16,19.0,23.0,12.0,12.0,8.0,8.0,7.0,6.0,8,10.0,15.0,16.0
HG01914,AMR,ACB,10.0,10,14.0,17.3,12.0,11.0,17,19,15.0,16.0,12,8,12.0,8.0,11,15,12.0,14.0,19.0,18.0,12.0,12.0,10.0,9.0,18.0,12.0,13.0,13.2,11,15,22.0,23.0,8.0,9.0,11.0,15.0,6.0,9.0,8,7.0,15.0,19.0
HG01915,AMR,ACB,9.0,10,13.0,13.0,12.0,12.0,23,26,16.0,16.0,13,11,10.0,10.0,12,15,13.0,16.0,18.0,20.0,12.0,13.0,11.0,11.0,19.0,24.0,14.0,13.2,14,15,19.0,23.0,12.0,12.0,10.0,12.0,7.0,9.3,8,6.0,15.0,17.0
HG01956,AMR,ACB,11.0,12,14.0,14.0,10.0,11.3,20,24,16.0,16.0,11,11,12.0,9.0,14,14,13.0,10.0,19.0,23.0,12.0,14.0,11.0,13.0,15.0,16.0,11.0,13.0,10,11,19.0,25.0,13.0,9.0,8.0,12.0,7.0,9.0,8,9.0,14.0,19.0
HG01958,AMR,ACB,10.0,12,11.0,17.3,12.0,11.0,20,17,14.0,16.0,12,11,9.0,10.0,12,14,14.0,15.0,20.0,20.0,12.0,12.0,12.0,10.0,12.0,15.0,13.0,15.2,15,16,23.0,23.0,5.0,11.0,12.0,12.0,7.0,6.0,6,6.0,15.0,15.0
HG01985,AMR,ACB,12.0,7,16.0,18.3,10.0,14.0,19,20,15.0,15.0,12,11,8.0,8.0,12,16,13.0,14.0,18.0,19.0,11.0,13.0,11.0,13.0,14.0,20.0,12.2,13.0,15,16,24.0,24.0,8.0,9.0,10.0,10.0,9.0,9.0,8,9.0,17.0,17.0
HG01986,AMR,ACB,12.0,12,11.0,14.0,14.0,15.0,16,22,14.0,18.0,13,12,10.0,10.0,13,14,11.0,15.0,15.0,17.0,12.0,13.0,11.0,10.0,17.0,12.0,12.2,15.2,17,16,24.0,27.0,8.0,9.0,7.0,10.0,7.0,7.0,9,11.0,15.0,17.0
HG01988,AMR,ACB,13.0,10,14.0,17.3,11.0,11.0,17,21,17.0,18.0,12,12,8.0,9.0,13,13,11.0,14.0,17.0,20.0,8.0,10.0,11.0,13.0,14.0,19.0,14.0,16.0,10,16,22.0,22.0,8.0,9.0,5.0,8.0,7.0,8.0,9,11.0,15.0,18.0
HG01989,AMR,ACB,13.0,14,14.0,15.0,11.0,11.0,17,24,16.0,18.0,12,11,10.0,12.0,13,12,13.0,14.0,16.0,17.0,11.0,10.0,12.0,12.0,13.0,16.0,13.2,16.2,11,15,22.0,20.0,8.0,8.0,8.0,9.0,7.0,8.0,7,11.0,15.0,16.0
HG01990,AMR,ACB,12.0,12,15.0,16.0,10.0,14.0,23,25,16.0,17.0,13,12,10.0,12.0,11,15,13.0,14.0,19.0,21.0,11.0,13.0,9.0,9.0,17.0,17.0,13.0,13.0,11,16,22.0,20.0,9.0,11.0,5.0,8.0,6.0,8.0,8,11.0,16.0,19.0
HG02009,AMR,ACB,8.0,12,14.0,14.0,12.0,11.0,18,19,14.0,17.0,12,12,11.0,11.0,15,15,13.0,14.0,18.0,24.0,11.0,12.0,12.0,10.0,13.0,17.0,13.0,13.0,15,15,22.0,22.0,13.0,10.0,12.0,12.0,7.0,7.0,8,9.0,14.0,15.0
HG02010,AMR,ACB,7.0,10,13.0,14.0,11.0,14.0,21,25,15.0,16.0,12,11,9.0,10.0,13,13,12.0,12.0,18.0,19.0,12.0,12.0,11.0,12.0,18.0,17.0,14.0,12.0,14,14,22.0,24.0,8.0,9.0,5.0,12.0,7.0,9.3,9,9.0,14.0,16.0
HG02012,AMR,ACB,10.0,12,14.0,17.3,11.0,14.0,18,25,16.0,17.0,13,12,10.0,8.0,11,13,12.0,12.0,18.0,21.0,11.0,12.0,13.0,9.0,16.0,17.0,14.0,12.0,11,16,22.0,22.0,8.0,9.0,5.0,9.0,7.0,7.0,8,7.0,15.0,16.0
HG02013,AMR,ACB,10.0,11,14.0,14.0,11.0,11.3,21,23,14.0,16.0,13,12,8.0,10.0,14,14,14.0,15.0,19.0,24.0,12.0,12.0,13.0,10.0,16.0,20.0,12.0,13.0,17,16,22.0,22.2,8.0,9.0,8.0,13.0,7.0,7.0,9,12.0,12.0,18.0
HG02014,AMR,ACB,13.0,10,15.0,16.0,11.0,13.0,16,22,16.0,16.0,12,11,9.0,10.0,14,15,14.0,15.0,17.0,20.0,11.0,12.0,11.0,12.0,19.0,21.0,14.0,10.0,17,16,24.0,24.0,8.0,10.0,5.0,12.0,7.0,7.0,9,9.0,16.0,17.0
HG02051,AMR,ACB,7.0,11,12.0,15.0,8.0,11.0,19,23,15.0,16.0,12,11,13.0,8.0,13,13,12.0,14.0,18.0,18.0,12.0,12.0,11.0,9.0,18.0,15.0,12.0,13.0,12,16,22.0,19.0,9.0,9.0,8.0,13.0,8.0,9.3,9,11.0,16.0,16.0
HG02052,AMR,ACB,7.0,12,13.0,17.3,11.0,13.0,22,24,13.0,15.0,13,12,10.0,10.0,12,15,12.0,15.0,20.0,20.0,11.0,12.0,11.0,12.0,15.0,17.0,14.0,13.0,17,11,23.0,25.0,8.0,11.0,10.0,12.0,6.0,6.0,9,9.0,16.0,17.0
HG02053,AMR,ACB,13.0,10,12.0,13.0,11.3,14.0,21,22,15.0,16.0,12,12,9.0,8.0,13,15,13.0,14.0,18.0,18.0,11.0,13.0,11.0,13.0,14.0,17.0,14.0,13.0,17,16,22.0,23.0,9.0,11.0,11.0,13.0,7.0,8.0,8,9.0,15.0,17.0
HG02054,AMR,ACB,10.0,10,10.0,15.0,12.0,11.0,23,21,16.0,18.0,12,12,8.0,10.0,14,14,13.0,12.0,18.0,19.0,12.0,12.0,11.0,10.0,11.0,14.0,12.0,16.2,14,16,21.0,23.0,8.0,8.0,8.0,13.0,7.0,6.0,11,11.0,15.0,19.0
HG02095,AMR,ACB,8.0,10,13.0,14.0,11.0,14.0,20,20,16.0,16.0,13,10,10.0,12.0,9,14,13.0,14.0,17.0,19.0,11.0,13.0,11.0,14.0,14.2,19.0,13.0,16.2,17,10,24.0,25.0,9.0,9.0,9.0,11.0,7.0,7.0,8,6.0,20.0,20.0
HG02107,AMR,ACB,8.0,10,15.0,16.0,12.0,11.0,22,25,16.0,15.0,13,13,10.0,12.0,14,15,14.0,14.0,18.0,20.0,12.0,12.0,11.0,10.0,15.0,19.0,11.0,13.0,17,16,23.0,24.0,9.0,12.0,5.0,13.0,7.0,7.0,9,9.0,18.0,14.0
HG02108,AMR,ACB,9.0,10,15.0,15.0,12.0,10.0,19,21,15.0,18.0,12,12,10.0,10.0,12,15,13.0,14.0,18.0,20.0,10.0,12.0,11.0,9.0,13.0,14.0,11.0,15.0,11,15,22.0,24.0,8.0,9.0,8.0,8.0,7.0,7.0,8,11.0,17.0,15.0
HG02111,AMR,ACB,11.0,12,13.0,17.3,12.0,12.0,21,21,17.0,17.0,12,12,11.0,12.0,11,14,13.0,15.0,17.0,18.0,13.0,13.0,9.0,10.0,15.0,16.0,14.0,11.0,15,15,20.0,24.0,8.0,9.0,7.0,11.0,6.0,8.0,8,8.0,12.0,15.0
HG02143,AMR,ACB,8.0,11,13.0,14.0,11.0,11.0,23,27,16.0,17.0,12,8,11.0,12.0,11,15,14.0,15.0,18.0,18.0,11.0,12.0,11.0,14.0,16.0,19.0,13.0,13.2,11,16,20.0,28.0,8.0,9.0,5.0,9.0,7.0,7.0,8,6.0,15.0,19.0
HG02144,AMR,ACB,11.0,11,11.0,14.0,11.0,14.0,20,21,16.0,14.0,12,11,9.0,11.0,12,14,12.0,12.0,18.0,18.0,11.0,11.0,11.0,10.0,18.0,15.0,10.0,13.2,15,16,21.0,23.0,9.0,10.0,8.0,8.0,7.0,7.0,8,11.0,15.0,16.0
HG02255,AMR,ACB,7.0,11,13.0,15.0,12.0,15.0,17,22,16.0,16.0,12,10,10.0,8.0,13,15,14.0,14.0,17.0,18.0,12.0,14.0,11.0,8.0,17.0,17.0,13.0,13.2,17,17,21.0,25.0,8.0,9.0,7.0,13.0,7.0,9.3,9,9.0,16.0,17.0
HG02256,AMR,ACB,9.0,12,15.0,16.0,10.0,14.0,19,25,18.0,18.0,12,11,13.0,13.0,13,16,14.0,15.0,16.0,20.0,12.0,14.0,11.0,9.0,14.0,16.0,15.2,15.2,15,16,22.0,19.0,13.0,9.0,12.0,14.0,8.0,8.0,8,6.0,16.0,17.0
HG02281,AMR,ACB,9.0,11,15.0,16.3,10.0,11.0,17,22,15.0,18.0,10,11,8.0,11.0,13,15,13.0,14.0,16.0,18.0,12.0,13.0,11.0,11.0,15.0,19.0,13.0,15.0,15,15,22.0,22.0,8.0,9.0,9.0,14.0,6.0,8.0,6,10.0,15.0,17.0
HG02282,AMR,ACB,8.0,11,13.0,14.0,12.0,11.0,19,19,17.0,18.0,13,10,10.0,11.0,14,14,15.0,15.0,15.0,21.0,11.0,10.0,11.0,13.0,13.0,17.0,14.0,13.0,17,16,22.0,24.0,9.0,12.0,8.0,13.0,7.0,7.0,9,10.0,15.0,17.0
HG02283,AMR,ACB,11.0,12,12.0,14.0,11.0,11.0,19,20,16.0,15.0,13,11,10.0,10.0,10,11,14.0,16.0,18.0,18.0,9.0,14.0,11.0,10.0,16.0,19.0,14.0,12.0,14,15,21.0,21.0,7.0,8.0,8.0,13.0,6.0,8.0,8,12.0,15.0,16.0
HG02284,AMR,ACB,11.0,11,14.0,15.0,10.0,11.0,19,24,16.0,15.0,13,11,8.0,8.0,11,15,13.0,13.0,17.0,17.0,11.0,13.0,11.0,9.0,18.0,15.0,13.0,13.2,17,15,19.0,24.0,8.0,5.0,12.0,12.0,7.0,9.0,8,11.0,17.0,18.0
HG02307,AMR,ACB,10.0,10,14.0,17.3,11.0,14.0,19,21,16.0,17.0,13,13,8.0,10.0,12,14,13.0,15.0,17.0,23.0,11.0,12.0,10.0,9.0,17.0,21.0,16.2,15.0,17,15,22.0,23.0,9.0,10.0,5.0,9.0,8.0,8.0,9,11.0,16.0,18.0
HG02308,AMR,ACB,9.0,12,14.0,16.3,12.0,11.0,19,22,14.0,14.0,11,11,11.0,11.0,12,15,13.0,12.0,18.0,22.0,12.0,12.0,11.0,11.0,14.0,15.0,14.2,15.0,17,15,21.0,25.0,5.0,11.0,11.0,11.0,8.0,8.0,8,10.0,16.0,16.0
HG02309,AMR,ACB,11.0,12,15.0,15.0,10.0,11.0,17,19,17.0,17.0,13,11,8.0,9.0,13,14,13.0,14.0,18.0,18.0,11.0,12.0,12.0,9.0,16.0,22.0,12.0,15.2,17,17,22.0,16.2,9.0,10.0,7.0,8.0,7.0,8.0,10,10.0,16.0,17.0
HG02314,AMR,ACB,11.0,12,14.0,19.3,11.0,11.0,16,19,15.0,15.0,13,12,10.0,8.0,13,14,13.0,15.0,18.0,18.0,11.0,12.0,14.0,9.0,20.0,20.0,14.0,12.0,17,11,22.0,21.0,13.0,9.0,11.0,12.0,6.0,6.0,8,11.0,16.0,16.0
HG02315,AMR,ACB,13.0,11,15.0,15.0,11.0,13.3,21,22,16.0,16.0,12,11,11.0,11.0,12,15,13.0,15.0,16.0,18.0,8.0,12.0,12.0,13.0,13.0,21.0,12.2,15.0,10,14,24.0,26.0,11.0,11.0,8.0,14.0,9.0,9.0,9,11.0,15.0,16.0
HG02317,AMR,ACB,10.0,10,13.0,16.3,12.0,12.0,19,19,17.0,17.0,13,12,9.0,10.0,13,15,12.0,16.0,15.0,22.0,11.0,12.0,12.0,12.0,17.0,20.0,12.0,15.2,16,18,18.2,23.0,11.0,12.0,8.0,11.0,6.0,8.0,10,10.0,16.0,16.0
HG02318,AMR,ACB,10.0,12,14.0,16.3,13.0,14.0,20,21,15.0,16.0,14,8,9.0,8.0,13,15,13.0,13.0,20.0,20.0,12.0,14.0,10.0,12.0,12.0,16.0,11.0,13.2,14,15,24.0,26.0,8.0,11.0,8.0,13.0,7.0,9.0,9,9.0,15.0,14.0
HG02322,AMR,ACB,12.0,12,15.0,16.3,11.0,11.0,17,19,15.0,17.0,10,10,8.0,10.0,12,14,12.0,15.0,19.0,18.0,11.0,8.0,12.0,13.0,12.0,15.0,14.0,14.0,11,15,19.0,23.0,8.0,9.0,11.0,14.0,7.0,9.0,6,11.0,14.0,15.0
HG02323,AMR,ACB,10.0,12,16.0,18.3,12.0,14.0,19,22,9.0,17.0,12,11,8.0,10.0,14,14,12.0,14.0,17.0,19.0,11.0,11.0,11.0,12.0,18.0,15.0,14.0,14.2,17,15,19.0,21.0,11.0,12.0,7.0,7.0,7.0,7.0,6,10.0,15.0,17.0
HG02325,AMR,ACB,11.0,11,12.0,17.3,11.0,14.0,19,21,16.0,15.0,13,12,8.0,8.0,14,15,12.0,15.0,15.0,17.0,10.0,13.0,11.0,9.0,14.0,15.0,11.0,12.0,11,15,19.0,21.0,11.0,9.0,8.0,8.0,7.0,6.0,8,8.0,15.0,16.0
HG02330,AMR,ACB,11.0,11,14.0,15.0,14.0,14.0,17,20,15.0,17.0,11,8,9.0,11.0,14,16,12.0,14.0,18.0,19.0,11.0,12.0,10.0,9.0,11.0,17.0,14.0,13.0,11,15,24.0,27.0,8.0,9.0,8.0,13.0,7.0,8.0,8,8.0,16.0,18.0
HG02332,AMR,ACB,11.0,12,14.0,16.0,10.0,14.0,16,19,15.0,15.0,13,12,12.0,12.0,14,14,13.0,16.0,19.0,19.0,12.0,12.0,11.0,9.0,19.0,19.0,14.0,14.2,17,14,20.2,23.0,8.0,9.0,8.0,8.0,7.0,8.0,9,9.0,16.0,16.0
HG02334,AMR,ACB,13.0,12,13.0,14.0,11.0,14.0,19,22,16.0,16.0,13,13,11.0,8.0,13,13,16.0,16.0,17.0,18.0,13.0,14.0,10.0,12.0,20.0,20.0,13.0,15.2,15,15,24.0,25.0,9.0,9.0,5.0,8.0,7.0,8.0,8,11.0,13.0,18.0
HG02337,AMR,ACB,11.0,12,10.0,16.3,12.0,14.0,19,19,16.0,18.0,12,8,11.0,12.0,13,13,13.0,17.0,16.0,20.0,11.0,11.0,10.0,9.0,15.0,17.0,11.0,12.0,14,15,22.0,24.0,5.0,9.0,7.0,7.0,5.0,6.0,8,11.0,18.0,18.0
HG02339,AMR,ACB,13.0,7,14.0,14.0,12.0,11.0,23,19,16.0,16.0,12,10,10.0,10.0,13,14,13.0,15.0,19.0,21.0,11.0,13.0,11.0,9.0,14.0,20.0,14.0,14.0,11,16,22.0,23.0,8.0,9.0,11.0,11.0,6.0,9.0,9,9.0,16.0,14.0
HG02343,AMR,ACB,10.0,11,14.0,16.3,12.0,11.0,20,24,15.0,16.0,10,13,10.0,9.0,14,16,13.0,13.0,17.0,18.0,12.0,13.0,11.0,9.0,12.0,15.0,13.0,13.0,17,16,21.0,25.0,11.0,14.0,6.0,8.0,6.0,9.0,10,11.0,15.0,15.0
HG02419,AMR,ACB,11.0,14,14.0,16.0,11.0,14.0,19,22,15.0,17.0,11,11,8.0,11.0,13,14,12.0,14.0,18.0,18.0,11.0,11.0,13.0,11.0,18.0,17.0,13.2,15.0,12,16,22.0,23.0,8.0,9.0,7.0,10.0,7.0,8.0,6,6.0,15.0,15.0
HG02420,AMR,ACB,12.0,12,12.0,14.0,11.0,14.0,22,25,13.0,15.0,12,12,8.0,8.0,14,14,14.0,15.0,17.0,20.0,12.0,12.0,10.0,11.0,14.0,15.0,14.0,13.0,15,15,22.0,21.0,10.0,10.0,8.0,13.0,7.0,9.3,11,11.0,15.0,18.0
HG02427,AMR,ACB,11.0,12,16.0,16.0,11.0,11.0,19,19,16.0,15.0,14,11,8.0,7.0,13,14,13.0,17.0,15.0,18.0,11.0,12.0,11.0,13.0,18.0,19.0,12.0,13.0,11,15,19.2,23.0,8.0,11.0,12.0,13.0,7.0,8.0,11,11.0,16.0,18.0
HG02429,AMR,ACB,10.0,11,13.0,17.3,10.0,14.0,16,22,16.0,16.0,13,12,8.0,11.0,15,15,12.0,14.0,20.0,22.0,11.0,12.0,12.0,12.0,13.0,13.2,14.0,15.0,10,11,23.0,29.0,8.0,9.0,7.0,8.0,6.0,9.0,8,9.0,13.0,16.0
HG02433,AMR,ACB,11.0,12,14.0,15.0,10.0,11.0,17,17,16.0,16.0,11,10,8.0,9.0,14,16,15.0,16.0,19.0,23.0,12.0,13.0,11.0,11.0,18.0,15.0,12.0,13.0,16,16,23.0,25.0,8.0,9.0,7.0,8.0,6.0,9.0,8,9.0,17.0,17.0
HG02439,AMR,ACB,10.0,12,14.0,16.0,14.0,14.0,23,22,16.0,15.0,12,11,10.0,8.0,14,14,12.0,14.0,17.0,19.0,12.0,12.0,12.0,13.0,18.0,12.0,14.0,11.0,17,18,23.0,28.0,13.0,8.0,9.0,9.0,7.0,8.0,10,10.0,16.0,19.0
HG02442,AMR,ACB,9.0,10,12.0,14.0,10.0,14.0,18,22,16.0,16.0,13,13,9.0,12.0,16,16,12.0,15.0,19.0,19.0,12.0,12.0,13.0,13.0,16.0,17.0,13.0,15.0,17,8,22.0,21.0,8.0,9.0,7.0,12.0,8.0,9.0,9,12.0,15.0,19.0
HG02445,AMR,ACB,13.0,8,14.0,14.0,10.0,11.0,19,24,15.0,15.0,12,13,8.0,9.0,12,15,13.0,15.0,18.0,19.0,12.0,12.0,11.0,13.0,15.0,17.0,14.0,13.0,17,11,22.0,19.0,11.0,11.0,9.0,13.0,7.0,6.0,8,11.0,16.0,16.0
HG02449,AMR,ACB,10.0,11,12.0,14.0,11.0,14.0,24,25,15.0,16.0,13,11,8.0,11.0,13,14,13.0,16.0,17.0,18.0,12.0,12.0,9.0,9.0,15.0,19.0,14.0,11.0,15,16,19.0,20.0,12.0,12.0,7.0,9.0,7.0,8.0,8,10.0,17.0,19.0
HG02450,AMR,ACB,10.0,12,14.0,16.0,12.0,11.0,19,19,16.0,15.0,14,13,11.0,8.0,11,15,15.0,16.0,19.0,19.0,11.0,12.0,13.0,13.0,12.0,16.0,13.0,16.2,17,16,19.0,25.0,8.0,9.0,12.0,12.0,7.0,7.0,9,9.0,17.0,18.0
HG02455,AMR,ACB,8.0,10,17.0,10.0,10.0,14.0,19,20,15.0,18.0,11,11,9.0,11.0,14,14,13.0,11.0,16.0,18.0,11.0,12.0,10.0,10.0,16.0,17.0,14.0,13.0,17,14,22.0,24.0,9.0,9.0,5.0,8.0,7.0,7.0,6,11.0,15.0,18.0
HG02470,AMR,ACB,10.0,12,12.0,15.0,11.0,11.0,22,20,14.0,16.0,13,8,9.0,8.0,13,13,12.0,14.0,15.0,17.0,12.0,14.0,9.0,13.0,11.0,15.0,11.0,13.0,11,16,23.0,27.0,8.0,9.0,10.0,12.0,7.0,9.0,8,8.0,16.0,13.0
HG02471,AMR,ACB,9.0,11,13.0,16.3,11.0,15.0,16,21,14.0,15.0,9,11,9.0,8.0,13,15,13.0,12.0,21.0,22.0,11.0,12.0,12.0,9.0,15.0,15.0,13.0,13.0,11,16,23.0,23.0,8.0,9.0,8.0,13.0,7.0,9.0,9,10.0,16.0,19.0
HG02476,AMR,ACB,10.0,12,13.0,18.3,12.0,14.0,19,20,15.0,15.0,13,13,10.0,11.0,13,14,13.0,16.0,19.0,20.0,10.0,14.0,11.0,10.0,14.0,17.0,12.0,15.2,17,14,22.0,24.0,8.0,9.0,11.0,12.0,7.0,9.3,8,11.0,16.0,17.0
HG02477,AMR,ACB,8.0,12,14.0,17.3,11.0,13.0,19,20,14.0,17.0,12,12,10.0,11.0,13,14,14.0,15.0,18.0,20.0,12.0,12.0,8.0,8.0,14.0,16.0,14.0,11.0,17,15,22.0,24.0,8.0,9.0,11.0,13.0,8.0,9.3,8,10.0,15.0,17.0
HG02479,AMR,ACB,11.0,11,13.0,16.3,11.0,11.0,16,22,16.0,16.0,13,13,8.0,11.0,13,15,13.0,12.0,18.0,22.0,11.0,12.0,9.0,13.0,16.0,17.0,14.0,15.0,10,11,24.0,24.0,8.0,9.0,8.0,8.0,6.0,6.0,8,9.0,13.0,16.0
HG02481,AMR,ACB,8.0,10,14.0,15.0,10.0,11.0,17,23,12.0,17.0,14,13,10.0,9.0,14,15,14.0,15.0,17.0,18.0,12.0,13.0,13.0,10.0,18.0,15.0,14.0,15.2,14,16,22.0,24.0,8.0,9.0,7.0,8.0,7.0,9.3,8,11.0,15.0,16.0
HG02484,AMR,ACB,13.0,13,14.0,16.0,11.0,11.0,18,24,15.0,17.0,12,12,9.0,10.0,12,14,14.0,15.0,15.0,23.0,12.0,13.0,10.0,10.0,12.0,15.0,14.0,13.0,14,16,17.0,19.0,5.0,12.0,5.0,8.0,7.0,8.0,9,11.0,14.0,16.0
HG02485,AMR,ACB,13.0,11,14.0,16.3,11.0,14.0,16,22,14.0,17.0,13,10,10.0,8.0,12,15,15.0,15.0,16.0,23.0,11.0,12.0,11.0,9.0,18.0,12.0,12.0,13.0,17,18,25.0,25.0,9.0,10.0,7.0,7.0,7.0,9.3,8,8.0,15.0,17.0
HG02489,AMR,ACB,11.0,12,14.0,14.0,11.0,11.0,17,20,16.0,14.0,12,11,10.0,11.0,13,14,12.0,14.0,17.0,19.2,12.0,12.0,8.0,12.0,17.0,21.0,12.0,14.2,17,18,21.0,23.0,12.0,9.0,12.0,12.0,7.0,8.0,8,11.0,16.0,16.0
HG02496,AMR,ACB,10.0,12,16.0,16.0,12.0,11.0,18,22,16.0,18.0,11,11,10.0,12.0,15,15,11.0,15.0,18.0,19.0,12.0,12.0,11.0,13.0,15.0,17.0,15.2,16.2,16,18,20.0,20.0,11.0,15.0,11.0,11.0,7.0,8.0,10,10.0,15.0,15.0
HG02497,AMR,ACB,8.0,10,15.0,17.3,11.0,14.0,20,23,16.0,15.0,13,11,8.0,10.0,11,15,15.0,16.0,20.0,22.0,12.0,13.0,11.0,11.0,15.0,19.0,12.2,13.0,10,15,20.0,21.0,12.0,12.0,9.0,13.0,6.0,8.0,9,11.0,16.0,18.0
HG02501,AMR,ACB,8.0,12,14.0,17.3,11.0,14.0,21,22,16.0,15.0,12,11,10.0,11.0,12,13,12.0,16.0,20.0,22.0,12.0,12.0,10.0,10.0,15.0,20.0,12.2,13.0,14,15,23.0,23.0,8.0,9.0,7.0,14.0,7.0,8.0,8,6.0,15.0,19.0
HG02502,AMR,ACB,8.0,10,14.0,15.0,11.0,13.0,21,26,15.0,16.0,11,11,11.0,11.0,13,14,14.0,14.0,18.0,24.0,12.0,12.0,8.0,13.0,17.0,17.0,13.0,13.0,11,14,21.0,21.0,7.0,10.0,8.0,9.0,8.0,9.0,8,9.0,17.0,17.0
HG02505,AMR,ACB,13.0,12,14.0,15.0,12.0,14.0,23,24,15.0,18.0,13,12,8.0,8.0,15,16,12.0,16.0,16.0,17.0,11.0,13.0,9.0,9.0,15.0,16.0,13.2,14.2,11,11,18.0,28.0,12.0,14.0,8.0,9.0,8.0,9.0,8,11.0,13.0,17.0
HG02508,AMR,ACB,10.0,10,13.0,14.0,11.0,14.0,19,22,14.0,15.0,13,12,8.0,11.0,12,16,13.0,16.0,15.0,18.0,11.0,12.0,11.0,9.0,16.0,16.0,13.0,13.0,17,17,23.0,24.0,5.0,8.0,7.0,12.0,8.0,8.0,6,9.0,15.0,16.0
HG02511,AMR,ACB,11.0,12,14.0,15.0,12.0,11.3,19,19,14.0,17.0,13,13,11.0,12.0,10,13,13.0,15.0,17.0,17.0,12.0,13.0,11.0,10.0,19.0,20.0,13.0,15.0,17,14,24.0,29.0,8.0,11.0,10.0,13.0,7.0,9.0,8,9.0,18.0,18.0
HG02536,AMR,ACB,10.0,11,15.0,16.0,13.0,14.0,22,24,16.0,14.0,12,11,9.0,9.0,10,14,13.0,13.0,15.0,22.0,8.0,11.0,11.0,12.0,16.0,20.0,14.0,12.0,17,11,23.0,23.0,11.0,14.0,5.0,13.0,8.0,9.3,8,9.0,15.0,19.0
HG02537,AMR,ACB,8.0,10,13.0,13.0,10.0,11.0,23,19,15.0,16.0,12,13,10.0,10.0,14,15,13.0,14.0,15.0,23.0,11.0,12.0,9.0,9.0,18.0,16.0,13.0,15.2,17,12,23.0,24.0,8.0,9.0,8.0,13.0,7.0,8.0,8,6.0,17.0,20.0
HG02541,AMR,ACB,10.0,11,13.0,16.0,11.0,11.3,19,22,16.0,17.0,11,10,10.0,9.0,13,13,12.0,15.0,17.0,20.0,12.0,12.0,13.0,9.0,18.0,14.0,14.0,11.0,11,16,23.0,25.0,8.0,12.0,7.0,7.0,7.0,9.0,8,9.0,14.0,15.0
HG02545,AMR,ACB,10.0,11,14.0,15.0,11.0,11.0,23,17,15.0,17.0,12,11,13.0,8.0,14,14,14.0,15.0,18.0,18.2,12.0,13.0,11.0,11.0,14.0,15.0,12.0,13.0,11,15,25.0,26.0,8.0,9.0,8.0,8.0,9.0,9.0,9,11.0,16.0,19.0
HG02546,AMR,ACB,12.0,12,15.0,16.3,14.0,15.0,19,22,15.0,16.0,12,10,10.0,12.0,13,14,15.0,16.0,15.0,18.0,12.0,12.0,12.0,13.0,17.0,17.0,14.0,12.0,14,15,22.0,26.0,8.0,9.0,8.0,8.0,7.0,6.0,11,11.0,14.0,17.0
HG02549,AMR,ACB,13.0,10,11.0,12.0,12.0,11.0,16,24,15.0,15.0,12,9,10.0,8.0,13,15,14.0,16.0,16.0,18.0,11.0,12.0,13.0,10.0,18.0,16.0,13.0,13.0,10,15,22.0,20.0,8.0,9.0,8.0,9.0,7.0,6.0,9,10.0,16.0,19.0
HG02554,AMR,ACB,13.0,11,14.0,14.0,12.0,11.0,18,22,14.0,17.0,12,12,8.0,12.0,14,14,15.0,16.0,16.2,20.0,12.0,12.0,11.0,12.0,15.0,16.0,13.0,14.2,17,11,21.0,24.0,11.0,12.0,5.0,13.0,7.0,8.0,8,6.0,15.0,20.0
HG02555,AMR,ACB,10.0,10,10.0,16.3,12.0,11.3,16,21,14.0,15.0,13,12,8.0,12.0,14,14,13.0,16.0,18.0,23.0,11.0,12.0,8.0,9.0,15.0,15.0,12.0,13.0,15,18,21.0,24.0,11.0,11.0,8.0,13.0,6.0,8.0,9,11.0,14.0,16.0
HG02557,AMR,ACB,11.0,12,17.0,15.0,11.0,14.0,23,22,15.0,16.0,12,13,10.0,12.0,13,14,13.0,12.0,17.0,17.2,12.0,13.0,11.0,9.0,19.0,20.0,13.0,14.2,17,14,22.0,22.0,8.0,9.0,10.0,14.0,7.0,9.0,9,9.0,15.0,18.0
HG02558,AMR,ACB,11.0,11,17.3,16.3,12.0,11.0,21,25,14.0,16.0,12,11,11.0,12.0,13,13,13.0,14.0,18.0,20.0,8.0,13.0,8.0,13.0,14.0,16.0,13.2,15.2,11,14,23.0,23.0,5.0,9.0,13.0,13.0,7.0,5.0,11,11.0,14.0,17.0
HG02577,AMR,ACB,8.0,10,10.0,13.0,11.0,11.0,22,26,14.0,16.0,11,12,11.0,8.0,13,14,14.0,15.0,15.0,20.0,12.0,12.0,10.0,13.0,15.0,17.0,14.0,13.0,17,16,21.0,25.0,8.0,8.0,12.0,13.0,8.0,9.0,8,6.0,15.0,16.0
HG02580,AMR,ACB,7.0,11,19.3,18.3,12.0,11.0,16,21,15.0,15.0,12,11,8.0,10.0,12,14,15.0,15.0,18.0,19.0,11.0,13.0,11.0,12.0,15.0,14.0,12.0,15.2,10,11,22.0,23.0,12.0,12.0,11.0,12.0,7.0,8.0,9,11.0,15.0,15.0
NA19625,AMR,ASW,7.0,12,15.0,16.3,11.0,15.0,19,25,15.0,17.0,12,11,10.0,12.0,12,14,15.0,16.0,22.0,23.0,12.0,13.0,12.0,9.0,18.0,16.0,13.2,14.2,15,16,23.0,25.0,13.0,12.0,12.0,13.0,7.0,8.0,8,9.0,17.0,18.0
NA19700,AMR,ASW,12.0,12,13.0,16.0,11.0,12.0,21,25,16.0,17.0,13,13,8.0,9.0,12,15,12.0,14.0,18.0,19.0,8.0,12.0,11.0,11.0,17.0,19.0,14.0,13.0,17,15,21.0,25.0,12.0,12.0,8.0,13.0,8.0,9.3,8,8.0,16.0,18.0
NA19701,AMR,ASW,10.0,10,14.0,15.0,12.0,11.0,19,21,16.0,17.0,11,11,11.0,9.0,12,14,13.0,12.0,17.0,22.0,12.0,13.0,10.0,10.0,12.0,15.0,14.0,15.0,12,15,18.0,24.0,13.0,12.0,7.0,7.0,6.0,9.0,8,8.0,15.0,18.0
NA19703,AMR,ASW,10.0,11,12.0,12.0,11.0,14.0,17,19,15.0,15.0,12,11,10.0,12.0,14,14,14.0,15.0,16.0,19.0,11.0,12.0,13.0,10.0,16.0,16.0,14.0,15.2,11,16,22.0,22.0,13.0,10.0,5.0,8.0,6.0,8.0,6,9.0,15.0,16.0
NA19704,AMR,ASW,7.0,10,15.0,15.0,12.0,14.0,19,23,16.0,15.0,13,13,9.0,10.0,12,14,13.0,16.0,16.0,19.2,12.0,13.0,11.0,14.0,18.0,19.0,13.0,15.2,15,18,22.0,19.0,13.0,8.0,8.0,10.0,7.0,6.0,9,9.0,15.0,16.0
NA19707,AMR,ASW,11.0,12,15.0,16.3,12.0,14.0,17,17,16.0,14.0,13,13,9.0,9.0,15,15,13.0,14.0,17.0,20.0,11.0,12.0,9.0,10.0,15.0,17.0,11.0,11.0,11,15,22.0,22.0,13.0,12.0,10.0,10.0,6.0,9.3,8,12.0,15.0,16.0
NA19711,AMR,ASW,11.0,11,13.0,14.0,13.0,14.0,17,17,17.0,18.0,13,12,10.0,10.0,13,16,12.0,14.0,19.0,20.0,11.0,11.0,11.0,9.0,16.0,17.0,14.0,12.0,11,15,22.0,23.0,11.0,11.0,5.0,8.0,8.0,9.0,8,9.0,15.0,15.0
NA19712,AMR,ASW,12.0,14,15.0,17.3,12.0,11.0,17,24,15.0,15.0,13,11,9.0,10.0,12,15,7.0,15.0,16.0,20.0,11.0,12.0,11.0,9.0,17.0,17.0,12.0,13.0,17,11,22.0,23.0,13.0,5.0,8.0,12.0,7.0,9.0,8,11.0,14.0,18.0
NA19713,AMR,ASW,13.0,10,12.0,14.0,12.0,14.0,25,25,16.0,18.0,11,12,8.0,8.0,14,15,13.0,15.0,17.0,18.0,12.0,12.0,11.0,12.0,18.0,15.0,13.2,17.0,17,15,19.0,23.0,10.0,14.0,8.0,8.0,9.3,9.3,7,9.0,16.0,19.0
NA19818,AMR,ASW,13.0,7,15.0,16.3,11.0,13.0,17,25,17.0,17.0,13,12,8.0,11.0,13,11,13.0,16.0,17.0,21.0,9.0,12.0,11.0,9.0,13.0,19.0,11.0,12.2,11,11,22.0,22.0,13.0,9.0,13.0,15.0,7.0,9.3,8,11.0,14.0,16.0
NA19819,AMR,ASW,10.0,10,17.3,17.3,11.0,11.0,17,18,16.0,17.0,9,11,8.0,11.0,14,15,14.0,15.0,22.0,25.0,12.0,13.0,11.0,10.0,13.0,17.0,12.0,15.2,11,15,20.0,23.0,13.0,12.0,7.0,7.0,7.0,6.0,11,11.0,15.0,18.0
NA19834,AMR,ASW,13.0,11,13.0,15.0,12.0,15.0,19,21,15.0,19.0,13,10,10.0,8.0,14,14,14.0,15.0,15.0,15.0,11.0,12.0,12.0,13.0,15.0,20.0,14.0,11.0,8,16,21.0,24.0,13.0,9.0,8.0,14.0,7.0,9.3,8,8.0,15.0,16.0
NA19835,AMR,ASW,11.0,12,15.0,16.0,10.0,11.0,19,25,16.0,18.0,12,11,10.0,10.0,13,15,13.0,14.0,16.0,21.0,11.0,12.0,11.0,13.0,12.0,17.0,11.0,13.0,11,11,24.0,27.0,8.0,8.0,11.0,13.0,7.0,8.0,8,8.0,16.0,18.0
NA19900,AMR,ASW,8.0,10,14.0,14.0,12.0,11.0,23,24,15.0,15.0,11,11,11.0,8.0,12,14,11.0,14.0,16.0,17.0,11.0,14.0,12.0,9.0,16.0,19.0,14.0,14.0,11,11,21.0,24.0,8.0,12.0,7.0,7.0,7.0,7.0,7,10.0,14.0,16.0
NA19901,AMR,ASW,7.0,12,13.0,14.0,11.0,14.0,19,21,16.0,14.0,13,14,10.0,9.0,12,14,13.0,13.0,20.0,21.0,11.0,12.0,10.0,12.0,18.0,17.0,10.0,13.0,12,18,20.0,24.0,13.0,15.0,8.0,12.0,7.0,8.0,9,11.0,15.0,18.0
NA19904,AMR,ASW,11.0,12,13.0,14.0,11.0,15.0,23,19,17.0,18.0,14,13,13.0,10.0,14,15,14.0,15.0,16.0,19.0,11.0,11.0,8.0,10.0,15.0,15.0,11.0,13.0,17,16,20.0,24.0,13.0,15.0,8.0,8.0,8.0,9.0,8,9.0,16.0,17.0
NA19908,AMR,ASW,12.0,12,17.0,14.0,14.0,14.0,19,22,16.0,16.0,13,12,11.0,11.0,15,16,14.0,15.0,15.0,20.0,11.0,12.0,11.0,13.0,14.0,16.0,13.0,16.2,17,14,23.0,26.0,8.0,11.0,7.0,11.0,8.0,8.0,8,11.0,15.0,20.0
NA19909,AMR,ASW,10.0,12,14.0,15.0,11.0,11.3,20,24,16.0,15.0,13,11,10.0,11.0,12,16,13.0,15.0,16.0,18.0,11.0,12.0,11.0,12.0,17.0,20.0,12.0,12.2,10,15,23.0,24.0,9.0,12.0,11.0,11.0,8.0,8.0,9,11.0,11.0,18.0
NA19913,AMR,ASW,13.0,11,13.0,18.3,14.0,15.0,23,22,18.0,18.0,13,10,13.0,10.0,13,15,15.0,16.0,18.0,19.0,11.0,13.0,11.0,10.0,15.0,16.0,11.0,12.0,17,16,22.0,24.0,13.0,9.0,8.0,15.0,8.0,8.0,8,11.0,17.0,15.0
NA19914,AMR,ASW,11.0,12,12.0,16.3,12.0,10.0,17,21,15.0,16.0,12,11,8.0,9.0,11,14,13.0,14.0,19.0,19.0,11.0,12.0,13.0,14.0,16.0,16.0,14.0,15.0,17,15,19.0,21.0,9.0,11.0,9.0,13.0,7.0,6.0,9,9.0,15.0,16.0
NA19916,AMR,ASW,10.0,11,13.0,16.3,12.0,13.3,20,24,16.0,18.0,15,12,8.0,14.0,14,14,16.0,16.0,19.0,24.0,11.0,12.0,11.0,9.0,12.0,14.0,14.0,13.0,14,16,22.0,28.0,9.0,11.0,7.0,10.0,7.0,8.0,8,10.0,16.0,17.0
NA19917,AMR,ASW,13.0,11,14.0,15.0,9.0,11.0,18,19,16.0,17.0,13,11,8.0,9.0,14,16,16.0,16.0,19.2,20.0,12.0,13.0,11.0,11.0,14.0,15.0,14.0,13.0,17,12,20.0,24.0,13.0,12.0,15.0,15.0,7.0,6.0,8,6.0,15.0,19.0
NA19920,AMR,ASW,13.0,8,14.0,14.0,12.0,12.0,19,27,14.0,17.0,13,13,8.0,10.0,14,14,13.0,14.0,20.0,21.0,12.0,12.0,11.0,13.0,15.0,17.0,12.0,12.0,17,16,22.0,24.0,9.0,12.0,7.0,11.0,8.0,9.0,8,11.0,15.0,15.0
NA19921,AMR,ASW,10.0,11,11.0,16.0,11.0,14.0,20,22,15.0,15.0,13,10,10.0,12.0,13,13,13.0,14.0,20.0,20.0,12.0,12.0,14.0,9.0,13.0,17.0,10.0,12.0,14,15,22.0,25.0,13.0,12.0,8.0,12.0,7.0,9.0,9,12.0,17.0,19.0
NA19922,AMR,ASW,11.0,12,14.0,18.3,14.0,14.0,17,24,16.0,17.0,12,12,9.0,10.0,12,12,13.0,15.0,16.0,19.0,11.0,12.0,11.0,11.0,18.0,20.0,13.0,14.2,16,16,19.0,21.0,11.0,11.0,8.0,12.0,7.0,8.0,8,12.0,16.0,18.0
NA19923,AMR,ASW,10.0,12,12.0,15.0,11.0,14.0,23,15,17.0,17.0,12,11,10.0,10.0,15,15,12.0,14.0,18.0,21.0,11.0,12.0,11.0,10.0,12.0,16.0,12.0,13.0,15,15,22.0,20.0,13.0,12.0,14.0,14.0,7.0,7.0,8,10.0,15.0,16.0
NA19982,AMR,ASW,10.0,12,13.0,13.0,12.0,10.0,17,23,15.0,16.0,13,12,10.0,12.0,13,15,13.0,12.0,17.0,23.0,11.0,11.0,12.0,13.0,19.0,19.0,11.0,16.0,11,16,24.0,25.0,8.0,9.0,7.0,12.0,6.0,8.0,8,8.0,16.0,19.0
NA19984,AMR,ASW,8.0,12,14.0,16.3,11.0,14.0,16,20,15.0,17.0,13,11,10.0,7.0,14,14,13.0,12.0,19.0,17.2,11.0,12.0,11.0,12.0,19.0,20.0,11.0,13.0,15,16,21.0,21.0,9.0,11.0,7.0,16.0,7.0,9.3,9,11.0,15.0,15.0
NA20126,AMR,ASW,11.0,12,17.0,15.0,12.0,10.0,23,20,15.0,16.0,13,12,11.0,11.0,14,15,13.0,16.0,17.0,18.0,11.0,12.0,11.0,9.0,12.0,13.0,11.0,13.0,11,16,22.0,24.0,10.0,12.0,8.0,13.0,7.0,7.0,8,11.0,16.0,18.0
NA20127,AMR,ASW,11.0,12,12.0,16.3,13.0,14.0,23,21,17.0,18.0,15,13,8.0,9.0,13,14,12.0,15.3,18.0,20.0,11.0,11.0,12.0,13.0,18.0,16.0,13.0,13.0,15,16,22.0,27.0,8.0,12.0,12.0,12.0,7.0,9.0,8,11.0,18.0,18.0
NA20274,AMR,ASW,7.0,10,14.0,15.0,11.0,12.0,19,22,17.0,18.0,12,11,8.0,10.0,11,12,16.0,16.0,17.0,20.0,8.0,12.0,10.0,13.0,13.0,13.0,13.2,13.2,15,16,21.0,25.0,13.0,12.0,7.0,12.0,7.0,7.0,8,8.0,16.0,14.0
NA20276,AMR,ASW,7.0,10,14.0,16.3,10.0,11.0,23,21,16.0,18.0,13,10,8.0,9.0,12,14,13.0,14.0,18.0,18.0,11.0,12.0,8.0,12.0,15.0,15.0,12.0,13.0,17,18,22.0,20.0,5.0,10.0,5.0,12.0,7.0,8.0,8,10.0,15.0,19.0
NA20278,AMR,ASW,11.0,12,16.0,16.3,11.0,14.0,19,20,14.0,15.0,9,11,11.0,12.0,13,12,13.0,14.0,16.0,17.0,11.0,13.0,12.0,10.0,18.0,12.0,13.0,13.0,17,14,18.0,24.0,10.0,12.0,7.0,7.0,6.0,8.0,8,11.0,17.0,18.0
NA20281,AMR,ASW,7.0,12,11.0,14.3,11.0,11.0,23,22,16.0,17.0,14,13,11.0,12.0,13,14,13.0,13.0,22.0,25.0,9.0,12.0,11.0,8.0,13.0,13.0,10.0,12.2,10,10,22.0,24.0,9.0,12.0,8.0,12.0,7.0,7.0,8,10.0,17.0,18.0
NA20282,AMR,ASW,8.0,10,13.0,15.0,11.0,14.0,24,24,16.0,18.0,13,12,11.0,11.0,10,14,13.0,15.0,19.0,20.0,8.0,14.0,9.0,9.0,13.0,17.0,12.0,16.0,17,11,25.0,26.0,13.0,11.0,5.0,10.0,7.0,9.3,9,10.0,15.0,13.0
NA20287,AMR,ASW,10.0,11,15.0,16.3,11.0,13.0,17,19,16.0,15.0,12,12,10.0,11.0,14,15,12.0,15.0,19.0,19.0,11.0,12.0,8.0,13.0,15.0,17.0,11.0,13.0,15,16,23.0,26.0,8.0,8.0,8.0,12.0,6.0,9.0,6,9.0,17.0,18.0
NA20289,AMR,ASW,10.0,11,14.0,16.0,12.0,11.3,18,20,16.0,18.0,12,10,12.0,9.0,14,15,11.0,16.0,17.3,22.0,8.0,12.0,12.0,14.0,15.0,15.0,14.0,14.0,11,16,21.0,24.0,13.0,12.0,5.0,12.0,7.0,9.0,9,11.0,15.0,19.0
NA20291,AMR,ASW,10.0,11,11.0,16.3,14.0,14.0,21,22,16.0,15.0,12,11,9.0,9.0,13,13,11.0,15.0,18.0,19.0,13.0,13.0,9.0,10.0,16.0,16.0,13.0,13.0,16,18,22.0,22.0,13.0,12.0,8.0,12.0,7.0,8.0,8,9.0,15.0,17.0
NA20294,AMR,ASW,10.0,12,14.0,14.0,10.0,14.0,17,19,15.0,17.0,13,12,11.0,11.0,14,15,13.0,6.0,18.0,20.0,11.0,12.0,11.0,10.0,12.0,19.0,13.0,15.2,11,15,19.0,23.0,11.0,12.0,8.0,14.0,7.0,8.0,9,10.0,15.0,18.0
NA20296,AMR,ASW,7.0,11,12.0,15.0,14.0,14.0,16,24,15.0,15.0,12,10,8.0,11.0,13,15,13.0,16.0,16.0,18.0,11.0,12.0,13.0,9.0,15.0,20.0,12.2,13.0,17,15,20.0,23.0,9.0,11.0,12.0,13.0,7.0,10.0,10,11.0,16.0,17.0
NA20298,AMR,ASW,10.0,10,13.0,14.0,12.0,15.0,21,22,15.0,17.0,14,10,8.0,9.0,12,14,13.0,14.0,20.0,20.0,11.0,13.0,11.0,11.0,15.0,20.0,14.2,15.0,12,19,22.0,22.0,13.0,12.0,8.0,8.0,7.0,6.0,9,11.0,15.0,15.0
NA20299,AMR,ASW,10.0,12,14.0,17.3,12.0,11.0,19,24,16.0,15.0,12,11,12.0,9.0,13,13,13.0,11.0,20.0,22.0,10.0,11.0,11.0,12.0,12.0,13.0,15.2,16.2,10,11,20.0,21.0,9.0,11.0,5.0,12.0,7.0,9.0,6,12.0,16.0,17.0
NA20314,AMR,ASW,10.0,12,16.0,17.3,10.0,11.0,23,17,15.0,16.0,12,12,8.0,11.0,14,14,13.0,14.0,22.0,26.0,11.0,13.0,11.0,12.0,12.0,13.0,13.2,13.2,15,16,23.0,24.0,13.0,11.0,13.0,15.0,7.0,9.3,8,11.0,16.0,17.0
NA20317,AMR,ASW,10.0,10,16.0,17.3,11.0,14.0,22,25,17.0,17.0,13,12,11.0,12.0,13,15,13.0,12.0,16.0,18.0,12.0,13.0,11.0,8.0,14.0,17.0,13.0,15.0,14,15,23.0,24.0,13.0,9.0,7.0,13.0,6.0,8.0,8,9.0,16.0,16.0
NA20318,AMR,ASW,10.0,11,14.0,17.3,12.0,14.0,22,22,17.0,18.0,13,12,11.0,12.0,13,14,12.0,14.0,16.0,16.0,13.0,13.0,11.0,12.0,14.0,12.0,14.0,15.0,10,15,23.0,24.0,8.0,9.0,7.0,7.0,6.0,9.3,8,9.0,16.0,16.0
NA20320,AMR,ASW,10.0,11,15.0,17.3,11.0,14.0,22,22,16.0,17.0,12,11,11.0,8.0,14,15,14.0,14.0,17.0,21.0,11.0,13.0,12.0,10.0,13.0,17.0,14.0,13.2,17,15,23.0,25.0,13.0,12.0,8.0,13.0,7.0,6.0,10,11.0,16.0,19.0
NA20321,AMR,ASW,10.0,10,12.0,17.3,10.0,14.0,22,25,15.0,16.0,11,10,10.0,8.0,11,15,13.0,14.0,15.0,21.0,8.0,13.0,10.0,10.0,13.0,16.0,14.0,12.2,17,17,20.2,23.0,12.0,12.0,11.0,13.0,7.0,6.0,11,11.0,15.0,16.0
NA20332,AMR,ASW,13.0,12,14.0,16.0,12.0,11.0,19,24,17.0,17.0,12,11,10.0,8.0,11,14,13.0,14.0,22.0,22.0,12.0,13.0,11.0,9.0,14.2,16.0,11.0,13.0,15,15,21.0,21.0,13.0,13.0,11.0,12.0,7.0,9.0,10,11.0,16.0,17.0
NA20334,AMR,ASW,10.0,11,11.0,14.0,12.0,14.0,23,21,16.0,17.0,12,9,11.0,8.0,13,14,15.0,15.0,17.3,18.0,11.0,12.0,8.0,9.0,18.0,20.0,13.0,15.2,17,14,19.0,24.0,11.0,11.0,10.0,12.0,7.0,9.3,8,10.0,14.0,16.0
NA20339,AMR,ASW,11.0,12,16.0,16.3,12.0,14.0,20,25,14.0,15.0,12,11,10.0,11.0,13,14,12.0,14.0,20.0,23.0,11.0,12.0,10.0,9.0,16.0,17.0,15.0,15.0,17,11,19.2,25.0,13.0,10.0,5.0,10.0,7.0,7.0,8,9.0,16.0,17.0
NA20340,AMR,ASW,13.0,13,14.0,15.0,11.0,11.0,16,17,15.0,17.0,12,11,7.0,8.0,12,12,14.0,16.0,17.0,21.0,12.0,12.0,10.0,9.0,13.0,14.0,13.0,15.0,17,15,22.0,24.0,10.0,10.0,11.0,12.0,7.0,9.3,8,10.0,15.0,15.0
NA20342,AMR,ASW,10.0,12,11.0,16.0,14.0,15.0,19,20,15.2,17.0,13,9,7.0,11.0,13,12,11.0,14.0,17.0,19.0,11.0,13.0,10.0,12.0,17.0,17.0,14.0,13.0,10,12,23.0,25.0,13.0,9.0,8.0,13.0,7.0,8.0,8,12.0,16.0,18.0
NA20346,AMR,ASW,13.0,9,16.0,16.3,12.0,14.0,23,21,15.0,15.0,8,11,10.0,11.0,12,15,11.0,16.0,20.0,21.0,9.0,12.0,9.0,12.0,13.0,15.0,14.0,14.0,14,15,22.0,24.0,10.0,10.0,7.0,14.0,7.0,7.0,9,9.0,19.0,19.0
NA20348,AMR,ASW,9.0,11,14.0,16.0,12.0,11.0,17,17,14.0,18.0,12,11,13.0,10.0,13,15,13.0,13.0,19.2,23.0,12.0,13.0,11.0,9.0,14.0,17.0,11.0,15.2,11,16,23.0,28.0,5.0,11.0,8.0,14.0,7.0,9.0,9,11.0,17.0,19.0
NA20351,AMR,ASW,11.0,12,11.0,14.0,11.0,11.3,21,25,15.0,17.0,13,12,9.0,10.0,14,16,14.0,14.0,19.0,21.0,11.0,11.0,13.0,9.0,15.0,17.0,12.0,15.0,12,14,21.0,21.0,10.0,10.0,7.0,7.0,7.0,7.0,9,9.2,18.0,18.0
NA20355,AMR,ASW,11.0,11,11.0,16.0,12.0,14.0,19,21,16.0,16.0,12,12,9.0,8.0,13,14,14.0,15.0,16.0,18.0,11.0,12.0,9.0,10.0,18.0,16.0,13.0,15.2,17,14,23.0,24.0,11.0,14.0,11.0,12.0,7.0,6.0,8,9.0,16.0,16.0
NA20356,AMR,ASW,7.0,10,13.0,15.0,11.0,14.0,17,25,15.0,17.0,13,11,10.0,9.0,12,14,14.0,15.0,18.0,22.0,12.0,13.0,9.0,12.0,18.0,17.0,14.0,13.0,17,11,23.0,25.0,11.0,11.0,5.0,7.0,7.0,9.3,6,11.0,14.0,18.0
NA20357,AMR,ASW,10.0,12,14.0,14.0,11.3,13.0,23,18,14.0,15.0,10,10,10.0,11.0,14,14,12.0,14.0,17.0,17.0,11.0,12.0,9.0,11.0,14.0,15.0,14.0,12.0,17,17,23.0,25.0,5.0,12.0,8.0,11.0,8.0,8.0,11,11.0,17.0,17.0
NA20359,AMR,ASW,11.0,11,16.0,15.3,12.0,14.0,18,20,15.0,17.0,13,11,11.0,8.0,12,14,13.0,15.0,16.0,18.0,12.0,13.0,8.0,9.0,18.0,19.0,14.0,15.0,14,16,21.0,23.0,11.0,12.0,5.0,12.0,8.0,9.3,9,11.0,17.0,19.0
NA20362,AMR,ASW,10.0,11,15.0,15.3,12.0,15.0,20,21,17.0,18.0,11,11,8.0,8.0,14,14,13.0,15.0,18.0,19.0,11.0,12.0,8.0,12.0,17.0,19.0,14.0,13.0,15,16,20.0,21.0,11.0,12.0,12.0,13.0,9.0,9.3,9,9.0,17.0,17.0
NA20412,AMR,ASW,11.0,12,13.0,16.3,14.0,14.0,16,20,16.0,15.0,12,12,10.0,11.0,10,14,13.0,16.0,20.0,20.0,8.0,12.0,11.0,9.0,12.0,19.0,14.0,13.0,17,10,22.0,23.0,13.0,6.0,8.0,12.0,7.0,9.0,8,11.0,14.0,15.0
HG01112,AMR,CLM,11.0,12,15.0,17.3,14.0,14.0,19,23,17.0,18.0,13,10,8.0,12.0,12,15,14.0,15.0,16.0,20.0,8.0,12.0,12.0,13.0,18.0,12.0,13.0,14.2,17,16,24.0,24.0,11.0,11.0,7.0,7.0,7.0,6.0,10,11.0,17.0,19.0
HG01113,AMR,CLM,10.0,12,17.3,17.3,12.0,11.0,19,24,14.0,15.0,7,11,10.0,11.0,13,13,13.0,14.0,18.0,21.0,11.0,13.0,11.0,10.0,12.0,15.0,14.0,13.0,16,16,21.0,25.0,11.0,11.0,7.0,11.0,6.0,9.0,8,11.0,15.0,17.0
HG01119,AMR,CLM,11.0,12,17.3,16.3,12.0,14.0,17,19,16.0,18.0,12,12,10.0,12.0,13,13,14.0,15.0,21.0,24.0,11.0,12.0,12.0,12.0,18.0,15.0,14.0,11.0,15,16,22.0,23.0,10.0,14.0,10.0,10.0,9.0,9.3,8,11.0,18.0,18.0
HG01121,AMR,CLM,11.0,11,17.3,17.3,11.0,13.0,17,22,16.0,15.0,13,11,10.0,11.0,11,13,14.0,17.0,18.0,23.0,11.0,8.0,14.0,9.0,18.0,16.0,13.0,13.0,16,16,20.0,25.0,10.0,11.0,11.0,11.0,6.0,6.0,8,12.0,15.0,15.0
HG01122,AMR,CLM,10.0,12,17.3,15.3,10.0,13.0,16,19,15.0,15.0,10,11,10.0,11.0,11,14,14.0,14.0,20.0,21.0,11.0,9.0,12.0,13.0,14.0,16.0,13.0,13.0,16,16,24.0,28.0,13.0,14.0,14.0,14.0,9.0,9.3,9,11.0,16.0,17.0
HG01124,AMR,CLM,10.0,11,12.0,17.3,14.0,14.0,22,24,14.0,15.0,11,11,9.0,12.0,13,14,14.0,14.0,16.0,16.0,8.0,12.0,11.0,13.0,12.0,14.0,13.2,15.0,16,16,22.0,19.0,9.0,11.0,5.0,8.0,6.0,6.0,8,11.0,18.0,19.0
HG01125,AMR,CLM,12.0,12,17.0,16.0,11.0,11.0,21,25,16.0,17.0,13,11,9.0,11.0,14,14,13.0,16.0,18.0,22.0,8.0,8.0,11.0,10.0,14.0,20.0,14.0,13.0,16,16,23.0,26.0,13.0,8.0,7.0,13.0,7.0,6.0,8,11.0,16.0,19.0
HG01130,AMR,CLM,10.0,12,12.0,14.0,10.0,15.0,17,22,14.0,15.0,11,10,10.0,12.0,11,15,14.0,15.0,17.3,23.0,11.0,14.0,13.0,9.0,13.0,14.0,12.0,15.0,15,16,20.0,24.0,6.0,9.0,13.0,13.0,8.0,9.3,8,8.0,19.0,20.0
HG01131,AMR,CLM,9.0,12,13.0,16.3,11.0,11.0,20,25,16.0,19.0,12,12,11.0,11.0,13,14,14.0,15.0,19.0,19.0,11.0,13.0,11.0,13.0,13.0,13.0,14.0,15.2,11,16,24.0,29.0,13.0,10.0,7.0,11.0,9.0,9.3,11,11.0,15.0,16.0
HG01133,AMR,CLM,11.0,12,17.0,12.0,12.0,10.0,22,25,14.0,15.0,7,11,10.0,11.0,13,15,14.0,14.0,20.0,21.0,8.0,8.0,10.0,9.0,14.0,15.0,14.0,15.2,16,16,19.0,20.0,13.0,16.0,7.0,10.0,6.0,9.0,11,11.0,15.0,15.0
HG01134,AMR,CLM,10.0,11,11.0,13.0,10.0,11.0,17,17,15.0,15.0,10,11,11.0,12.0,13,14,14.0,15.0,18.0,20.0,11.0,14.0,11.0,11.0,17.0,17.0,14.0,13.0,11,15,19.0,25.0,11.0,15.0,10.0,12.0,6.0,8.0,9,10.0,17.0,18.0
HG01136,AMR,CLM,10.0,11,17.0,14.3,11.3,14.0,24,25,15.0,17.0,9,11,10.0,12.0,13,12,13.0,15.0,19.0,19.0,11.0,13.0,11.0,13.0,14.0,16.0,13.0,13.2,15,16,23.0,26.0,10.0,11.0,14.0,15.0,6.0,9.3,8,12.0,14.0,17.0
HG01137,AMR,CLM,10.0,10,11.0,16.0,10.0,12.0,17,22,15.0,15.0,13,11,11.0,12.0,12,13,14.0,16.0,20.0,23.0,13.0,14.0,9.0,9.0,14.0,14.0,14.0,15.0,15,16,22.0,21.0,11.0,11.0,10.0,12.0,6.0,8.0,8,11.0,16.0,16.0
HG01139,AMR,CLM,11.0,12,15.0,17.3,10.0,14.0,20,24,15.0,15.0,13,12,11.0,11.0,8,14,14.0,16.0,19.0,16.0,11.0,12.0,11.0,10.0,12.0,17.0,14.0,15.2,15,16,22.0,24.0,9.0,11.0,10.0,12.0,7.0,6.0,8,9.0,16.0,20.0
HG01140,AMR,CLM,10.0,11,17.0,15.3,10.0,11.0,17,21,16.0,17.0,11,11,10.0,11.0,13,13,14.0,15.0,19.0,18.0,11.0,11.0,9.0,13.0,18.0,14.0,13.0,15.0,15,16,24.0,24.0,10.0,11.0,14.0,14.0,8.0,8.0,8,12.0,15.0,18.0
HG01142,AMR,CLM,12.0,12,13.0,13.0,10.0,14.0,18,25,15.0,16.0,8,7,10.0,10.0,13,13,14.0,14.0,18.0,19.0,11.0,12.0,13.0,9.0,16.0,19.0,13.0,15.0,11,14,24.0,24.0,10.0,10.0,12.0,12.0,6.0,8.0,8,8.0,16.0,18.0
HG01148,AMR,CLM,11.0,11,14.0,17.3,11.0,11.3,17,25,14.0,16.0,9,9,10.0,11.0,14,14,15.0,16.0,19.0,20.0,10.0,11.0,12.0,12.0,18.0,18.0,13.0,16.0,17,16,24.0,24.0,13.0,11.0,13.0,13.0,7.0,9.3,8,8.0,17.0,17.0
HG01149,AMR,CLM,13.0,11,15.0,16.0,11.3,15.0,21,22,15.0,16.0,12,11,8.0,11.0,10,15,14.0,15.0,20.0,20.0,11.0,14.0,11.0,13.0,18.0,17.0,12.0,13.0,11,15,19.0,24.0,11.0,15.0,5.0,12.0,9.3,9.3,8,11.0,16.0,17.0
HG01250,AMR,CLM,10.0,11,11.0,14.3,10.0,10.0,20,22,17.0,18.0,12,10,9.0,12.0,15,16,15.0,15.0,19.0,19.0,11.0,12.0,12.0,9.0,12.0,17.0,13.0,15.0,16,16,20.0,23.0,10.0,14.0,11.0,12.0,6.0,9.0,8,11.0,18.0,18.0
HG01251,AMR,CLM,13.0,12,18.3,14.3,10.0,14.0,19,21,16.0,17.0,11,11,10.0,10.0,11,14,12.0,16.0,16.0,18.0,8.0,8.0,9.0,9.0,13.0,14.0,13.0,13.0,17,16,22.0,25.0,9.0,9.0,16.0,16.0,7.0,7.0,11,11.0,16.0,19.0
HG01253,AMR,CLM,12.0,12,15.0,18.3,10.0,11.3,23,23,15.0,15.0,13,9,9.0,12.0,13,12,13.0,12.0,17.3,19.3,12.0,13.0,9.0,13.0,18.0,18.0,14.0,15.2,15,16,23.0,23.0,12.0,12.0,5.0,14.0,6.0,9.3,8,9.0,15.0,18.0
HG01254,AMR,CLM,12.0,12,12.0,16.0,10.0,14.0,18,19,17.0,18.0,13,9,10.0,11.0,11,14,15.0,16.0,19.0,18.0,11.0,13.0,11.0,10.0,18.0,14.0,14.0,14.0,15,16,25.0,25.0,10.0,10.0,8.0,12.0,9.3,9.3,8,8.0,15.0,18.0
HG01256,AMR,CLM,10.0,11,12.0,13.0,11.0,14.0,19,25,15.0,15.0,12,11,9.0,10.0,10,14,13.0,14.0,17.0,18.0,10.0,13.0,11.0,9.0,14.0,16.0,13.0,13.0,15,15,21.0,23.0,12.0,12.0,11.0,11.0,6.0,8.0,8,8.0,18.0,18.0
HG01257,AMR,CLM,11.0,12,12.0,13.0,10.0,14.0,17,19,15.0,16.0,13,9,11.0,11.0,13,13,14.0,14.0,21.0,24.0,12.0,13.0,12.0,13.0,19.0,24.0,13.0,13.0,15,16,22.0,26.0,11.0,11.0,11.0,12.0,7.0,6.0,8,12.0,15.0,16.0
HG01259,AMR,CLM,11.0,12,12.0,16.0,10.0,14.0,20,25,15.0,18.0,12,11,10.0,11.0,9,11,14.0,14.0,19.0,18.0,8.0,10.0,11.0,10.0,12.0,15.0,13.0,15.2,15,16,18.0,23.0,13.0,9.0,7.0,7.0,7.0,6.0,8,8.0,18.0,18.0
HG01260,AMR,CLM,11.0,11,13.0,15.3,10.0,11.0,20,21,14.0,15.0,12,11,11.0,12.0,10,14,15.0,16.0,23.0,23.0,11.0,12.0,10.0,10.0,16.0,17.0,14.0,15.0,16,16,20.0,24.0,9.0,11.0,12.0,14.0,6.0,8.0,8,8.0,14.0,17.0
HG01269,AMR,CLM,9.0,12,17.0,15.3,10.0,11.0,23,19,15.0,16.0,12,11,9.0,10.0,13,13,14.0,15.0,17.0,19.0,12.0,12.0,11.0,12.0,15.2,20.0,14.0,14.0,16,16,22.0,22.0,10.0,11.0,11.0,13.0,6.0,9.3,8,9.0,15.0,17.0
HG01271,AMR,CLM,13.0,12,15.0,18.3,10.0,14.0,23,23,17.0,18.0,12,11,8.0,10.0,13,14,14.0,14.0,18.0,22.0,9.0,12.0,14.0,9.0,16.0,16.0,13.0,13.2,11,16,17.0,20.0,9.0,10.0,10.0,12.0,7.0,8.0,8,12.0,17.0,17.0
HG01272,AMR,CLM,11.0,12,15.0,16.3,11.0,14.0,20,20,15.0,18.0,12,11,11.0,12.0,11,14,14.0,15.0,20.0,21.0,11.0,13.0,11.0,11.0,13.0,17.0,13.0,15.0,14,16,20.0,28.0,10.0,10.0,11.0,11.0,6.0,8.0,8,11.0,17.0,17.0
HG01275,AMR,CLM,10.0,12,15.0,16.0,11.0,14.0,23,18,14.0,18.0,11,11,9.0,8.0,12,14,13.0,14.0,16.0,18.0,8.0,8.0,10.0,12.0,18.0,14.0,15.0,17.0,11,15,21.0,23.0,7.0,12.0,12.0,12.0,6.0,9.0,8,11.0,16.0,18.0
HG01277,AMR,CLM,10.0,12,12.0,14.0,12.0,11.0,20,21,15.0,15.0,14,12,11.0,12.0,12,15,13.0,14.0,19.0,18.0,11.0,12.0,12.0,9.0,18.0,19.0,14.0,13.0,11,16,21.0,24.0,9.0,11.0,10.0,12.0,6.0,8.0,8,11.0,14.0,18.0
HG01280,AMR,CLM,11.0,11,14.0,16.0,10.0,11.0,23,17,15.0,16.0,13,11,10.0,10.0,15,15,13.0,14.0,20.0,20.0,11.0,11.0,11.0,12.0,18.0,13.0,14.0,12.0,15,16,22.0,25.0,13.0,10.0,5.0,7.0,6.0,9.3,8,11.0,16.0,18.0
HG01281,AMR,CLM,10.0,12,13.0,16.0,10.0,11.0,18,20,14.0,16.0,12,11,9.0,10.0,13,15,14.0,14.0,17.0,19.0,9.0,12.0,12.0,14.0,13.0,19.0,13.0,16.0,15,16,22.0,25.0,11.0,11.0,10.0,10.0,6.0,6.0,8,11.0,15.0,16.0
HG01284,AMR,CLM,13.0,12,13.0,17.3,10.0,14.0,23,24,14.0,14.0,11,11,10.0,11.0,13,13,14.0,14.0,21.0,22.0,12.0,12.0,13.0,9.0,18.0,12.0,15.0,17.0,11,11,20.0,23.0,11.0,15.0,7.0,12.0,7.0,6.0,8,12.0,16.0,17.0
HG01341,AMR,CLM,11.0,11,15.3,16.0,10.0,11.0,18,18,15.0,16.0,12,11,12.0,12.0,10,14,12.0,14.0,18.0,18.0,13.0,14.0,12.0,12.0,12.0,15.0,12.2,15.0,15,16,22.0,24.0,9.0,11.0,10.0,12.0,7.0,6.0,8,8.0,15.0,17.0
HG01342,AMR,CLM,10.0,11,16.0,17.3,11.3,14.0,23,25,17.0,17.0,12,10,8.0,12.0,13,14,12.0,14.0,17.0,20.0,11.0,11.0,9.0,10.0,15.0,17.0,14.0,14.0,14,15,21.0,22.2,11.0,12.0,5.0,11.0,6.0,9.0,8,8.0,16.0,17.0
HG01344,AMR,CLM,13.0,11,14.0,16.0,10.0,11.0,17,20,17.0,19.0,12,12,9.0,11.0,14,14,11.0,14.0,19.0,24.0,9.0,14.0,11.0,12.0,16.0,21.0,15.0,17.2,15,15,22.0,25.0,10.0,11.0,14.0,14.0,7.0,9.3,8,12.0,16.0,18.0
HG01345,AMR,CLM,13.0,10,12.0,15.0,10.0,11.0,18,18,15.0,17.0,10,11,10.0,10.0,13,12,13.0,13.0,19.0,19.0,11.0,13.0,12.0,10.0,15.0,17.0,14.0,13.0,16,16,22.0,23.2,9.0,15.0,10.0,13.0,8.0,8.0,8,6.0,16.0,18.0
HG01348,AMR,CLM,12.0,12,16.0,16.0,11.0,11.0,17,19,15.0,15.0,10,9,8.0,8.0,13,14,14.0,15.0,15.0,18.0,12.0,12.0,11.0,12.0,16.0,17.0,13.0,14.2,15,16,21.0,23.0,11.0,11.0,12.0,12.0,9.3,9.3,8,8.0,16.0,18.0
HG01350,AMR,CLM,11.0,12,17.3,16.3,11.0,11.3,17,24,15.0,15.0,12,11,12.0,8.0,13,13,14.0,15.0,19.0,20.0,9.0,12.0,12.0,13.0,18.0,14.0,14.0,13.0,17,16,22.0,24.0,11.0,11.0,11.0,12.0,6.0,9.0,10,11.0,16.0,14.0
HG01351,AMR,CLM,11.0,12,17.0,16.3,10.0,11.3,23,22,15.0,16.0,12,11,7.0,9.0,12,13,15.0,15.0,20.0,21.0,8.0,13.0,11.0,10.0,12.0,13.0,14.0,14.0,15,16,24.0,26.0,9.0,11.0,10.0,10.0,8.0,9.3,8,12.0,17.0,18.0
HG01353,AMR,CLM,11.0,12,15.0,16.3,11.0,14.0,17,20,14.0,17.0,7,11,10.0,11.0,11,14,14.0,16.0,17.3,18.0,11.0,9.0,12.0,14.0,13.0,17.0,14.0,15.0,15,16,19.0,24.0,9.0,11.0,13.0,13.0,9.0,9.3,11,11.0,17.0,20.0
HG01354,AMR,CLM,11.0,11,14.0,16.0,9.0,14.0,17,17,16.0,16.0,12,11,9.0,12.0,13,15,13.0,17.0,15.0,20.0,11.0,12.0,13.0,11.0,17.0,17.0,14.0,15.0,15,16,22.0,25.0,12.0,15.0,10.0,12.0,7.0,6.0,8,11.0,15.0,16.0
HG01356,AMR,CLM,12.0,12,13.0,14.0,10.0,14.0,23,20,16.0,15.0,11,11,10.0,11.0,12,14,14.0,15.0,20.0,24.0,11.0,12.0,10.0,10.0,18.0,14.0,13.0,13.0,16,16,22.0,22.0,9.0,10.0,12.0,12.0,7.0,9.0,11,12.0,16.0,17.0
HG01357,AMR,CLM,10.0,11,16.0,17.3,11.0,11.3,20,22,17.0,17.0,13,11,10.0,11.0,14,15,13.0,15.0,17.0,17.3,11.0,11.0,12.0,13.0,17.0,17.0,13.0,13.2,15,15,23.0,24.0,13.0,10.0,10.0,12.0,6.0,9.3,8,11.0,15.0,16.0
HG01359,AMR,CLM,13.0,12,12.0,15.3,14.0,14.0,20,25,18.0,18.0,11,10,10.0,10.0,10,11,13.0,16.0,20.0,21.0,9.0,12.0,11.0,13.0,14.0,17.0,13.0,16.2,15,15,19.0,23.0,9.0,12.0,10.0,14.0,9.3,9.3,8,12.0,15.0,15.0
HG01360,AMR,CLM,10.0,12,16.0,16.3,10.0,10.0,26,26,16.0,19.0,11,13,9.0,10.0,13,13,13.0,15.0,18.0,23.0,12.0,13.0,9.0,11.0,15.0,16.0,13.0,15.0,16,16,23.0,24.0,9.0,12.0,10.0,12.0,9.0,9.3,8,8.0,16.0,17.0
HG01362,AMR,CLM,10.0,12,11.0,16.0,11.0,14.0,19,24,17.0,17.0,13,11,9.0,10.0,14,14,14.0,15.0,20.0,24.0,11.0,12.0,12.0,13.0,16.0,17.0,14.0,13.0,14,15,20.0,24.0,13.0,13.0,7.0,7.0,7.0,9.3,8,8.0,15.0,16.0
HG01363,AMR,CLM,13.0,10,13.0,13.0,10.0,11.0,23,14,14.0,17.0,15,9,9.0,11.0,13,11,13.0,13.0,19.0,19.0,11.0,14.0,11.0,13.0,16.0,20.0,14.0,12.0,16,16,24.0,27.0,9.0,14.0,13.0,13.0,6.0,9.3,11,11.0,17.0,19.0
HG01365,AMR,CLM,10.0,11,14.0,17.3,10.0,11.0,16,24,16.0,17.0,11,13,11.0,8.0,13,14,13.0,12.0,20.0,20.0,12.0,12.0,13.0,9.0,16.0,20.0,14.0,13.0,11,15,21.0,26.0,13.0,12.0,5.0,13.0,9.0,9.0,8,12.0,16.0,17.0
HG01366,AMR,CLM,13.0,11,15.0,16.0,11.0,14.0,19,26,15.0,17.0,13,11,8.0,10.0,13,8,14.0,15.0,19.0,19.0,8.0,13.0,11.0,11.0,14.0,17.0,14.0,14.0,15,16,21.0,25.0,9.0,10.0,12.0,13.0,7.0,7.0,10,12.0,16.0,17.0
HG01369,AMR,CLM,10.0,11,13.0,15.0,10.0,14.0,17,17,15.0,16.0,11,11,9.0,9.0,13,13,14.0,14.0,17.0,20.0,9.0,11.0,12.0,10.0,13.0,16.0,13.0,15.0,16,16,22.0,20.0,9.0,12.0,11.0,11.0,7.0,6.0,11,11.0,16.0,18.0
HG01372,AMR,CLM,11.0,12,13.0,14.0,11.0,11.3,23,17,15.0,15.0,11,11,8.0,10.0,11,14,13.0,17.0,18.0,22.0,12.0,13.0,11.0,12.0,19.0,12.0,13.0,15.0,15,16,21.0,26.0,9.0,11.0,10.0,10.0,6.0,6.0,8,11.0,16.0,17.0
HG01374,AMR,CLM,11.0,12,17.3,17.3,11.0,14.0,17,20,14.0,14.0,13,12,10.0,12.0,14,15,13.0,15.0,19.0,23.0,12.0,13.0,12.0,12.0,15.0,19.0,13.0,13.0,17,16,24.0,25.0,10.0,11.0,10.0,10.0,6.0,9.0,9,11.0,14.0,18.0
HG01375,AMR,CLM,11.0,12,11.0,16.3,14.0,14.0,19,25,17.0,18.0,13,12,10.0,8.0,13,12,14.0,14.0,19.0,19.0,11.0,14.0,11.0,13.0,11.0,16.0,13.0,13.0,15,16,20.0,21.0,10.0,11.0,8.0,13.0,9.3,9.3,8,8.0,16.0,17.0
HG01377,AMR,CLM,10.0,10,13.0,15.0,12.0,11.0,25,25,15.0,15.0,11,11,10.0,12.0,13,13,13.0,14.0,16.0,19.0,11.0,13.0,11.0,13.0,13.0,15.0,15.0,15.0,17,11,19.0,23.0,10.0,14.0,10.0,12.0,9.3,9.3,10,12.0,15.0,17.0
HG01378,AMR,CLM,10.0,11,16.0,17.3,10.0,14.0,16,17,15.0,17.0,11,14,13.0,8.0,11,12,13.0,12.0,18.0,20.0,9.0,13.0,12.0,13.0,13.0,13.0,14.0,15.0,15,16,27.0,21.0,13.0,10.0,10.0,10.0,7.0,9.3,8,8.0,17.0,17.0
HG01383,AMR,CLM,10.0,12,18.3,18.3,10.0,14.0,20,22,14.0,16.0,12,11,7.0,7.0,10,15,14.0,14.0,19.0,20.0,12.0,13.0,12.0,9.0,19.0,20.0,14.0,15.0,16,16,22.0,23.0,10.0,14.0,10.0,15.0,7.0,9.3,8,8.0,17.0,19.0
HG01384,AMR,CLM,13.0,10,16.0,18.3,11.0,14.0,23,18,15.0,16.0,11,11,12.0,12.0,13,14,13.0,16.0,19.0,20.0,8.0,10.0,13.0,10.0,14.0,17.0,14.0,12.0,14,16,22.0,24.0,9.0,11.0,10.0,12.0,7.0,9.0,9,11.0,16.0,16.0
HG01389,AMR,CLM,10.0,11,14.0,15.3,10.0,14.0,17,20,15.0,17.0,11,11,10.0,12.0,10,12,14.0,17.0,19.0,20.0,9.0,13.0,12.0,11.0,13.0,15.0,13.0,15.0,15,15,22.0,21.0,9.0,10.0,10.0,12.0,6.0,9.0,8,8.0,15.0,15.0
HG01390,AMR,CLM,10.0,12,16.0,16.0,11.0,14.0,19,24,16.0,17.0,12,7,10.0,11.0,15,16,14.0,14.0,19.0,23.0,11.0,12.0,12.0,9.0,14.0,15.0,13.0,13.0,11,16,22.0,25.0,12.0,12.0,12.0,12.0,7.0,9.3,8,11.0,17.0,19.0
HG01431,AMR,CLM,10.0,12,14.0,16.0,11.0,14.0,23,20,15.0,15.0,7,11,10.0,11.0,13,15,12.0,14.0,23.0,24.0,10.0,12.0,12.0,13.0,12.0,15.0,13.0,13.0,11,15,24.0,25.0,10.0,12.0,11.0,11.0,6.0,8.0,9,11.0,16.0,16.0
HG01432,AMR,CLM,13.0,13,17.3,17.3,14.0,14.0,17,18,15.0,15.0,12,10,11.0,12.0,14,14,14.0,15.0,19.0,21.0,8.0,11.0,12.0,12.0,18.0,14.0,14.0,14.2,15,16,22.0,19.0,11.0,14.0,10.0,12.0,7.0,8.0,8,8.0,16.0,17.0
HG01435,AMR,CLM,13.0,12,13.0,14.0,10.0,14.0,23,20,15.0,16.0,12,10,8.0,10.0,14,15,14.0,14.0,18.0,18.0,11.0,12.0,11.0,13.0,15.0,17.0,13.0,15.0,15,16,25.0,25.0,9.0,10.0,7.0,10.0,7.0,6.0,10,11.0,16.0,17.0
HG01437,AMR,CLM,10.0,11,14.0,15.0,10.0,10.0,17,22,15.0,18.0,12,12,8.0,10.0,14,15,14.0,14.0,18.0,18.0,12.0,13.0,11.0,12.0,14.0,14.0,12.0,15.2,15,15,24.0,24.0,10.0,12.0,7.0,13.0,6.0,9.3,11,11.0,17.0,17.0
HG01438,AMR,CLM,11.0,12,17.0,14.0,12.0,11.0,16,19,15.0,15.0,11,11,8.0,11.0,10,12,13.0,13.0,19.0,20.0,9.0,10.0,12.0,13.0,15.0,15.0,13.0,13.0,11,15,22.0,20.0,12.0,12.0,10.0,11.0,7.0,9.0,8,11.0,16.0,18.0
HG01440,AMR,CLM,10.0,10,14.0,16.0,10.0,11.0,16,21,16.0,18.0,12,11,10.0,12.0,14,15,12.0,15.0,17.0,20.0,8.0,11.0,11.0,12.0,14.0,16.0,13.2,15.2,16,16,21.0,24.0,13.0,11.0,11.0,13.0,6.0,9.3,8,12.0,17.0,18.0
HG01441,AMR,CLM,11.0,12,13.0,15.0,10.0,12.0,17,21,15.0,15.0,11,11,10.0,11.0,13,13,14.0,16.0,17.0,21.0,12.0,12.0,12.0,9.0,13.0,17.0,15.0,16.0,15,16,22.0,24.0,9.0,11.0,10.0,12.0,6.0,9.3,8,11.0,17.0,17.0
HG01443,AMR,CLM,13.0,10,15.0,15.0,10.0,11.0,19,20,14.0,15.0,10,11,11.0,12.0,13,14,13.0,14.0,19.0,16.0,8.0,11.0,11.0,11.0,14.0,16.0,14.0,13.2,15,16,22.2,24.0,9.0,11.0,11.0,11.0,7.0,9.0,8,8.0,16.0,19.0
HG01444,AMR,CLM,11.0,12,15.0,16.3,11.0,14.0,16,23,17.0,18.0,13,11,12.0,12.0,13,15,14.0,15.0,17.0,18.0,11.0,13.0,10.0,9.0,13.0,16.0,14.0,12.0,11,15,22.0,24.0,13.0,11.0,12.0,12.0,7.0,7.0,11,12.0,15.0,17.0
HG01447,AMR,CLM,13.0,12,13.0,15.0,10.0,10.0,22,22,15.0,17.0,9,11,8.0,11.0,10,14,14.0,15.0,18.0,20.0,11.0,11.0,13.0,9.0,18.0,14.0,14.0,14.0,15,16,22.0,22.0,10.0,11.0,10.0,12.0,6.0,9.0,8,8.0,14.0,17.0
HG01455,AMR,CLM,12.0,12,15.0,16.0,10.0,11.3,18,22,14.0,16.0,11,12,12.0,8.0,13,11,15.0,15.0,19.0,19.0,10.0,11.0,11.0,11.0,16.0,19.0,13.0,15.0,11,16,24.0,25.0,9.0,12.0,10.0,10.0,6.0,6.0,8,11.0,16.0,17.0
HG01456,AMR,CLM,10.0,11,14.0,16.0,10.0,14.0,20,20,17.0,17.0,12,12,10.0,11.0,13,13,14.0,14.0,21.0,22.0,12.0,12.0,12.0,9.0,13.0,17.0,14.0,15.0,17,15,20.0,20.0,11.0,11.0,10.0,12.0,8.0,9.0,8,8.0,15.0,17.0
HG01459,AMR,CLM,10.0,12,15.0,16.0,10.0,10.0,20,22,16.0,14.0,12,11,10.0,11.0,14,15,14.0,15.0,17.0,19.0,11.0,11.0,13.0,10.0,14.0,15.0,15.0,15.0,13,15,23.0,23.0,7.0,9.0,7.0,12.0,6.0,9.3,8,8.0,14.0,18.0
HG01461,AMR,CLM,10.0,12,17.0,14.0,11.3,14.0,22,23,15.0,18.0,13,12,13.0,10.0,11,14,14.0,14.0,16.0,23.0,11.0,14.0,9.0,10.0,13.0,15.0,14.0,14.0,12,15,20.0,23.0,9.0,11.0,7.0,9.0,7.0,9.3,8,12.0,14.0,16.0
HG01462,AMR,CLM,11.0,14,18.3,17.3,10.0,14.0,19,22,15.0,17.0,11,8,10.0,10.0,13,16,15.0,15.0,15.0,21.0,8.0,12.0,11.0,12.0,14.0,16.0,12.0,13.0,15,15,26.0,29.0,13.0,12.0,13.0,13.0,6.0,8.0,8,11.0,17.0,17.0
HG01464,AMR,CLM,11.0,11,15.0,16.0,12.0,13.0,17,24,16.0,14.0,13,12,13.0,11.0,12,14,13.0,12.0,18.0,19.0,11.0,12.0,12.0,8.0,12.0,14.0,14.2,16.2,10,16,22.0,25.0,9.0,11.0,11.0,11.0,7.0,6.0,8,12.0,14.0,16.0
HG01465,AMR,CLM,12.0,12,18.3,15.3,12.0,10.0,17,20,16.0,17.0,12,11,11.0,11.0,13,13,15.0,15.0,19.0,19.0,10.0,12.0,12.0,10.0,13.0,16.0,14.0,13.0,15,16,21.0,23.0,13.0,11.0,13.0,13.0,8.0,8.0,8,12.0,17.0,18.0
HG01468,AMR,CLM,12.0,12,17.0,12.0,11.0,14.0,20,20,15.0,16.0,11,11,10.0,10.0,12,15,13.0,14.0,19.0,19.0,11.0,8.0,12.0,9.0,15.0,16.0,15.2,16.2,11,15,23.0,23.0,9.0,9.0,12.0,12.0,6.0,6.0,8,12.0,15.0,16.0
HG01474,AMR,CLM,11.0,12,17.3,17.3,14.0,14.0,18,20,17.0,18.0,12,11,10.0,10.0,13,10,13.0,13.0,18.0,19.0,11.0,11.0,11.0,10.0,13.0,15.0,14.0,14.2,15,16,20.0,24.0,13.0,9.0,10.0,12.0,7.0,9.3,8,11.0,16.0,17.0
HG01479,AMR,CLM,10.0,11,15.0,17.3,11.0,11.0,17,21,14.0,16.0,12,11,10.0,12.0,8,14,13.0,16.0,16.0,24.0,10.0,13.0,13.0,9.0,14.0,16.0,14.0,14.0,15,15,22.0,22.0,9.0,12.0,7.0,7.0,7.0,7.0,8,10.0,17.0,19.0
HG01485,AMR,CLM,13.0,8,16.0,16.0,11.0,14.0,17,21,16.0,17.0,10,11,10.0,11.0,13,14,13.0,13.0,18.0,20.0,12.0,12.0,10.0,9.0,14.0,16.0,14.0,13.0,8,16,24.0,24.0,9.0,11.0,10.0,10.0,7.0,6.0,8,12.0,15.0,16.0
HG01486,AMR,CLM,13.0,12,15.0,16.0,10.0,14.0,23,16,15.0,17.0,11,11,12.0,8.0,13,14,13.0,14.0,17.0,18.0,12.0,12.0,9.0,13.0,14.0,15.0,13.0,16.0,12,15,21.0,25.0,9.0,14.0,7.0,7.0,9.3,9.3,8,11.0,11.0,16.0
HG01488,AMR,CLM,13.0,10,18.0,17.3,12.0,13.0,16,17,16.0,17.0,12,11,11.0,11.0,14,15,13.0,13.0,19.0,20.0,8.0,8.0,12.0,10.0,16.0,19.0,14.0,13.0,14,15,22.0,21.0,13.0,12.0,10.0,15.0,6.0,6.0,8,9.0,14.0,18.0
HG01489,AMR,CLM,12.0,12,15.0,16.0,10.0,14.0,17,17,15.0,18.0,13,11,10.0,10.0,13,15,14.0,14.0,18.0,20.0,10.0,12.0,14.0,11.0,12.0,16.0,13.0,15.0,11,15,22.0,20.0,11.0,12.0,5.0,7.0,6.0,6.0,10,11.0,17.0,18.0
HG01491,AMR,CLM,10.0,12,12.0,13.0,11.0,14.0,20,22,14.0,18.0,12,11,11.0,12.0,14,14,13.0,13.0,18.0,19.0,8.0,9.0,12.0,9.0,16.0,16.0,13.0,14.2,15,16,22.0,24.0,14.0,14.0,13.0,15.0,6.0,6.0,8,11.0,15.0,16.0
HG01492,AMR,CLM,11.0,12,15.3,15.3,12.0,10.0,18,20,15.0,16.0,13,11,10.0,11.0,13,15,13.0,16.0,18.0,18.0,11.0,13.0,12.0,12.0,11.0,13.0,14.0,16.0,16,16,22.0,20.0,14.0,14.0,7.0,9.0,7.0,9.3,8,11.0,15.0,16.0
HG01494,AMR,CLM,8.0,12,14.0,15.0,11.3,14.0,20,20,16.0,16.0,12,11,13.0,13.0,14,14,14.0,15.0,17.0,18.0,12.0,13.0,11.0,13.0,16.0,19.0,14.0,13.0,16,18,21.0,25.0,9.0,11.0,13.0,16.0,6.0,9.0,8,11.0,17.0,17.0
HG01495,AMR,CLM,12.0,12,12.0,16.0,11.3,14.0,17,25,15.0,19.0,12,12,8.0,10.0,11,13,13.0,14.0,15.0,18.0,8.0,10.0,11.0,12.0,13.0,14.0,14.0,14.0,17,16,19.0,26.0,11.0,12.0,13.0,13.0,7.0,9.0,8,11.0,16.0,17.0
HG01497,AMR,CLM,11.0,11,15.0,17.3,11.0,13.0,19,22,14.0,16.0,13,11,11.0,11.0,9,15,13.0,13.0,17.0,17.3,12.0,12.0,11.0,13.0,13.0,17.0,13.0,15.0,16,16,22.0,22.0,10.0,14.0,10.0,14.0,7.0,6.0,8,8.0,14.0,15.0
HG01498,AMR,CLM,12.0,12,15.0,15.3,11.0,13.0,23,22,17.0,17.0,13,13,10.0,10.0,13,14,13.0,12.0,17.0,21.0,11.0,12.0,11.0,11.0,14.0,14.0,14.0,13.0,15,16,20.0,24.0,13.0,10.0,10.0,12.0,6.0,6.0,8,11.0,14.0,17.0
HG01550,AMR,CLM,11.0,12,17.0,15.0,10.0,11.0,20,24,16.0,15.0,11,11,10.0,10.0,13,15,14.0,16.0,18.0,23.0,12.0,13.0,11.0,12.0,15.0,16.0,14.0,14.2,15,16,21.0,24.0,10.0,12.0,12.0,16.0,6.0,9.3,8,8.0,18.0,18.0
HG01551,AMR,CLM,12.0,12,14.0,15.0,11.3,14.0,23,19,16.0,17.0,14,9,8.0,12.0,9,14,14.0,16.0,19.2,22.0,12.0,12.0,11.0,9.0,12.0,22.0,14.0,15.0,17,16,25.0,26.0,10.0,10.0,11.0,11.0,6.0,6.0,8,9.0,15.0,20.0
HG01556,AMR,CLM,10.0,12,17.0,16.3,10.0,11.0,19,22,15.0,16.0,11,12,12.0,12.0,12,12,14.0,14.0,17.0,18.0,11.0,12.0,11.0,12.0,13.0,16.0,13.2,16.0,15,16,20.0,26.0,9.0,10.0,10.0,12.0,6.0,6.0,8,8.0,15.0,18.0
NA19648,AMR,MXL,12.0,14,14.0,16.3,11.0,14.0,20,25,16.0,16.0,12,11,11.0,12.0,13,13,14.0,14.0,21.0,21.0,8.0,11.0,10.0,9.0,11.0,17.0,14.0,12.0,17,15,21.0,21.0,8.0,12.0,12.0,13.0,8.0,9.3,8,10.0,17.0,18.0
NA19649,AMR,MXL,10.0,10,12.0,16.0,11.0,11.0,20,19,14.0,17.0,12,12,12.0,12.0,13,14,14.0,16.0,20.0,22.0,9.0,13.0,13.0,9.0,13.0,20.0,13.0,13.2,16,16,19.0,23.0,10.0,14.0,9.0,9.0,7.0,7.0,8,8.0,16.0,18.0
NA19651,AMR,MXL,11.0,11,14.0,16.0,10.0,11.0,17,20,14.0,15.0,9,11,9.0,10.0,10,12,13.0,13.0,19.0,20.0,11.0,11.0,8.0,13.0,13.0,17.0,14.0,14.2,16,16,19.0,25.0,9.0,9.0,13.0,13.0,9.0,9.3,8,8.0,15.0,17.0
NA19652,AMR,MXL,10.0,12,16.0,17.3,10.0,10.0,17,22,15.0,16.0,11,11,10.0,10.0,13,10,13.0,15.0,17.0,24.0,11.0,12.0,12.0,12.0,13.0,15.0,14.0,13.0,16,16,20.0,24.0,9.0,12.0,12.0,12.0,7.0,9.0,8,8.0,16.0,18.0
NA19654,AMR,MXL,11.0,11,13.0,13.0,10.0,10.0,17,24,17.0,17.0,12,11,11.0,11.0,10,10,13.0,16.0,20.0,22.0,12.0,12.0,11.0,13.0,15.0,16.0,12.0,16.0,15,15,20.0,24.0,10.0,11.0,13.0,13.0,7.0,9.3,8,12.0,16.0,16.0
NA19655,AMR,MXL,13.0,10,12.0,14.0,11.0,14.0,23,16,15.0,16.0,12,13,10.0,10.0,12,12,11.0,11.0,15.0,19.0,8.0,14.0,10.0,8.0,18.0,12.0,14.0,17.0,16,16,24.0,27.0,13.0,9.0,7.0,7.0,7.0,9.3,8,8.0,16.0,16.0
NA19657,AMR,MXL,10.0,12,14.0,17.3,10.0,11.0,23,17,15.0,16.0,11,11,13.0,10.0,14,14,14.0,15.0,19.0,19.0,8.0,8.0,12.0,9.0,12.0,16.0,12.2,15.2,16,16,24.0,25.0,13.0,11.0,14.0,14.0,7.0,8.0,8,12.0,16.0,19.0
NA19658,AMR,MXL,10.0,10,17.0,14.0,10.0,14.0,16,17,14.0,15.0,11,11,13.0,10.0,10,15,12.0,15.0,19.0,17.0,9.0,11.0,12.0,12.0,18.0,14.0,14.0,13.0,15,16,19.0,19.0,13.0,10.0,12.0,12.0,7.0,8.0,8,8.0,16.0,16.0
NA19661,AMR,MXL,12.0,12,16.0,16.0,10.0,14.0,18,22,15.0,16.0,12,11,9.0,8.0,11,16,13.0,15.0,19.0,20.0,11.0,10.0,10.0,10.0,18.0,17.0,13.0,15.2,15,15,22.0,23.0,13.0,9.0,10.0,16.0,7.0,9.3,10,12.0,15.0,17.0
NA19663,AMR,MXL,10.0,12,13.0,17.3,10.0,14.0,19,20,16.0,16.0,12,11,9.0,10.0,15,15,13.0,16.0,18.0,20.0,10.0,10.0,13.0,10.0,14.0,19.0,15.0,15.0,15,16,22.0,24.0,10.0,11.0,8.0,8.0,7.0,6.0,8,8.0,14.0,17.0
NA19664,AMR,MXL,13.0,11,13.0,16.3,14.0,14.0,23,19,15.0,16.0,12,7,11.0,12.0,13,14,12.0,14.0,23.0,23.0,9.0,12.0,11.0,10.0,12.0,14.0,13.0,15.0,15,16,22.0,24.0,10.0,11.0,13.0,13.0,9.3,9.3,8,8.0,14.0,17.0
NA19669,AMR,MXL,10.0,12,17.0,17.3,10.0,14.0,17,25,15.0,16.0,12,11,13.0,11.0,11,11,15.0,15.0,18.3,19.0,11.0,12.0,11.0,8.0,14.0,16.0,13.2,15.2,17,15,20.0,25.0,8.0,10.0,12.0,12.0,7.0,9.3,11,11.0,15.0,17.0
NA19670,AMR,MXL,10.0,10,13.0,18.3,10.0,10.0,19,21,16.0,17.0,12,11,11.0,12.0,12,13,13.0,14.0,19.0,20.0,12.0,12.0,12.0,12.0,12.0,15.0,15.0,15.2,15,15,22.0,25.0,13.0,11.0,8.0,8.0,7.0,6.0,8,9.0,16.0,17.0
NA19676,AMR,MXL,10.0,11,15.0,16.0,10.0,11.3,24,24,15.0,18.0,9,11,8.0,12.0,11,13,13.0,16.0,20.0,21.0,9.0,12.0,12.0,12.0,14.0,15.0,13.0,16.0,15,15,22.0,23.0,13.0,13.0,12.0,12.0,6.0,9.0,8,9.0,14.0,17.0
NA19678,AMR,MXL,11.0,11,14.0,15.0,10.0,11.0,17,23,17.0,18.0,12,11,11.0,12.0,13,15,14.0,15.0,18.0,21.0,11.0,14.0,11.0,12.0,17.0,17.0,13.2,15.2,15,18,22.0,25.0,9.0,11.0,12.0,13.0,7.0,6.0,11,11.0,15.0,17.0
NA19679,AMR,MXL,10.0,10,14.0,17.3,11.0,11.3,16,24,14.0,17.0,11,11,8.0,10.0,11,12,13.0,12.0,19.0,20.0,12.0,13.0,12.0,12.0,12.0,16.0,12.0,13.0,15,16,24.0,25.0,11.0,12.0,5.0,5.0,7.0,7.0,8,11.0,14.0,15.0
NA19681,AMR,MXL,11.0,12,13.0,17.3,11.3,14.0,23,22,15.0,16.0,12,10,11.0,12.0,13,14,14.0,16.0,19.0,24.0,9.0,13.0,12.0,12.0,14.0,12.0,14.0,13.0,11,15,21.0,26.0,13.0,11.0,10.0,10.0,7.0,6.0,8,11.0,16.0,17.0
NA19682,AMR,MXL,13.0,10,17.0,17.3,11.0,11.0,17,19,17.0,17.0,11,11,10.0,11.0,13,14,13.0,17.0,17.0,25.0,8.0,11.0,12.0,12.0,17.0,20.0,14.0,14.0,14,15,24.0,25.0,9.0,10.0,12.0,12.0,6.0,8.0,8,11.0,17.0,18.0
NA19684,AMR,MXL,11.0,12,17.3,17.3,10.0,11.3,23,16,13.0,18.0,13,11,7.0,9.0,15,15,13.0,17.0,15.0,24.0,10.0,12.0,11.0,12.0,14.0,16.0,14.0,12.0,16,16,20.0,20.2,10.0,12.0,7.0,7.0,6.0,9.3,8,8.0,15.0,16.0
NA19716,AMR,MXL,10.0,12,13.0,17.3,10.0,10.0,18,21,16.0,17.0,13,8,13.0,11.0,13,13,14.0,15.0,19.0,18.0,12.0,13.0,8.0,12.0,12.0,17.0,13.0,16.2,15,15,22.0,27.0,9.0,10.0,12.0,16.0,7.0,7.0,8,9.0,17.0,18.0
NA19717,AMR,MXL,10.0,12,12.0,13.0,10.0,11.0,19,22,15.0,16.0,11,7,11.0,12.0,14,16,13.0,13.0,19.0,20.0,11.0,8.0,12.0,9.0,14.0,14.0,15.0,16.0,15,16,19.0,24.0,10.0,11.0,12.0,12.0,6.0,9.0,8,11.0,16.0,16.0
NA19719,AMR,MXL,11.0,12,13.0,15.0,11.0,14.0,17,20,15.0,16.0,13,9,9.0,11.0,15,15,13.0,15.0,19.0,20.0,9.0,13.0,12.0,9.0,15.0,16.0,14.0,15.2,15,16,22.0,20.0,13.0,13.0,12.0,12.0,7.0,6.0,8,10.0,17.0,18.0
NA19720,AMR,MXL,11.0,12,15.0,16.3,13.0,14.0,19,19,15.0,16.0,11,7,10.0,11.0,12,13,13.0,15.0,19.0,20.0,8.0,9.0,11.0,12.0,23.0,24.0,14.2,15.2,15,15,26.0,26.0,11.0,12.0,7.0,13.0,7.0,6.0,8,9.0,16.0,16.0
NA19722,AMR,MXL,10.0,12,17.3,17.3,13.0,14.0,19,20,15.0,16.0,13,11,11.0,12.0,14,16,14.0,17.0,15.0,17.0,11.0,12.0,11.0,9.0,14.0,15.0,13.0,13.2,12,15,23.0,23.0,9.0,12.0,12.0,15.0,7.0,9.3,11,12.0,16.0,17.0
NA19723,AMR,MXL,11.0,12,14.0,16.0,11.0,14.0,19,23,15.0,15.0,7,11,12.0,12.0,13,11,13.0,14.0,19.0,17.0,10.0,10.0,11.0,10.0,14.0,14.0,15.0,15.0,16,16,25.0,25.0,10.0,10.0,13.0,13.0,7.0,9.3,8,11.0,16.0,17.0
NA19725,AMR,MXL,10.0,11,14.0,14.0,10.0,10.0,17,25,16.0,18.0,12,11,13.0,11.0,13,14,13.0,14.0,18.0,24.0,8.0,13.0,11.0,9.0,18.0,14.0,13.0,16.0,15,16,22.0,27.0,13.0,14.0,13.0,13.0,7.0,6.0,8,8.0,15.0,17.0
NA19726,AMR,MXL,13.0,10,15.0,17.3,14.0,14.0,20,24,15.0,16.0,14,11,13.0,12.0,13,12,14.0,14.0,19.0,18.0,9.0,11.0,11.0,8.0,15.0,15.0,14.0,14.2,15,16,22.0,22.0,11.0,11.0,5.0,12.0,7.0,9.3,8,8.0,16.0,17.0
NA19728,AMR,MXL,11.0,12,16.0,17.3,10.0,10.0,25,25,16.0,16.0,13,11,11.0,8.0,10,10,13.0,14.0,19.0,20.0,9.0,13.0,10.0,10.0,18.0,13.0,13.0,15.0,16,16,19.0,24.0,10.0,11.0,12.0,12.0,6.0,6.0,8,9.0,17.0,19.0
NA19729,AMR,MXL,11.0,12,13.0,14.0,11.0,11.0,19,19,15.0,17.0,11,11,8.0,11.0,12,14,14.0,14.0,18.0,21.0,11.0,10.0,12.0,11.0,12.0,14.0,14.0,14.0,17,16,24.0,25.0,10.0,11.0,11.0,15.0,9.0,9.3,11,12.0,15.0,16.0
NA19731,AMR,MXL,9.0,10,15.0,16.0,10.0,11.0,19,22,15.0,15.0,12,11,10.0,12.0,12,13,14.0,15.0,19.0,20.0,10.0,13.0,12.0,10.0,18.0,14.0,14.0,13.2,15,15,24.0,27.0,13.0,13.0,12.0,15.0,6.0,9.3,8,8.0,16.0,16.0
NA19732,AMR,MXL,10.0,12,13.0,15.0,12.0,10.0,23,19,15.0,15.0,11,11,12.0,12.0,10,14,14.0,15.0,20.0,20.0,9.0,10.0,11.0,13.0,15.0,15.0,14.0,15.2,17,15,21.0,23.0,9.0,12.0,12.0,12.0,6.0,6.0,11,12.0,16.0,17.0
NA19734,AMR,MXL,11.0,12,12.0,12.0,9.0,10.0,23,16,15.0,17.0,13,11,13.0,12.0,11,12,13.0,14.0,19.0,21.0,11.0,14.0,12.0,14.0,13.0,17.0,14.0,14.0,16,16,25.0,25.0,10.0,11.0,12.0,12.0,6.0,9.3,8,8.0,15.0,17.0
NA19735,AMR,MXL,13.0,11,16.0,16.0,10.0,11.0,17,17,15.0,15.0,11,11,10.0,12.0,11,15,14.0,15.0,19.0,22.0,9.0,9.0,11.0,9.0,13.0,17.0,13.0,15.0,16,16,25.0,26.0,13.0,11.0,12.0,12.0,6.0,9.0,8,12.0,15.0,16.0
NA19740,AMR,MXL,11.0,12,16.0,17.3,10.0,14.0,18,22,15.0,15.0,11,11,10.0,12.0,13,14,14.0,15.0,19.0,21.0,11.0,11.0,11.0,11.0,15.0,17.0,14.0,16.0,15,15,22.0,22.0,13.0,9.0,10.0,10.0,7.0,9.3,11,12.0,16.0,18.0
NA19741,AMR,MXL,13.0,12,16.0,17.3,10.0,11.0,19,19,15.0,16.0,12,12,11.0,12.0,12,14,15.0,15.0,18.0,20.0,8.0,9.0,12.0,9.0,17.0,19.0,13.2,14.2,15,16,24.0,26.0,13.0,11.0,12.0,12.0,7.0,6.0,8,12.0,15.0,19.0
NA19746,AMR,MXL,9.0,12,12.0,17.3,10.0,11.0,23,22,15.0,18.0,12,11,10.0,10.0,14,15,14.0,14.0,17.0,20.0,10.0,14.0,12.0,11.0,12.0,15.0,14.0,13.0,17,15,23.0,25.0,12.0,12.0,11.0,11.0,7.0,9.3,8,6.0,17.0,19.0
NA19747,AMR,MXL,12.0,12,16.0,17.3,10.0,11.0,23,16,14.0,16.0,12,7,8.0,10.0,13,14,13.0,14.0,18.0,23.0,11.0,9.0,13.0,12.0,14.0,21.0,14.0,14.0,15,16,20.0,25.0,10.0,12.0,7.0,12.0,7.0,7.0,8,9.0,14.0,16.0
NA19749,AMR,MXL,10.0,12,17.0,13.0,10.0,11.3,23,23,16.0,17.0,12,9,10.0,12.0,10,10,12.0,14.0,19.0,20.0,12.0,12.0,11.0,13.0,13.0,16.0,13.0,13.2,11,15,22.0,25.0,10.0,11.0,10.0,11.0,7.0,7.0,11,12.0,15.0,16.0
NA19750,AMR,MXL,10.0,10,14.0,16.0,10.0,14.0,17,17,15.0,17.0,12,11,8.0,11.0,13,14,13.0,14.0,18.0,21.0,9.0,12.0,12.0,13.0,15.0,17.0,14.2,16.0,15,15,20.0,25.0,11.0,14.0,12.0,12.0,9.0,9.3,8,11.0,16.0,18.0
NA19752,AMR,MXL,10.0,11,18.3,17.3,10.0,10.0,17,27,15.0,16.0,12,11,12.0,12.0,14,14,14.0,14.0,18.0,23.0,11.0,12.0,12.0,10.0,17.0,17.0,14.0,14.0,16,16,24.0,25.0,13.0,14.0,13.0,16.0,7.0,6.0,12,12.0,14.0,16.0
NA19755,AMR,MXL,13.0,12,12.0,15.0,10.0,14.0,17,19,15.0,15.0,12,11,11.0,11.0,14,14,14.0,14.0,18.0,19.0,9.0,12.0,12.0,9.0,13.0,17.0,14.2,16.2,16,16,24.0,23.0,11.0,11.0,12.0,12.0,9.0,9.3,11,12.0,16.0,17.0
NA19756,AMR,MXL,10.0,10,12.0,12.0,10.0,11.3,20,22,15.0,17.0,13,11,12.0,12.0,10,14,14.0,14.0,21.0,24.0,8.0,11.0,12.0,13.0,13.0,16.0,14.0,15.2,15,16,22.0,24.0,10.0,10.0,12.0,12.0,7.0,9.3,8,11.0,16.0,19.0
NA19758,AMR,MXL,10.0,12,15.0,16.0,11.0,11.0,23,17,15.0,16.0,9,11,10.0,11.0,12,13,11.0,14.0,19.0,20.0,11.0,12.0,11.0,10.0,14.0,19.0,13.0,15.2,17,15,22.0,24.0,13.0,11.0,12.0,12.0,7.0,6.0,8,9.0,16.0,17.0
NA19759,AMR,MXL,8.0,10,14.0,16.0,10.0,11.0,23,23,14.0,16.0,9,11,10.0,11.0,13,14,13.0,13.0,19.0,18.0,12.0,12.0,12.0,9.0,14.0,17.0,13.0,15.0,15,16,22.0,26.0,13.0,10.0,14.0,14.0,7.0,7.0,11,12.0,17.0,17.0
NA19761,AMR,MXL,11.0,12,15.3,15.3,10.0,15.0,18,19,15.0,15.0,11,11,12.0,12.0,13,13,13.0,13.0,18.0,19.3,11.0,12.0,11.0,9.0,18.0,12.0,13.2,14.2,15,15,19.0,24.2,9.0,12.0,12.0,12.0,7.0,6.0,8,11.0,16.0,18.0
NA19762,AMR,MXL,10.0,11,12.0,15.0,10.0,12.0,17,19,15.0,19.0,11,11,11.0,11.0,13,14,14.0,14.0,15.0,19.0,8.0,9.0,13.0,10.0,12.0,13.0,14.0,17.0,11,15,23.0,23.0,13.0,10.0,15.0,15.0,7.0,9.3,8,11.0,16.0,17.0
NA19764,AMR,MXL,10.0,12,16.0,17.3,10.0,11.0,23,18,16.0,16.0,12,12,9.0,12.0,13,13,13.0,13.0,19.0,16.0,11.0,12.0,11.0,12.0,13.0,14.0,14.0,15.0,15,16,22.0,23.0,13.0,10.0,10.0,10.0,6.0,9.3,8,11.0,16.0,16.0
NA19770,AMR,MXL,13.0,12,15.0,17.3,10.0,11.0,20,22,16.0,16.0,12,7,11.0,12.0,12,14,13.0,14.0,18.0,18.0,10.0,11.0,11.0,12.0,18.0,12.0,12.0,16.0,15,16,19.0,25.0,10.0,14.0,12.0,12.0,8.0,8.0,8,9.0,17.0,17.0
NA19771,AMR,MXL,11.0,12,14.0,16.0,10.0,14.0,19,22,16.0,17.0,13,11,10.0,11.0,13,14,14.0,17.0,19.0,22.0,10.0,12.0,10.0,9.0,16.0,17.0,14.0,13.2,11,16,24.0,26.0,9.0,9.0,8.0,8.0,6.0,9.3,10,11.0,17.0,17.0
NA19773,AMR,MXL,10.0,12,11.0,18.3,10.0,10.0,23,17,16.0,16.0,7,11,13.0,12.0,10,14,13.0,14.0,19.0,19.0,9.0,12.0,11.0,11.0,14.0,15.0,14.0,14.2,16,18,21.0,24.0,10.0,11.0,12.0,12.0,6.0,9.3,8,11.0,17.0,17.0
NA19774,AMR,MXL,9.0,10,15.0,15.0,11.0,11.0,16,17,16.0,18.0,13,9,11.0,12.0,13,13,13.0,14.0,17.0,25.0,12.0,14.0,12.0,10.0,14.0,16.0,13.0,16.2,11,15,21.0,26.0,9.0,11.0,10.0,13.0,5.0,9.0,8,8.0,16.0,17.0
NA19776,AMR,MXL,12.0,12,17.3,16.3,10.0,11.0,17,19,17.0,17.0,12,11,10.0,12.0,13,14,13.0,14.0,20.0,22.0,13.0,13.0,11.0,13.0,18.0,16.0,14.0,15.2,17,15,20.0,24.0,13.0,12.0,12.0,12.0,8.0,9.3,8,11.0,14.0,19.0
NA19777,AMR,MXL,8.0,8,14.0,17.3,10.0,10.0,18,19,14.0,15.0,12,11,10.0,11.0,13,14,14.0,17.0,18.0,19.0,10.0,12.0,13.0,10.0,15.0,17.0,13.0,15.0,15,15,25.0,26.0,13.0,10.0,11.0,11.0,7.0,9.0,11,11.0,17.0,19.0
NA19779,AMR,MXL,11.0,12,16.0,17.3,14.0,14.0,19,23,15.0,15.0,13,13,10.0,11.0,11,13,15.0,16.0,19.0,21.0,11.0,13.0,12.0,13.0,12.0,16.0,13.0,13.0,15,16,19.0,23.0,13.0,9.0,5.0,5.0,7.0,8.0,8,8.0,17.0,18.0
NA19780,AMR,MXL,11.0,12,11.0,16.3,10.0,14.0,23,17,15.0,18.0,11,11,8.0,8.0,9,11,14.0,16.0,20.0,20.0,12.0,12.0,10.0,13.0,18.0,14.0,13.0,17.0,16,16,21.2,24.0,12.0,12.0,11.0,12.0,7.0,6.0,8,10.0,17.0,17.0
NA19782,AMR,MXL,10.0,12,17.0,16.0,10.0,11.0,23,17,15.0,15.0,11,7,8.0,11.0,13,14,14.0,16.0,20.0,23.0,8.0,9.0,12.0,12.0,15.0,18.0,13.0,15.0,15,16,22.0,25.0,13.0,9.0,7.0,7.0,9.0,9.3,8,10.0,16.0,16.0
NA19783,AMR,MXL,11.0,11,17.0,17.3,10.0,11.0,17,17,15.0,16.0,11,11,10.0,11.0,10,14,13.0,15.0,20.0,22.0,11.0,10.0,11.0,9.0,13.0,15.0,14.0,15.2,15,16,24.0,26.0,9.0,10.0,12.0,12.0,6.0,6.0,8,10.0,17.0,18.0
NA19785,AMR,MXL,11.0,12,13.0,16.0,10.0,10.0,20,26,15.0,16.0,12,11,10.0,11.0,10,14,16.0,17.0,17.3,18.0,9.0,10.0,11.0,12.0,12.0,17.0,14.0,15.2,15,16,24.0,27.0,8.0,14.0,11.0,11.0,7.0,7.0,8,11.0,14.0,19.0
NA19786,AMR,MXL,11.0,12,12.0,16.3,10.0,10.0,17,22,15.0,16.0,12,12,11.0,14.0,14,15,14.0,14.0,19.0,19.0,8.0,12.0,8.0,10.0,10.0,12.0,13.0,13.2,16,16,24.0,27.0,13.0,10.0,5.0,5.0,6.0,6.0,8,12.0,19.0,19.0
NA19788,AMR,MXL,10.0,12,16.0,17.3,10.0,11.0,21,22,15.0,16.0,12,11,10.0,11.0,13,14,13.0,14.0,18.0,20.0,12.0,13.0,12.0,12.0,14.0,15.0,15.2,15.2,15,15,24.0,26.0,13.0,14.0,5.0,13.0,7.0,8.0,11,12.0,16.0,16.0
NA19789,AMR,MXL,12.0,12,12.0,15.0,12.0,11.3,23,19,15.0,16.0,12,12,9.0,11.0,14,15,14.0,16.0,19.0,18.0,9.0,11.0,11.0,9.0,17.0,19.0,14.0,13.0,16,16,21.0,26.0,10.0,12.0,12.0,12.0,7.0,6.0,8,8.0,16.0,18.0
NA19792,AMR,MXL,13.0,10,15.0,16.0,10.0,11.0,23,20,15.0,16.0,11,11,9.0,12.0,14,14,13.0,14.0,21.0,21.0,12.0,12.0,11.0,13.0,12.0,13.0,13.0,16.0,15,15,22.0,22.0,9.0,10.0,7.0,12.0,8.0,9.0,8,8.0,14.0,16.0
NA19794,AMR,MXL,11.0,11,12.0,16.0,10.0,11.3,24,25,14.0,17.0,12,11,8.0,11.0,13,11,13.0,16.0,21.0,24.0,10.0,12.0,12.0,11.0,14.0,20.0,13.2,15.2,14,15,21.0,23.0,10.0,11.0,14.0,14.0,7.0,9.3,8,8.0,17.0,18.0
NA19795,AMR,MXL,11.0,12,12.0,15.3,10.0,11.0,18,25,15.0,15.0,13,11,8.0,11.0,12,14,13.0,15.0,15.0,25.0,8.0,12.0,12.0,9.0,18.0,13.0,14.0,14.0,15,16,22.0,21.0,13.0,12.0,7.0,12.0,7.0,9.0,11,11.0,14.0,17.0
HG01565,AMR,PEL,11.0,11,13.0,15.0,10.0,10.0,18,19,17.0,18.0,11,11,11.0,11.0,11,14,14.0,14.0,18.0,21.0,9.0,12.0,11.0,10.0,12.0,12.0,12.0,13.0,17,16,25.0,25.0,11.0,14.0,14.0,14.0,7.0,6.0,8,11.0,14.0,16.0
HG01566,AMR,PEL,11.0,12,17.0,14.0,11.0,14.0,20,20,14.0,17.0,12,12,7.0,12.0,14,15,14.0,15.0,19.0,18.0,12.0,12.0,11.0,9.0,15.0,19.0,12.0,13.2,15,15,20.0,24.0,13.0,9.0,7.0,7.0,7.0,6.0,8,11.0,16.0,17.0
HG01571,AMR,PEL,11.0,11,16.0,16.0,11.0,11.0,24,24,15.0,18.0,11,13,9.0,11.0,12,14,14.0,14.0,17.0,18.0,10.0,12.0,13.0,10.0,12.0,17.0,14.0,15.0,15,16,26.0,27.0,10.0,11.0,10.0,12.0,6.0,6.0,11,11.0,17.0,18.0
HG01572,AMR,PEL,11.0,12,14.0,18.3,10.0,11.0,23,24,15.0,16.0,7,11,12.0,12.0,13,12,15.0,16.0,20.0,21.0,9.0,13.0,12.0,10.0,18.0,12.0,14.0,13.0,15,15,19.0,24.0,10.0,12.0,13.0,13.0,7.0,9.3,8,11.0,17.0,19.0
HG01577,AMR,PEL,12.0,12,17.0,16.0,11.0,11.3,18,19,15.0,19.0,12,9,10.0,11.0,11,13,14.0,16.0,20.0,22.0,9.0,13.0,12.0,14.0,12.0,15.0,14.0,13.0,15,15,20.0,22.2,9.0,11.0,14.0,15.0,7.0,9.3,8,12.0,15.0,17.0
HG01578,AMR,PEL,10.0,11,13.0,14.0,10.0,10.0,23,18,15.0,15.0,12,11,10.0,11.0,15,15,14.0,14.0,20.0,21.0,9.0,10.0,12.0,9.0,18.0,14.0,14.0,15.0,15,16,21.0,24.0,9.0,9.0,7.0,7.0,7.0,7.0,8,8.0,15.0,18.0
HG01892,AMR,PEL,9.0,11,13.0,14.0,10.0,11.0,19,19,15.0,16.0,12,11,11.0,12.0,13,12,13.0,15.0,19.0,18.0,12.0,13.0,8.0,10.0,14.0,15.0,13.0,15.2,16,16,25.0,25.0,10.0,10.0,10.0,12.0,6.0,9.3,8,12.0,16.0,16.0
HG01893,AMR,PEL,7.0,12,14.0,17.3,10.0,10.0,17,17,15.0,15.0,10,11,9.0,12.0,13,13,13.0,12.0,19.0,20.0,10.0,12.0,11.0,9.0,17.0,12.0,14.0,15.2,12,16,20.0,26.0,10.0,12.0,7.0,12.0,6.0,9.0,12,12.0,16.0,16.0
HG01917,AMR,PEL,11.0,12,14.0,17.3,11.0,11.0,23,20,15.0,16.0,9,11,11.0,8.0,13,14,13.0,12.0,19.0,20.0,11.0,13.0,12.0,11.0,14.0,14.0,14.0,14.0,15,16,18.0,25.0,9.0,11.0,12.0,12.0,7.0,7.0,8,11.0,18.0,18.0
HG01918,AMR,PEL,10.0,10,16.3,16.3,10.0,10.0,19,25,15.0,15.0,12,11,10.0,11.0,13,10,14.0,14.0,19.0,19.0,10.0,12.0,13.0,10.0,15.0,20.0,13.0,15.0,15,16,19.0,24.0,10.0,11.0,12.0,12.0,6.0,6.0,8,12.0,16.0,16.0
HG01920,AMR,PEL,11.0,12,13.0,16.0,10.0,10.0,18,20,15.0,16.0,11,11,10.0,11.0,13,12,14.0,15.0,16.0,18.0,13.0,14.0,13.0,11.0,14.0,21.0,14.0,14.0,17,16,20.0,25.0,11.0,11.0,12.0,14.0,7.0,6.0,8,11.0,17.0,18.0
HG01921,AMR,PEL,13.0,12,13.0,16.0,10.0,10.0,23,23,11.0,16.0,11,11,8.0,10.0,13,11,14.0,14.0,20.0,21.0,9.0,12.0,9.0,9.0,13.0,14.0,14.0,15.2,16,16,20.0,25.0,9.0,10.0,5.0,5.0,7.0,6.0,8,11.0,16.0,19.0
HG01923,AMR,PEL,11.0,12,13.0,13.0,10.0,10.0,19,19,15.0,16.0,12,11,10.0,10.0,11,15,14.0,15.0,19.0,20.0,9.0,13.0,12.0,9.0,14.0,16.0,14.0,14.0,15,16,24.0,26.0,10.0,10.0,12.0,12.0,7.0,9.3,8,8.0,15.0,17.0
HG01924,AMR,PEL,12.0,12,17.0,17.3,12.0,10.0,18,19,17.0,18.0,7,11,10.0,11.0,14,15,14.0,15.0,19.0,22.0,10.0,11.0,10.0,9.0,14.0,21.0,14.0,14.0,15,15,19.0,25.0,11.0,14.0,12.0,12.0,7.0,9.0,11,11.0,17.0,18.0
HG01926,AMR,PEL,11.0,12,15.0,17.3,10.0,10.0,19,24,15.0,16.0,9,11,13.0,11.0,14,16,14.0,15.0,20.0,20.0,9.0,10.0,12.0,10.0,12.0,14.0,14.0,14.0,15,15,26.0,26.0,9.0,12.0,12.0,12.0,7.0,9.3,8,8.0,15.0,17.0
HG01927,AMR,PEL,11.0,12,15.0,19.3,10.0,11.0,17,22,15.0,16.0,11,11,9.0,10.0,13,13,14.0,14.0,20.0,20.0,12.0,13.0,10.0,9.0,18.0,12.0,14.0,14.2,15,16,22.0,25.0,10.0,10.0,13.0,13.0,7.0,6.0,8,11.0,15.0,17.0
HG01932,AMR,PEL,10.0,12,13.0,17.3,10.0,11.0,23,19,15.0,16.0,11,11,11.0,11.0,13,13,14.0,15.0,18.3,19.0,10.0,12.0,11.0,10.0,12.0,19.0,14.0,16.0,15,15,24.0,24.0,11.0,11.0,12.0,12.0,7.0,7.0,8,11.0,17.0,19.0
HG01933,AMR,PEL,10.0,12,14.3,15.0,10.0,11.0,20,20,16.0,16.0,12,9,8.0,11.0,13,15,11.0,15.0,16.0,21.0,9.0,10.0,12.0,11.0,14.0,16.0,14.0,15.2,15,16,21.0,24.0,11.0,12.0,10.0,16.0,7.0,6.0,8,11.0,16.0,17.0
HG01935,AMR,PEL,11.0,12,13.0,16.3,10.0,14.0,17,19,16.0,16.0,13,11,10.0,10.0,13,12,12.0,14.0,19.0,24.0,9.0,12.0,12.0,12.0,12.0,15.0,13.0,15.0,15,15,19.0,26.0,13.0,11.0,12.0,16.0,7.0,9.3,11,11.0,16.0,16.0
HG01936,AMR,PEL,11.0,12,17.0,15.0,10.0,11.0,20,24,16.0,16.0,11,11,7.0,11.0,12,13,12.0,15.0,16.0,18.0,10.0,12.0,13.0,10.0,12.0,14.0,14.2,15.0,15,15,24.0,26.0,13.0,14.0,12.0,12.0,7.0,8.0,8,8.0,16.0,16.0
HG01938,AMR,PEL,10.0,12,18.3,17.3,10.0,14.0,17,20,15.0,15.0,7,11,10.0,11.0,13,15,14.0,15.0,18.0,18.0,13.0,14.0,12.0,9.0,14.0,14.0,15.0,15.2,15,16,26.0,27.0,10.0,10.0,13.0,13.0,6.0,6.0,9,11.0,16.0,16.0
HG01939,AMR,PEL,10.0,12,16.0,17.3,10.0,14.0,19,20,15.0,17.0,12,11,10.0,11.0,12,15,14.0,14.0,18.0,18.0,9.0,12.0,13.0,10.0,13.0,13.2,14.0,15.2,15,15,19.0,24.0,9.0,12.0,8.0,8.0,7.0,6.0,8,9.0,16.0,17.0
HG01941,AMR,PEL,12.0,12,13.0,17.3,10.0,11.0,17,24,15.0,16.0,13,12,11.0,11.0,10,12,14.0,15.0,18.0,25.0,9.0,14.0,12.0,10.0,15.0,16.0,15.0,15.2,17,15,25.0,25.2,13.0,10.0,12.0,12.0,6.0,9.3,8,12.0,17.0,17.0
HG01942,AMR,PEL,11.0,12,14.0,15.0,10.0,14.0,17,18,15.0,15.0,11,11,10.0,12.0,12,12,14.0,16.0,18.0,21.0,11.0,11.0,12.0,13.0,14.0,17.0,15.2,16.0,16,16,25.0,24.0,10.0,10.0,12.0,12.0,7.0,7.0,8,11.0,17.0,18.0
HG01944,AMR,PEL,10.0,11,13.0,15.0,10.0,10.0,23,19,15.0,17.0,13,10,10.0,12.0,13,16,13.0,14.0,20.0,20.0,8.0,13.0,12.0,9.0,18.0,13.0,13.0,13.0,11,15,21.0,24.0,9.0,9.0,12.0,12.0,7.0,7.0,8,9.0,18.0,18.0
HG01945,AMR,PEL,12.0,12,15.0,16.0,11.0,11.0,17,20,14.0,15.0,11,11,13.0,11.0,14,14,13.0,15.0,18.0,20.0,9.0,11.0,13.0,9.0,14.0,19.0,13.2,15.0,15,16,20.0,26.0,9.0,11.0,13.0,13.0,7.0,7.0,8,8.0,17.0,17.0
HG01947,AMR,PEL,13.0,12,17.0,17.3,10.0,11.0,18,17,15.0,16.0,13,11,10.0,10.0,13,13,14.0,14.0,18.0,23.0,10.0,13.0,12.0,9.0,14.0,16.0,14.0,14.2,16,16,24.0,25.0,13.0,11.0,12.0,12.0,7.0,9.0,11,11.0,18.0,20.0
HG01948,AMR,PEL,13.0,12,16.0,17.3,10.0,11.0,17,20,16.0,15.0,7,11,11.0,12.0,10,12,13.0,15.0,19.0,19.0,9.0,12.0,10.0,9.0,12.0,14.0,13.2,15.0,15,16,22.0,19.0,13.0,9.0,15.0,15.0,6.0,8.0,8,9.0,16.0,16.0
HG01950,AMR,PEL,13.0,9,16.0,18.3,10.0,13.0,19,19,14.0,16.0,8,11,10.0,12.0,13,13,13.0,16.0,19.0,20.0,9.0,14.0,11.0,11.0,14.0,17.0,14.0,12.0,15,16,25.0,25.0,10.0,10.0,12.0,12.0,6.0,6.0,11,12.0,17.0,17.0
HG01951,AMR,PEL,11.0,12,15.0,16.0,10.0,10.0,19,19,15.0,15.0,11,11,11.0,11.0,12,15,14.0,15.0,19.0,21.0,11.0,10.0,10.0,10.0,14.0,15.0,15.0,15.0,15,16,20.0,24.0,13.0,14.0,12.0,12.0,7.0,6.0,8,12.0,16.0,15.0
HG01953,AMR,PEL,11.0,12,14.0,17.3,10.0,11.0,17,19,15.0,16.0,12,7,10.0,12.0,13,14,14.0,14.0,19.0,15.0,8.0,12.0,12.0,10.0,16.0,16.0,13.0,15.0,15,16,25.0,25.0,12.0,12.0,15.0,15.0,7.0,6.0,8,12.0,16.0,18.0
HG01954,AMR,PEL,11.0,11,17.0,14.0,10.0,14.0,23,19,15.0,16.0,12,11,13.0,9.0,13,16,14.0,14.0,17.0,20.0,13.0,13.0,9.0,13.0,14.0,16.0,13.0,15.2,16,16,23.0,25.0,11.0,12.0,11.0,15.0,7.0,7.0,11,11.0,16.0,17.0
HG01961,AMR,PEL,11.0,12,13.0,15.0,10.0,10.0,23,19,15.0,16.0,13,9,10.0,12.0,15,16,14.0,14.0,19.0,20.0,10.0,12.0,12.0,9.0,15.0,13.0,14.0,13.0,15,16,20.0,25.0,9.0,10.0,12.0,12.0,7.0,6.0,8,8.0,17.0,17.0
HG01965,AMR,PEL,10.0,12,15.0,17.3,10.0,10.0,17,21,15.0,17.0,11,11,11.0,11.0,11,12,14.0,15.0,18.0,21.0,10.0,13.0,12.0,11.0,14.0,15.0,14.0,16.0,15,18,23.0,24.0,11.0,12.0,12.0,12.0,7.0,7.0,9,11.0,16.0,16.0
HG01967,AMR,PEL,9.0,11,13.0,17.3,10.0,11.0,21,25,16.0,18.0,12,11,12.0,12.0,13,14,13.0,13.0,17.0,20.0,9.0,14.0,11.0,9.0,18.0,14.0,15.0,15.0,16,16,19.0,25.0,13.0,10.0,12.0,11.0,7.0,7.0,11,12.0,16.0,19.0
HG01968,AMR,PEL,10.0,12,14.0,17.3,10.0,11.0,23,18,15.0,16.0,11,11,11.0,12.0,12,14,14.0,14.0,19.0,20.0,10.0,13.0,10.0,11.0,18.0,14.0,14.0,15.0,15,15,24.0,26.0,12.0,15.0,12.0,12.0,6.0,6.0,8,11.0,15.0,18.0
HG01970,AMR,PEL,11.0,12,12.0,12.0,11.0,11.0,23,19,16.0,17.0,7,11,11.0,12.0,14,14,13.0,15.0,22.0,25.0,8.0,8.0,13.0,9.0,18.0,17.0,14.0,14.0,15,16,22.0,21.0,10.0,10.0,7.0,7.0,7.0,9.3,8,11.0,17.0,18.0
HG01971,AMR,PEL,12.0,12,14.0,17.3,10.0,14.0,25,17,15.0,16.0,7,11,11.0,11.0,13,10,14.0,15.0,18.0,21.0,11.0,13.0,10.0,9.0,15.0,17.0,14.0,13.0,15,16,24.0,25.0,10.0,10.0,12.0,12.0,6.0,9.3,8,12.0,18.0,18.0
HG01973,AMR,PEL,10.0,12,14.0,16.0,10.0,11.0,17,19,15.0,15.0,11,11,10.0,11.0,14,14,13.0,15.0,18.0,20.0,9.0,14.0,13.0,10.0,18.0,15.0,14.0,14.0,15,16,20.0,25.0,12.0,12.0,12.0,12.0,6.0,6.0,8,8.0,17.0,17.0
HG01974,AMR,PEL,13.0,12,17.0,14.0,10.0,11.0,23,19,15.0,16.0,11,11,12.0,12.0,10,10,14.0,15.0,21.0,24.0,9.0,10.0,13.0,10.0,12.0,17.0,14.0,15.0,15,16,23.0,24.0,14.0,14.0,12.0,12.0,7.0,6.0,9,10.0,15.0,16.0
HG01976,AMR,PEL,11.0,12,13.0,15.0,11.0,13.0,18,20,15.0,15.0,12,11,10.0,10.0,13,14,13.0,14.0,19.0,19.0,9.0,14.0,11.0,10.0,13.0,14.0,13.0,16.0,16,16,21.0,25.0,11.0,14.0,12.0,12.0,7.0,7.0,8,8.0,16.0,17.0
HG01977,AMR,PEL,11.0,11,16.0,16.0,10.0,10.0,19,22,16.0,16.0,11,11,13.0,11.0,12,15,14.0,14.0,16.0,18.0,9.0,10.0,13.0,10.0,14.0,17.0,14.0,14.0,15,16,23.0,24.0,14.0,14.0,14.0,16.0,6.0,9.0,8,9.0,16.0,17.0
HG01979,AMR,PEL,10.0,10,12.0,16.0,11.0,14.0,17,18,15.0,15.0,12,10,9.0,12.0,10,14,14.0,15.0,20.0,23.0,9.0,13.0,11.0,12.0,14.0,19.0,14.0,14.2,15,16,18.0,26.0,9.0,10.0,12.0,12.0,6.0,8.0,8,9.0,17.0,17.0
HG01980,AMR,PEL,11.0,11,16.0,17.3,10.0,10.0,23,23,15.0,17.0,12,11,11.0,11.0,13,13,13.0,9.0,21.0,22.0,11.0,14.0,11.0,12.0,12.0,12.0,14.2,15.2,15,16,25.0,27.0,13.0,10.0,15.0,15.0,7.0,7.0,9,9.0,16.0,17.0
HG01982,AMR,PEL,10.0,11,13.0,14.0,10.0,10.0,18,20,16.0,17.0,12,11,10.0,11.0,13,13,14.0,15.0,17.0,20.0,10.0,12.0,12.0,9.0,11.0,14.0,13.0,16.0,15,16,23.0,24.0,10.0,10.0,13.0,13.0,7.0,9.3,11,12.0,17.0,17.0
HG01991,AMR,PEL,11.0,12,11.0,15.0,10.0,10.0,19,20,15.0,16.0,11,11,10.0,12.0,13,13,14.0,14.0,18.0,20.0,9.0,9.0,12.0,10.0,16.0,16.0,14.0,13.0,15,16,24.0,24.0,9.0,10.0,11.0,11.0,7.0,10.0,8,11.0,16.0,18.0
HG01992,AMR,PEL,11.0,12,18.3,17.3,10.0,10.0,17,24,16.0,17.0,11,11,11.0,12.0,10,14,13.0,14.0,19.0,19.0,9.0,14.0,11.0,12.0,13.0,15.0,14.2,15.2,16,16,19.0,26.0,10.0,12.0,8.0,8.0,7.0,7.0,8,12.0,15.0,19.0
HG01997,AMR,PEL,10.0,11,15.0,17.3,12.0,10.0,18,19,14.0,15.0,10,7,10.0,12.0,13,14,14.0,14.0,16.0,18.0,11.0,9.0,12.0,9.0,12.0,14.0,13.0,15.0,15,16,21.0,24.0,13.0,10.0,5.0,5.0,7.0,6.0,11,12.0,17.0,17.0
HG02002,AMR,PEL,11.0,12,14.0,14.0,10.0,11.0,17,20,15.0,17.0,13,11,10.0,11.0,13,14,14.0,14.0,16.0,22.0,11.0,9.0,10.0,11.0,12.0,15.0,13.0,13.2,16,16,23.0,26.0,13.0,10.0,12.0,12.0,7.0,9.0,8,11.0,16.0,17.0
HG02003,AMR,PEL,11.0,12,17.0,17.3,10.0,11.0,17,19,15.0,16.0,12,11,10.0,12.0,13,14,14.0,15.0,17.0,21.0,11.0,9.0,9.0,9.0,13.0,16.0,14.0,15.2,11,16,18.0,20.0,10.0,9.0,7.0,14.0,7.0,9.3,8,8.0,17.0,18.0
HG02006,AMR,PEL,10.0,11,14.0,16.3,10.0,14.0,19,27,16.0,15.0,12,11,11.0,8.0,11,13,14.0,15.0,17.3,19.0,11.0,11.0,12.0,13.0,14.0,14.0,14.0,13.0,11,15,21.0,21.0,10.0,12.0,12.0,13.0,9.3,9.3,8,11.0,15.0,20.0
HG02008,AMR,PEL,13.0,11,13.0,13.0,10.0,10.0,23,23,15.0,17.0,11,11,11.0,12.0,14,15,13.0,14.0,19.0,18.0,8.0,12.0,9.0,9.0,12.0,12.0,15.2,16.2,15,15,24.0,24.0,11.0,10.0,7.0,10.0,7.0,9.3,8,11.0,16.0,16.0
HG02089,AMR,PEL,10.0,11,17.0,14.0,10.0,10.0,23,19,14.0,15.0,9,11,10.0,10.0,10,11,14.0,16.0,17.0,18.0,11.0,8.0,13.0,9.0,14.0,15.0,12.0,15.2,15,16,20.0,25.0,10.0,12.0,7.0,11.0,7.0,6.0,8,11.0,17.0,18.0
HG02090,AMR,PEL,13.0,12,11.0,14.0,10.0,11.0,23,19,15.0,16.0,13,11,10.0,12.0,12,15,14.0,15.0,20.0,25.0,9.0,9.0,11.0,9.0,14.0,19.0,13.2,15.0,15,16,29.0,29.0,9.0,10.0,12.0,12.0,7.0,7.0,8,11.0,17.0,18.0
HG02102,AMR,PEL,12.0,12,17.3,17.3,10.0,10.0,23,17,15.0,17.0,11,11,11.0,12.0,14,14,13.0,14.0,20.0,20.0,9.0,9.0,11.0,9.0,13.0,17.0,13.0,15.0,15,16,26.0,26.0,13.0,12.0,12.0,12.0,7.0,6.0,8,10.0,16.0,17.0
HG02104,AMR,PEL,10.0,11,13.0,13.0,10.0,15.0,19,24,15.0,16.0,11,11,10.0,12.0,13,15,13.0,14.0,20.0,23.0,11.0,12.0,12.0,10.0,12.0,13.0,12.0,13.0,17,15,23.0,23.0,10.0,14.0,12.0,12.0,7.0,9.3,8,11.0,16.0,17.0
HG02105,AMR,PEL,12.0,12,15.0,15.0,11.0,11.0,16,17,15.0,15.0,7,11,10.0,11.0,12,14,13.0,12.0,18.0,19.0,12.0,12.0,11.0,12.0,12.0,17.0,14.0,15.2,15,16,21.0,25.0,11.0,15.0,11.0,11.0,6.0,6.0,8,11.0,16.0,19.0
HG02146,AMR,PEL,9.0,12,13.0,15.0,10.0,10.0,23,19,16.0,16.0,11,11,10.0,11.0,13,13,15.0,15.0,16.0,19.3,9.0,9.0,12.0,9.0,14.0,15.0,13.0,15.2,15,16,22.0,27.0,9.0,10.0,13.0,13.0,7.0,7.0,8,12.0,17.0,17.0
HG02147,AMR,PEL,12.0,12,12.0,17.3,10.0,11.0,23,19,14.0,15.0,13,11,11.0,11.0,12,14,14.0,15.0,19.0,20.0,9.0,13.0,10.0,9.0,14.0,17.0,15.2,16.0,15,18,25.0,26.0,13.0,12.0,12.0,12.0,7.0,6.0,8,11.0,17.0,18.0
HG02150,AMR,PEL,12.0,12,12.0,17.3,10.0,10.0,23,19,15.0,16.0,11,11,11.0,12.0,13,11,14.0,14.0,17.0,19.0,9.0,10.0,12.0,10.0,13.0,15.0,13.0,14.2,16,16,19.0,24.0,10.0,11.0,11.0,11.0,7.0,9.3,8,12.0,16.0,16.0
HG02252,AMR,PEL,10.0,12,17.0,17.3,10.0,11.0,19,24,15.0,17.0,11,11,11.0,11.0,10,12,13.0,15.0,19.0,17.0,8.0,10.0,11.0,12.0,18.0,13.0,14.0,15.2,15,15,19.0,21.0,9.0,14.0,5.0,13.0,7.0,6.0,8,11.0,17.0,19.0
HG02253,AMR,PEL,11.0,12,16.0,16.3,10.0,10.0,20,24,15.0,18.0,11,11,10.0,12.0,11,14,14.0,16.0,19.0,20.0,9.0,10.0,10.0,9.0,12.0,16.0,14.0,15.0,11,16,19.0,23.0,13.0,11.0,12.0,12.0,9.0,9.3,8,8.0,16.0,17.0
HG02259,AMR,PEL,12.0,12,14.0,16.0,10.0,11.0,19,21,15.0,15.0,7,11,11.0,11.0,13,13,14.0,15.0,20.0,20.0,9.0,9.0,11.0,12.0,14.0,14.0,14.0,13.0,16,16,23.0,24.0,9.0,10.0,12.0,12.0,7.0,9.0,8,8.0,16.0,17.0
HG02260,AMR,PEL,12.0,12,13.0,16.3,10.0,10.0,19,20,16.0,18.0,11,11,11.0,11.0,13,14,15.0,17.0,19.0,16.0,11.0,12.0,12.0,13.0,15.0,17.0,14.0,15.0,11,15,25.0,26.0,13.0,12.0,12.0,13.0,7.0,9.3,8,12.0,17.0,17.0
HG02262,AMR,PEL,11.0,12,17.0,15.0,10.0,15.0,17,20,15.0,17.0,7,11,13.0,11.0,13,11,14.0,15.0,17.0,25.0,12.0,12.0,13.0,9.0,13.0,14.0,14.0,14.0,15,15,22.0,22.0,10.0,11.0,12.0,12.0,7.0,6.0,11,11.0,16.0,18.0
HG02265,AMR,PEL,10.0,11,14.0,17.3,10.0,10.0,19,20,15.0,16.0,12,11,10.0,10.0,9,10,15.0,15.0,19.0,19.0,12.0,14.0,12.0,10.0,14.0,14.0,14.0,13.2,15,15,24.0,25.0,10.0,15.0,13.0,13.0,7.0,9.3,11,11.0,16.0,16.0
HG02266,AMR,PEL,10.0,11,13.0,18.3,10.0,10.0,17,20,15.0,16.0,10,11,11.0,11.0,10,14,13.0,15.0,20.0,21.0,9.0,14.0,12.0,9.0,18.0,17.0,13.2,15.2,15,16,25.0,26.0,10.0,12.0,12.0,12.0,7.0,7.0,8,12.0,16.0,16.0
HG02271,AMR,PEL,11.0,12,15.0,16.0,10.0,10.0,17,19,15.0,15.0,9,11,10.0,11.0,12,12,15.0,15.0,19.0,19.0,11.0,9.0,10.0,10.0,12.0,17.0,14.0,15.0,16,16,19.0,25.0,10.0,12.0,13.0,13.0,7.0,6.0,8,11.0,16.0,18.0
HG02272,AMR,PEL,10.0,10,13.0,16.0,10.0,11.0,19,20,14.0,15.0,11,11,12.0,12.0,15,15,15.0,15.0,19.0,18.0,9.0,14.0,11.0,11.0,18.0,12.0,15.0,15.0,11,16,25.0,25.0,13.0,10.0,12.0,12.0,7.0,9.3,8,8.0,17.0,17.0
HG02274,AMR,PEL,11.0,11,17.0,17.3,10.0,11.0,19,20,16.0,15.0,14,12,8.0,10.0,14,15,12.0,14.0,17.0,20.0,11.0,11.0,11.0,10.0,18.0,16.0,13.0,13.0,15,16,21.0,23.0,11.0,11.0,12.0,12.0,7.0,6.0,8,8.0,16.0,17.0
HG02275,AMR,PEL,11.0,12,17.3,15.3,10.0,11.0,19,20,16.0,16.0,11,11,11.0,11.0,13,15,8.0,14.0,17.0,25.0,9.0,13.0,13.0,10.0,12.0,23.0,13.0,15.0,15,16,19.0,25.0,10.0,10.0,13.0,15.0,7.0,7.0,12,12.0,16.0,18.0
HG02277,AMR,PEL,11.0,12,14.0,16.0,10.0,11.0,23,20,16.0,16.0,11,11,11.0,11.0,13,10,12.0,14.0,20.0,21.0,8.0,13.0,12.0,10.0,14.0,20.0,14.0,13.0,15,15,20.0,24.0,13.0,10.0,12.0,12.0,6.0,6.0,8,8.0,14.0,19.0
HG02278,AMR,PEL,10.0,12,15.0,15.0,10.0,11.0,17,20,15.0,15.0,11,11,9.0,11.0,12,14,14.0,15.0,20.0,21.0,9.0,11.0,11.0,9.0,14.0,16.0,14.0,13.0,15,16,24.0,24.0,13.0,11.0,12.0,13.0,7.0,6.0,8,11.0,16.0,20.0
HG02285,AMR,PEL,11.0,12,15.0,16.0,10.0,10.0,19,19,16.0,16.0,12,11,11.0,12.0,13,14,14.0,14.0,19.0,19.0,9.0,9.0,9.0,9.0,12.0,15.0,14.0,16.0,15,16,19.0,24.0,10.0,12.0,7.0,7.0,7.0,8.0,8,12.0,14.0,16.0
HG02286,AMR,PEL,10.0,12,13.0,13.0,12.0,10.0,23,18,12.0,18.0,12,7,11.0,12.0,13,14,14.0,14.0,20.0,24.0,9.0,9.0,10.0,9.0,13.0,17.0,14.0,13.0,15,15,20.0,25.0,10.0,12.0,12.0,12.0,7.0,9.3,8,8.0,15.0,18.0
HG02291,AMR,PEL,11.0,12,13.0,16.0,10.0,10.0,23,18,15.0,16.0,12,11,10.0,12.0,12,14,13.0,14.0,17.0,20.0,9.0,12.0,10.0,10.0,16.0,16.0,13.2,15.0,11,11,21.0,26.0,9.0,10.0,12.0,12.0,7.0,7.0,8,8.0,17.0,17.0
HG02292,AMR,PEL,13.0,10,17.0,14.0,10.0,10.0,20,22,15.0,16.0,13,11,10.0,12.0,13,15,15.0,15.0,18.0,20.0,10.0,11.0,13.0,9.0,12.0,17.0,14.0,12.0,15,16,22.0,19.0,10.0,10.0,13.0,13.0,7.0,9.3,8,11.0,16.0,17.0
HG02298,AMR,PEL,10.0,12,11.0,19.3,10.0,14.0,19,24,15.0,15.0,12,10,11.0,12.0,13,14,14.0,15.0,16.0,17.0,9.0,12.0,12.0,10.0,14.0,17.0,14.0,14.0,16,16,21.0,26.0,13.0,13.0,14.0,15.0,7.0,9.3,8,11.0,14.0,14.0
HG02299,AMR,PEL,12.0,12,13.0,15.0,10.0,10.0,19,20,15.0,16.0,11,11,11.0,12.0,15,15,14.0,14.0,20.0,22.0,12.0,14.0,11.0,13.0,12.0,12.0,13.2,13.2,15,16,25.0,25.0,13.0,10.0,11.0,11.0,7.0,7.0,11,12.0,17.0,17.0
HG02301,AMR,PEL,11.0,11,14.0,14.0,10.0,10.0,23,19,15.0,15.0,11,11,7.0,10.0,13,12,14.0,15.0,20.0,21.0,9.0,13.0,12.0,10.0,18.0,14.0,14.0,13.0,15,16,19.0,26.0,10.0,12.0,11.0,11.0,7.0,7.0,8,11.0,17.0,17.0
HG02304,AMR,PEL,10.0,12,15.0,16.0,10.0,11.0,23,20,16.0,15.0,13,11,10.0,12.0,10,12,13.0,15.0,21.0,21.0,10.0,11.0,11.0,9.0,12.0,14.0,14.0,13.2,15,15,24.0,25.0,13.0,12.0,5.0,5.0,6.0,6.0,8,8.0,16.0,16.0
HG02312,AMR,PEL,10.0,11,15.0,18.3,10.0,11.0,19,20,15.0,16.0,11,11,10.0,11.0,13,15,13.0,16.0,19.0,20.0,9.0,14.0,9.0,12.0,13.0,21.0,14.0,15.0,15,16,24.0,24.0,10.0,15.0,12.0,12.0,7.0,6.0,8,8.0,15.0,17.0
HG02345,AMR,PEL,10.0,12,16.0,16.0,10.0,10.0,17,18,14.0,16.0,12,11,11.0,11.0,13,14,15.0,15.0,20.0,23.0,11.0,11.0,13.0,9.0,18.0,16.0,14.0,13.2,15,16,20.0,25.0,11.0,12.0,12.0,12.0,7.0,6.0,8,12.0,16.0,17.0
HG02348,AMR,PEL,12.0,12,15.0,15.0,10.0,11.0,17,24,15.0,15.0,12,11,10.0,12.0,10,12,14.0,14.0,19.0,19.0,8.0,12.0,12.0,10.0,15.0,14.0,14.0,13.0,15,15,24.0,26.0,10.0,11.0,13.0,13.0,7.0,7.0,8,11.0,16.0,16.0
HG02425,AMR,PEL,10.0,11,13.0,15.3,10.0,10.0,20,22,15.0,16.0,11,11,10.0,11.0,13,13,14.0,16.0,18.0,20.0,8.0,13.0,12.0,9.0,15.0,16.0,14.0,15.0,17,16,19.0,24.0,9.0,9.0,11.0,11.0,6.0,8.0,8,11.0,17.0,18.0
HG00551,AMR,PUR,11.0,12,17.3,16.3,10.0,14.0,17,18,16.0,16.0,12,11,10.0,10.0,9,10,13.0,13.0,19.0,19.0,11.0,12.0,13.0,9.0,10.0,15.0,13.0,13.0,11,15,20.0,21.0,13.0,12.0,14.0,15.0,6.0,8.0,8,11.0,16.0,17.0
HG00553,AMR,PUR,11.0,12,13.0,17.3,10.0,11.0,17,18,16.0,17.0,11,12,10.0,11.0,11,12,12.0,15.0,18.0,19.0,10.0,12.0,11.0,13.0,15.0,17.0,14.0,13.0,17,16,20.0,27.0,5.0,12.0,14.0,14.0,6.0,9.3,8,11.0,14.0,16.0
HG00554,AMR,PUR,12.0,12,12.0,17.3,11.0,11.0,17,19,16.0,17.0,11,11,13.0,11.0,13,14,13.0,15.0,18.0,22.0,8.0,10.0,11.0,10.0,13.0,16.0,14.0,15.0,15,15,22.0,20.0,9.0,15.0,5.0,7.0,7.0,9.0,8,11.0,16.0,17.0
HG00637,AMR,PUR,13.0,10,15.0,16.3,14.0,15.0,17,19,15.0,15.0,12,12,11.0,8.0,14,14,15.0,16.0,17.0,18.0,10.0,13.0,12.0,13.0,14.0,14.0,15.0,15.0,11,16,20.0,21.0,10.0,12.0,12.0,16.0,7.0,9.0,8,11.0,14.0,16.0
HG00638,AMR,PUR,10.0,10,14.0,16.0,11.0,11.0,16,19,15.0,15.0,12,12,8.0,9.0,12,14,14.0,14.0,15.0,23.0,9.0,13.0,12.0,11.0,18.0,15.0,12.0,15.0,11,15,24.0,24.0,11.0,12.0,9.0,9.0,7.0,8.0,8,11.0,17.0,17.0
HG00640,AMR,PUR,9.0,11,11.0,15.0,10.0,10.0,16,17,17.0,18.0,10,12,13.0,10.0,13,14,13.0,14.0,19.0,20.0,11.0,12.0,11.0,13.0,13.0,17.0,14.0,14.0,16,16,22.0,19.0,10.0,12.0,10.0,10.0,7.0,7.0,8,11.0,18.0,18.0
HG00641,AMR,PUR,12.0,12,15.0,15.0,10.0,10.0,23,20,17.0,17.0,12,10,10.0,11.0,13,13,13.0,16.0,16.0,17.3,11.0,12.0,13.0,13.0,13.0,16.0,14.0,14.0,15,15,23.0,24.0,13.0,12.0,15.0,15.0,9.0,9.3,8,8.0,15.0,19.0
HG00731,AMR,PUR,10.0,11,13.0,17.3,11.0,11.3,20,24,15.0,17.0,11,10,9.0,10.0,14,16,13.0,14.0,17.0,18.0,11.0,12.0,11.0,11.0,12.0,16.0,12.0,14.2,15,16,20.0,23.0,13.0,12.0,10.0,10.0,7.0,8.0,11,11.0,15.0,16.0
HG00732,AMR,PUR,10.0,11,15.0,17.3,11.0,14.0,20,24,15.0,17.0,12,7,10.0,11.0,10,14,15.0,17.0,19.3,21.0,8.0,11.0,11.0,12.0,15.0,21.0,12.0,14.2,16,16,22.0,23.0,10.0,12.0,7.0,7.0,6.0,9.3,8,8.0,15.0,15.0
HG00734,AMR,PUR,11.0,12,11.0,16.3,11.0,14.0,23,26,15.0,16.0,13,11,11.0,12.0,12,16,14.0,15.0,21.0,22.0,9.0,12.0,11.0,12.0,13.0,16.0,14.0,14.0,15,15,20.0,23.0,13.0,10.0,10.0,12.0,7.0,8.0,8,11.0,16.0,17.0
HG00736,AMR,PUR,7.0,11,15.0,17.3,10.0,11.0,16,25,15.0,17.0,11,7,7.0,11.0,13,10,13.0,13.0,20.0,22.0,10.0,13.0,11.0,11.0,18.0,16.0,14.0,14.0,15,16,22.0,24.0,13.0,14.0,7.0,12.0,9.3,9.3,8,8.0,18.0,19.0
HG00737,AMR,PUR,11.0,12,15.0,17.3,10.0,14.0,20,24,17.0,18.0,11,12,10.0,11.0,12,15,13.0,15.0,20.0,25.0,8.0,12.0,8.0,13.0,14.0,16.0,14.0,16.0,12,16,19.0,23.0,13.0,13.0,14.0,14.0,6.0,6.0,8,8.0,16.0,16.0
HG00739,AMR,PUR,12.0,12,16.0,15.3,12.0,14.0,16,21,17.0,18.0,12,11,11.0,8.0,12,14,14.0,15.0,16.0,23.0,8.0,9.0,11.0,12.0,16.0,17.0,14.0,14.0,15,16,22.0,21.0,12.0,12.0,10.0,11.0,7.0,9.0,9,9.0,15.0,15.0
HG00740,AMR,PUR,11.0,12,13.0,14.0,12.0,11.3,16,17,15.0,16.0,12,9,12.0,8.0,13,12,13.0,13.0,18.0,22.0,9.0,12.0,12.0,13.0,15.0,17.0,13.0,14.2,15,15,24.0,27.0,13.0,13.0,9.0,13.0,7.0,7.0,8,8.0,17.0,17.0
HG00742,AMR,PUR,10.0,10,12.0,12.0,10.0,14.0,23,17,16.0,18.0,13,12,10.0,8.0,12,12,13.0,17.0,19.0,21.0,12.0,12.0,10.0,10.0,17.0,22.0,14.0,13.0,14,16,24.0,24.0,9.0,10.0,7.0,11.0,7.0,9.3,11,12.0,16.0,16.0
HG00743,AMR,PUR,12.0,12,16.0,16.3,10.0,11.0,17,20,17.0,17.0,12,12,10.0,8.0,11,15,13.0,15.0,18.0,20.0,11.0,13.0,11.0,9.0,18.0,15.0,12.0,13.0,11,16,20.0,26.0,13.0,5.0,13.0,13.0,7.0,9.3,8,8.0,17.0,18.0
HG01047,AMR,PUR,10.0,10,12.0,13.0,10.0,15.0,16,17,15.0,16.0,12,11,11.0,12.0,13,14,12.0,14.0,18.0,18.0,12.0,13.0,10.0,9.0,18.0,13.0,14.0,14.2,17,16,20.0,25.0,13.0,12.0,5.0,13.0,6.0,9.0,11,11.0,17.0,18.0
HG01048,AMR,PUR,10.0,12,12.0,17.3,11.0,14.0,23,17,17.0,17.0,13,12,8.0,10.0,10,13,13.0,15.0,17.0,21.0,13.0,13.0,11.0,12.0,13.0,15.0,14.0,14.0,16,16,23.0,25.0,9.0,12.0,7.0,7.0,9.3,9.3,8,8.0,15.0,19.0
HG01049,AMR,PUR,11.0,12,17.3,17.3,10.0,10.0,16,24,14.0,16.0,11,10,10.0,12.0,13,15,14.0,15.0,16.0,22.0,13.0,14.0,11.0,10.0,15.0,17.0,11.0,12.0,17,16,21.0,23.0,10.0,12.0,7.0,12.0,7.0,8.0,11,11.0,16.0,16.0
HG01051,AMR,PUR,10.0,10,14.0,15.0,11.0,14.0,23,17,16.0,18.0,11,12,10.0,11.0,13,14,13.0,11.0,15.0,18.0,8.0,10.0,11.0,12.0,15.0,15.0,14.0,13.0,15,15,20.0,20.0,13.0,11.0,11.0,15.0,7.0,9.3,8,8.0,16.0,20.0
HG01052,AMR,PUR,11.0,12,16.0,17.3,10.0,10.0,17,24,15.0,16.0,11,11,8.0,8.0,12,12,11.0,16.0,18.0,20.0,10.0,13.0,11.0,9.0,15.0,16.0,12.0,15.0,16,18,23.0,24.0,11.0,15.0,13.0,13.0,7.0,8.0,11,11.0,11.0,15.0
HG01054,AMR,PUR,12.0,12,16.0,17.3,10.0,11.0,17,25,16.0,16.0,13,12,11.0,12.0,14,15,14.0,15.0,19.0,21.0,9.0,12.0,9.0,9.0,13.0,15.0,12.0,15.0,13,15,19.0,23.0,11.0,10.0,7.0,14.0,7.0,7.0,11,11.0,16.0,17.0
HG01055,AMR,PUR,11.0,12,12.0,15.0,10.0,11.0,18,19,14.0,16.0,8,11,10.0,10.0,13,12,17.0,19.0,17.0,19.0,12.0,13.0,12.0,12.0,14.0,17.0,14.0,15.0,11,15,19.0,22.2,13.0,11.0,10.0,10.0,7.0,9.3,9,11.0,14.0,16.0
HG01058,AMR,PUR,11.0,12,15.0,17.3,11.0,14.0,23,16,15.0,16.0,12,13,11.0,12.0,14,16,12.0,16.0,15.0,17.0,11.0,10.0,11.0,12.0,16.0,20.0,15.2,16.0,16,16,21.0,21.0,9.0,12.0,7.0,10.0,7.0,6.0,8,12.0,15.0,16.0
HG01060,AMR,PUR,11.0,12,12.0,17.3,11.0,14.0,23,24,15.0,15.0,11,11,9.0,10.0,10,12,12.0,15.0,15.0,18.0,9.0,12.0,9.0,12.0,13.0,17.0,13.0,15.0,15,15,21.0,25.0,9.0,11.0,10.0,14.0,7.0,6.0,8,8.0,14.0,17.0
HG01061,AMR,PUR,12.0,12,13.0,14.0,10.0,14.0,16,25,15.0,16.0,13,9,9.0,12.0,12,16,14.0,14.0,18.0,25.0,9.0,11.0,12.0,13.0,13.0,17.0,14.0,15.0,15,18,22.0,26.0,13.0,12.0,12.0,15.0,7.0,6.0,11,11.0,17.0,18.0
HG01063,AMR,PUR,12.0,12,13.0,17.3,10.0,14.0,23,17,16.0,18.0,12,7,8.0,11.0,10,14,13.0,16.0,18.0,23.0,13.0,14.0,12.0,12.0,12.0,22.0,14.0,12.0,17,16,19.0,20.0,13.0,5.0,7.0,13.0,9.3,9.3,8,8.0,14.0,16.0
HG01064,AMR,PUR,13.0,12,17.3,15.3,11.0,11.0,17,18,17.0,18.0,13,12,10.0,12.0,10,15,13.0,14.0,18.0,20.0,13.0,14.0,12.0,9.0,18.0,17.0,13.0,15.2,17,15,22.0,20.0,10.0,12.0,7.0,12.0,6.0,6.0,9,11.0,14.0,16.0
HG01066,AMR,PUR,11.0,12,12.0,17.3,10.0,14.0,17,24,15.0,15.0,12,12,8.0,14.0,8,14,13.0,13.0,20.0,23.0,9.0,14.0,11.0,11.0,16.0,17.0,14.0,13.0,15,15,19.0,23.0,13.0,9.0,15.0,15.0,8.0,9.0,8,11.0,15.0,17.0
HG01067,AMR,PUR,11.0,12,11.0,20.3,10.0,14.0,18,21,16.0,18.0,12,12,11.0,12.0,13,13,14.0,17.0,21.0,22.0,12.0,13.0,11.0,13.0,14.0,16.0,14.0,15.2,16,16,24.0,24.0,13.0,9.0,5.0,11.0,6.0,6.0,8,10.0,16.0,17.0
HG01069,AMR,PUR,8.0,12,16.0,17.3,14.0,14.0,23,25,15.0,16.0,12,11,7.0,11.0,14,18,13.0,14.0,20.0,22.0,11.0,9.0,8.0,12.0,15.0,16.0,14.0,13.0,16,16,22.0,22.0,13.0,12.0,7.0,7.0,6.0,9.0,8,8.0,16.0,17.0
HG01070,AMR,PUR,11.0,12,12.0,13.0,11.0,14.0,16,19,15.0,18.0,12,11,11.0,11.0,12,13,12.0,14.0,18.0,19.0,12.0,14.0,11.0,12.0,12.0,20.0,14.2,15.0,17,15,22.0,19.0,11.0,14.0,7.0,12.0,7.0,9.0,8,8.0,16.0,19.0
HG01072,AMR,PUR,10.0,10,16.3,16.3,11.0,14.0,19,24,15.0,16.0,11,11,7.0,9.0,13,14,13.0,14.0,18.0,20.0,12.0,13.0,11.0,9.0,18.0,15.0,14.0,14.0,15,16,21.0,24.0,13.0,11.0,12.0,12.0,6.0,8.0,9,12.0,17.0,19.0
HG01073,AMR,PUR,11.0,12,17.0,16.0,11.0,11.0,19,25,17.0,17.0,13,13,8.0,10.0,13,13,13.0,14.0,15.0,18.0,9.0,12.0,12.0,13.0,16.0,17.0,15.0,15.2,16,16,19.0,23.0,11.0,12.0,5.0,12.0,6.0,9.3,11,11.0,16.0,17.0
HG01075,AMR,PUR,10.0,11,12.0,15.0,10.0,13.0,20,25,17.0,17.0,12,11,10.0,12.0,13,12,13.0,15.0,19.0,20.0,9.0,12.0,9.0,10.0,13.0,14.0,14.0,12.0,16,16,22.0,24.0,11.0,14.0,11.0,14.0,6.0,9.3,8,8.0,15.0,17.0
HG01077,AMR,PUR,10.0,11,11.0,16.3,11.0,13.0,18,22,15.0,18.0,11,11,10.0,12.0,14,15,12.0,14.0,15.0,17.0,11.0,14.0,9.0,9.0,17.0,19.0,14.0,16.0,14,15,21.0,24.0,13.0,12.0,7.0,12.0,9.3,9.3,10,11.0,18.0,19.0
HG01079,AMR,PUR,10.0,12,18.3,17.3,11.0,11.0,20,21,15.0,18.0,13,12,11.0,8.0,11,12,14.0,14.0,16.0,22.0,13.0,14.0,11.0,14.0,14.0,19.0,12.0,13.0,15,15,24.0,26.0,13.0,9.0,11.0,16.0,6.0,9.3,11,11.0,16.0,17.0
HG01080,AMR,PUR,12.0,12,16.0,17.3,11.3,14.0,19,20,15.0,17.0,12,12,9.0,9.0,12,13,13.0,12.0,19.3,23.0,10.0,11.0,12.0,12.0,14.0,19.0,14.0,15.0,16,16,20.0,23.0,13.0,12.0,12.0,12.0,7.0,9.3,8,8.0,16.0,17.0
HG01082,AMR,PUR,8.0,11,11.0,16.0,10.0,14.0,19,21,17.0,17.0,7,11,8.0,9.0,13,14,13.0,14.0,17.0,17.0,11.0,12.0,12.0,12.0,13.0,15.0,14.0,14.0,16,16,22.0,21.0,9.0,14.0,12.0,12.0,8.0,9.0,8,9.0,16.0,18.0
HG01083,AMR,PUR,10.0,11,11.0,17.3,10.0,11.0,19,24,15.0,17.0,11,12,10.0,10.0,14,15,13.0,16.0,19.3,23.0,9.0,11.0,12.0,10.0,12.0,13.0,14.0,14.0,17,16,19.0,20.0,13.0,12.0,12.0,12.0,9.0,9.3,8,9.0,14.0,16.0
HG01085,AMR,PUR,13.0,13,17.3,15.3,11.0,14.0,17,20,15.0,18.0,13,13,12.0,12.0,12,12,14.0,15.0,18.0,20.0,8.0,10.0,11.0,12.0,14.0,17.0,12.0,13.0,11,16,19.0,23.0,8.0,14.0,7.0,12.0,9.3,9.3,8,8.0,18.0,18.0
HG01086,AMR,PUR,13.0,11,12.0,15.3,10.0,14.0,18,19,15.0,16.0,13,12,7.0,9.0,14,14,14.0,15.0,17.0,19.0,12.0,12.0,11.0,11.0,13.0,17.0,13.0,15.0,15,15,21.0,23.0,13.0,10.0,11.0,12.0,7.0,8.0,8,11.0,18.0,19.0
HG01088,AMR,PUR,12.0,12,12.0,14.0,11.0,11.3,17,17,16.0,18.0,13,12,10.0,9.0,13,12,13.0,14.0,17.0,23.0,8.0,12.0,11.0,14.0,18.0,20.0,14.0,12.0,15,16,20.0,22.2,13.0,11.0,5.0,5.0,6.0,9.3,8,8.0,15.0,17.0
HG01089,AMR,PUR,13.0,11,14.0,16.0,10.0,11.0,17,17,14.0,15.0,12,11,9.0,12.0,13,16,12.0,15.0,15.0,17.0,11.0,12.0,12.0,13.0,11.0,12.0,14.0,13.0,11,15,19.0,23.0,12.0,12.0,8.0,8.0,6.0,9.0,8,11.0,15.0,18.0
HG01092,AMR,PUR,11.0,11,14.0,16.0,11.0,11.0,23,21,17.0,18.0,13,12,9.0,10.0,12,14,14.0,16.0,17.0,20.0,8.0,13.0,9.0,9.0,13.0,15.0,12.0,15.0,11,15,21.0,23.0,12.0,11.0,13.0,13.0,7.0,9.0,9,9.0,17.0,18.0
HG01094,AMR,PUR,10.0,12,14.0,17.3,11.0,11.0,18,20,15.0,16.0,11,9,13.0,10.0,10,13,15.0,16.0,19.0,15.0,11.0,12.0,11.0,13.0,13.0,17.0,12.0,15.0,11,16,22.0,22.0,13.0,13.0,7.0,12.0,6.0,9.3,8,11.0,16.0,19.0
HG01095,AMR,PUR,11.0,12,16.0,17.3,10.0,10.0,19,20,15.0,18.0,13,13,10.0,11.0,13,13,14.0,16.0,20.0,22.0,11.0,13.0,13.0,13.0,13.0,14.0,14.0,13.0,11,15,19.0,19.0,13.0,12.0,12.0,13.0,7.0,8.0,12,12.0,17.0,17.0
HG01097,AMR,PUR,11.0,12,17.0,17.2,10.0,11.0,16,17,14.0,18.0,7,7,8.0,10.0,12,15,13.0,15.0,15.0,18.0,12.0,12.0,11.0,13.0,14.0,15.0,14.0,13.0,15,15,24.0,29.0,10.0,12.0,7.0,13.0,8.0,8.0,8,11.0,16.0,19.0
HG01098,AMR,PUR,13.0,10,15.0,17.3,10.0,10.0,17,17,15.0,15.0,13,7,10.0,10.0,10,14,13.0,14.0,16.0,22.0,11.0,12.0,11.0,9.0,14.0,16.0,13.0,13.0,17,16,19.0,23.0,13.0,10.0,12.0,12.0,8.0,9.0,8,11.0,16.0,19.0
HG01101,AMR,PUR,11.0,12,16.0,17.3,11.0,15.0,23,17,17.0,18.0,13,11,10.0,10.0,12,13,13.0,14.0,19.0,22.0,12.0,12.0,11.0,9.0,12.0,16.0,11.0,13.0,16,18,21.0,23.0,13.0,12.0,12.0,12.0,9.3,9.3,8,11.0,16.0,17.0
HG01102,AMR,PUR,12.0,12,12.0,17.3,10.0,11.0,19,19,16.0,14.0,11,12,12.0,12.0,13,12,13.0,15.0,18.0,22.0,12.0,12.0,13.0,15.0,14.0,17.0,14.0,14.0,15,16,25.0,25.0,10.0,11.0,12.0,12.0,6.0,9.0,11,11.0,16.0,16.0
HG01104,AMR,PUR,10.0,12,15.0,15.0,10.0,11.0,23,24,16.0,16.0,9,8,9.0,10.0,16,16,13.0,16.0,17.0,21.0,10.0,14.0,11.0,12.0,13.0,17.0,14.0,14.0,15,16,21.0,21.0,13.0,12.0,10.0,12.0,9.0,9.3,9,11.0,17.0,20.0
HG01105,AMR,PUR,11.0,11,15.0,15.0,10.0,10.0,17,19,15.0,16.0,11,11,12.0,8.0,13,13,14.0,16.0,20.0,21.0,11.0,12.0,12.0,9.0,12.0,15.0,13.0,13.0,15,16,23.0,26.0,13.0,10.0,7.0,13.0,6.0,9.3,8,8.0,17.0,19.0
HG01107,AMR,PUR,10.0,12,13.0,16.3,11.0,14.0,18,20,14.0,16.0,10,11,9.0,11.0,8,12,12.0,14.0,18.0,20.0,12.0,12.0,12.0,12.0,15.0,19.0,15.0,15.0,17,15,21.0,24.0,13.0,12.0,10.0,11.0,6.0,9.0,8,11.0,20.0,20.0
HG01108,AMR,PUR,10.0,10,12.0,13.0,10.0,13.0,21,24,14.0,17.0,12,11,9.0,9.0,14,14,13.0,14.0,17.0,20.0,12.0,12.0,9.0,9.0,18.0,11.0,10.0,12.2,17,16,23.0,27.0,13.0,12.0,7.0,11.0,6.0,8.0,8,8.0,18.0,19.0
HG01110,AMR,PUR,13.0,10,17.0,16.0,10.0,14.0,19,19,15.0,18.0,12,11,13.0,10.0,10,13,14.0,16.0,17.0,19.0,13.0,13.0,11.0,11.0,14.0,15.0,14.0,13.0,16,16,21.0,25.0,14.0,15.0,8.0,12.0,7.0,9.0,8,13.0,16.0,19.0
HG01111,AMR,PUR,13.0,12,11.0,15.0,10.0,14.0,17,19,15.0,16.0,9,11,10.0,14.0,12,13,13.0,16.0,18.0,22.0,10.0,11.0,11.0,12.0,16.0,21.0,12.2,13.0,17,15,22.0,23.0,13.0,12.0,5.0,8.0,8.0,9.3,8,11.0,16.0,17.0
HG01161,AMR,PUR,10.0,12,14.0,14.0,10.0,11.0,23,25,17.0,18.0,11,13,8.0,10.0,14,14,13.0,16.0,17.0,19.0,11.0,12.0,12.0,12.0,12.0,15.0,14.0,13.0,15,16,19.0,25.0,11.0,14.0,8.0,12.0,6.0,9.3,8,12.0,14.0,17.0
HG01162,AMR,PUR,10.0,11,16.0,17.2,11.0,11.0,16,22,16.0,18.0,12,12,13.0,9.0,15,16,14.0,15.0,17.0,25.0,11.0,12.0,12.0,12.0,13.0,15.0,14.0,14.2,15,15,21.0,23.0,13.0,12.0,13.0,13.0,6.0,6.0,11,11.0,14.0,16.0
HG01164,AMR,PUR,12.0,12,12.0,17.3,11.3,14.0,17,18,15.0,16.0,12,9,10.0,8.0,10,15,12.0,15.0,16.0,20.0,13.0,14.0,13.0,15.0,13.0,17.0,14.0,15.0,15,16,24.0,25.0,8.0,11.0,12.0,13.0,9.3,9.3,8,10.0,15.0,18.0
HG01167,AMR,PUR,10.0,11,12.0,17.3,10.0,15.0,19,25,14.0,17.0,12,11,10.0,8.0,13,15,15.0,15.0,16.0,16.0,10.0,10.0,11.0,13.0,16.0,19.0,13.0,16.2,14,16,20.0,21.0,11.0,14.0,7.0,12.0,6.0,8.0,8,9.0,17.0,19.0
HG01168,AMR,PUR,10.0,10,13.0,17.3,13.0,14.0,17,20,17.0,18.0,12,12,11.0,11.0,13,14,13.0,16.0,21.0,22.0,11.0,12.0,11.0,12.0,14.0,17.0,15.2,16.0,14,15,21.0,23.0,9.0,12.0,10.0,11.0,6.0,9.0,9,11.0,18.0,18.0
HG01170,AMR,PUR,11.0,12,16.0,17.3,11.0,11.0,23,25,16.0,17.0,12,11,11.0,12.0,8,14,13.0,14.0,18.0,20.0,11.0,11.0,12.0,10.0,15.0,17.0,14.0,12.0,11,15,22.0,24.0,13.0,13.0,7.0,7.0,6.0,9.0,8,8.0,15.0,16.0
HG01171,AMR,PUR,10.0,11,15.0,15.3,10.0,11.0,18,19,16.0,16.0,13,12,11.0,12.0,14,14,13.0,13.0,20.0,20.0,11.0,12.0,11.0,12.0,12.0,13.0,14.0,12.0,15,15,22.0,21.0,13.0,12.0,13.0,13.0,6.0,9.3,8,11.0,17.0,17.0
HG01173,AMR,PUR,10.0,12,16.0,16.0,10.0,10.0,17,20,16.0,18.0,11,11,8.0,14.0,13,12,15.0,15.0,17.0,22.0,11.0,13.0,12.0,13.0,14.0,15.0,14.0,15.2,15,15,22.0,24.0,9.0,14.0,11.0,15.0,7.0,6.0,8,8.0,15.0,17.0
HG01174,AMR,PUR,10.0,11,15.0,17.3,14.0,14.0,23,24,18.0,18.0,11,13,13.0,7.0,12,13,13.0,14.0,16.0,18.0,8.0,10.0,13.0,9.0,15.0,19.0,14.0,15.2,15,15,19.0,19.0,8.0,9.0,16.0,16.0,9.3,9.3,8,8.0,14.0,18.0
HG01176,AMR,PUR,12.0,12,13.0,16.3,10.0,14.0,16,20,14.0,16.0,7,11,12.0,12.0,12,14,14.0,16.0,17.0,19.0,8.0,14.0,11.0,13.0,14.0,20.0,13.0,15.0,14,15,22.0,23.0,13.0,8.0,7.0,12.0,7.0,6.0,8,8.0,15.0,17.0
HG01177,AMR,PUR,10.0,12,13.0,16.0,11.0,14.0,16,20,15.0,18.0,10,9,11.0,11.0,10,13,13.0,16.0,19.0,21.0,13.0,14.0,10.0,9.0,18.0,14.0,14.2,16.2,16,16,22.0,22.0,12.0,12.0,12.0,16.0,9.0,9.3,8,9.0,16.0,18.0
HG01182,AMR,PUR,10.0,11,13.0,15.0,11.0,14.0,17,25,16.0,15.0,10,11,10.0,10.0,13,13,13.0,15.0,19.0,21.0,9.0,13.0,9.0,9.0,14.0,17.0,13.0,15.0,15,15,20.0,23.0,9.0,12.0,7.0,10.0,6.0,8.0,8,10.0,16.0,18.0
HG01183,AMR,PUR,10.0,11,12.0,17.3,10.0,10.0,19,24,15.0,18.0,13,12,10.0,11.0,14,15,13.0,14.0,17.0,21.0,12.0,13.0,12.0,12.0,14.0,17.0,12.0,15.2,15,16,19.0,21.0,9.0,12.0,7.0,12.0,7.0,9.0,8,8.0,16.0,17.0
HG01187,AMR,PUR,11.0,12,11.0,15.0,10.0,14.0,23,24,14.0,18.0,12,11,13.0,10.0,10,14,13.0,12.0,16.0,22.0,10.0,13.0,11.0,11.0,13.0,16.0,12.0,15.0,13,16,21.0,24.0,11.0,11.0,12.0,12.0,7.0,9.3,8,9.0,14.0,19.0
HG01188,AMR,PUR,11.0,12,17.3,16.3,10.0,14.0,23,23,16.0,19.0,13,11,10.0,12.0,13,14,13.0,14.0,16.0,18.3,11.0,11.0,11.0,13.0,13.0,15.0,14.0,12.0,15,16,20.0,24.0,13.0,12.0,10.0,10.0,6.0,9.3,8,8.0,18.0,19.0
HG01190,AMR,PUR,11.0,12,11.0,13.0,10.0,10.0,16,18,15.0,15.0,12,11,10.0,11.0,11,15,13.0,15.0,17.0,18.0,9.0,12.0,11.0,10.0,14.0,16.0,13.0,16.0,15,15,23.0,24.0,10.0,10.0,9.0,9.0,6.0,9.3,8,9.0,14.0,15.0
HG01191,AMR,PUR,11.0,11,15.0,15.0,10.0,10.0,23,16,15.0,16.0,12,11,12.0,10.0,13,13,13.0,17.0,15.0,22.0,11.0,11.0,12.0,10.0,12.0,17.0,14.0,12.0,17,16,23.0,25.0,10.0,12.0,7.0,7.0,6.0,9.0,8,12.0,11.0,17.0
HG01197,AMR,PUR,10.0,11,12.0,15.3,14.0,14.0,17,20,14.0,17.0,12,11,10.0,14.0,10,14,13.0,14.0,18.0,20.0,11.0,9.0,8.0,12.0,14.0,16.0,13.0,13.0,15,16,22.0,20.0,9.0,9.0,12.0,13.0,6.0,9.0,8,11.0,15.0,18.0
HG01198,AMR,PUR,12.0,12,13.0,17.3,11.0,13.0,20,20,15.0,18.0,13,11,10.0,11.0,11,12,13.0,12.0,20.0,22.0,11.0,12.0,10.0,9.0,18.0,15.0,14.0,13.0,16,16,20.0,20.0,10.0,10.0,12.0,12.0,9.0,9.3,9,11.0,15.0,15.0
HG01200,AMR,PUR,10.0,12,15.3,15.3,13.0,13.0,19,24,14.0,17.0,11,13,10.0,11.0,13,12,13.0,14.0,18.0,20.0,11.0,9.0,11.0,9.0,13.0,15.0,13.0,15.0,15,15,22.0,22.0,13.0,14.0,10.0,11.0,7.0,7.0,8,11.0,18.0,18.0
HG01204,AMR,PUR,10.0,11,10.0,14.0,10.0,11.0,19,25,15.0,17.0,12,11,10.0,11.0,11,14,15.0,17.0,15.0,19.3,11.0,13.0,11.0,9.0,15.0,16.0,12.0,15.0,15,15,24.0,25.0,13.0,11.0,7.0,12.0,7.0,9.3,8,9.0,16.0,18.0
HG01205,AMR,PUR,10.0,10,14.0,16.0,10.0,11.0,23,24,15.0,17.0,12,10,10.0,12.0,13,12,14.0,16.0,15.0,21.0,11.0,12.0,10.0,10.0,16.0,17.0,14.0,13.0,16,16,21.0,23.0,13.0,10.0,7.0,12.0,9.0,9.0,8,8.0,16.0,17.0
HG01241,AMR,PUR,12.0,12,17.3,16.3,11.0,11.0,19,19,15.0,16.0,12,12,9.0,10.0,13,14,14.0,16.0,18.0,21.0,8.0,12.0,11.0,12.0,16.0,17.0,13.0,13.0,11,15,23.0,25.0,7.0,9.0,13.0,13.0,7.0,7.0,9,12.0,16.0,16.0
HG01242,AMR,PUR,10.0,10,14.0,18.3,14.0,14.0,17,23,15.0,16.0,14,13,11.0,8.0,13,14,14.0,16.0,18.0,23.0,11.0,13.0,12.0,13.0,13.0,14.0,13.0,15.0,17,17,20.0,24.0,8.0,12.0,7.0,12.0,7.0,9.3,8,8.0,17.0,18.0
HG01247,AMR,PUR,11.0,12,12.0,16.3,11.0,11.0,16,25,15.0,16.0,11,11,8.0,10.0,13,12,14.0,15.0,17.3,19.0,11.0,12.0,12.0,11.0,18.0,14.0,14.0,15.2,15,16,21.0,26.0,9.0,10.0,11.0,11.0,7.0,9.0,10,10.0,17.0,19.0
HG01248,AMR,PUR,10.0,12,16.0,16.0,10.0,11.0,24,25,15.0,15.0,12,12,9.0,8.0,11,17,13.0,14.0,18.0,22.0,11.0,12.0,10.0,10.0,14.0,16.0,14.0,13.0,11,16,22.0,23.0,11.0,12.0,7.0,7.0,9.0,10.0,8,8.0,15.0,16.0
HG01286,AMR,PUR,11.0,12,17.0,14.0,11.3,12.3,20,22,14.0,16.0,13,9,11.0,12.0,12,14,13.0,15.0,17.3,19.0,13.0,14.0,13.0,10.0,14.0,20.0,14.0,13.0,17,17,24.0,26.0,10.0,10.0,7.0,11.0,7.0,9.3,8,10.0,17.0,18.0
HG01302,AMR,PUR,12.0,12,15.0,16.3,10.0,10.0,20,25,15.0,18.0,11,11,10.0,10.0,12,13,14.0,15.0,18.0,19.0,11.0,12.0,13.0,13.0,15.0,17.0,14.0,16.0,15,15,19.0,25.0,9.0,9.0,11.0,11.0,9.0,9.3,8,8.0,16.0,19.0
HG01303,AMR,PUR,11.0,12,17.3,17.3,10.0,14.0,19,20,15.0,15.0,13,13,10.0,8.0,13,12,14.0,14.0,17.0,20.0,9.0,10.0,12.0,13.0,18.0,14.0,14.0,14.0,15,15,20.0,24.0,13.0,13.0,11.0,11.0,9.3,9.3,8,11.0,15.0,18.0
HG01305,AMR,PUR,11.0,12,16.0,16.0,10.0,10.0,17,18,15.0,17.0,12,12,7.0,8.0,13,14,16.0,16.0,20.0,23.0,9.0,14.0,12.0,11.0,14.0,17.0,14.0,13.0,17,15,22.0,23.0,8.0,9.0,7.0,12.0,7.0,9.3,8,11.0,14.0,14.0
HG01308,AMR,PUR,10.0,11,14.0,16.3,10.0,11.0,19,20,14.0,17.0,11,11,8.0,10.0,10,11,13.0,15.0,19.0,21.0,11.0,13.0,11.0,11.0,14.0,19.0,14.0,15.0,17,11,20.0,25.0,13.0,12.0,12.0,12.0,6.0,9.3,9,12.0,18.0,19.0
HG01311,AMR,PUR,13.0,11,12.0,15.3,10.0,11.0,22,24,16.0,16.0,9,11,9.0,11.0,13,14,12.0,15.0,21.0,22.0,12.0,12.0,9.0,9.0,17.0,17.0,12.0,13.0,15,16,20.0,23.0,13.0,11.0,13.0,13.0,6.0,6.0,11,11.0,14.0,16.0
HG01312,AMR,PUR,10.0,12,14.0,15.0,11.0,14.0,23,19,16.0,18.0,13,7,9.0,11.0,13,14,14.0,14.0,17.0,17.0,12.0,13.0,12.0,9.0,18.0,15.0,13.0,15.0,15,16,24.0,24.0,9.0,14.0,10.0,16.0,9.0,9.3,9,11.0,17.0,19.0
HG01323,AMR,PUR,10.0,11,11.0,14.0,11.0,11.0,17,25,15.0,16.0,11,11,10.0,12.0,13,14,14.0,16.0,19.3,20.0,12.0,12.0,12.0,9.0,14.0,16.0,13.0,15.0,15,16,23.0,26.0,13.0,12.0,7.0,12.0,10.0,10.0,8,6.0,16.0,18.0
HG01325,AMR,PUR,10.0,11,13.0,14.0,11.0,11.0,16,19,12.0,14.0,13,12,9.0,12.0,13,13,13.0,13.0,25.0,25.0,11.0,12.0,11.0,12.0,12.0,15.0,14.0,15.0,17,15,23.0,26.0,10.0,11.0,7.0,13.0,7.0,9.3,8,9.0,16.0,18.0
HG01326,AMR,PUR,10.0,12,13.0,14.0,10.0,10.0,17,21,15.0,16.0,13,11,10.0,8.0,12,14,13.0,15.0,18.0,22.0,9.0,12.0,13.0,13.0,18.0,12.0,13.0,15.2,17,17,26.0,30.0,5.0,11.0,7.0,11.0,7.0,8.0,8,11.0,17.0,18.0
HG01392,AMR,PUR,11.0,12,17.3,15.3,11.0,11.0,17,19,14.0,15.0,12,12,13.0,10.0,12,15,12.0,15.0,18.0,23.0,11.0,13.0,14.0,10.0,12.0,16.0,14.0,13.0,17,15,23.0,26.0,9.0,9.0,7.0,12.0,7.0,9.3,8,10.0,15.0,16.0
HG01393,AMR,PUR,11.0,12,11.0,13.0,11.0,14.0,17,21,15.0,17.0,12,9,11.0,8.0,13,9,14.0,16.0,21.0,22.0,11.0,12.0,13.0,9.0,16.0,19.0,14.0,15.0,15,15,22.0,23.0,13.0,12.0,10.0,11.0,7.0,8.0,8,12.0,16.0,16.0
HG01395,AMR,PUR,10.0,12,17.3,15.3,10.0,14.0,17,19,14.0,15.0,13,12,9.0,12.0,13,15,13.0,14.0,17.0,20.0,9.0,13.0,11.0,12.0,18.0,15.0,14.0,14.0,11,15,22.0,24.0,13.0,10.0,7.0,12.0,9.3,9.3,10,11.0,16.0,16.0
HG01396,AMR,PUR,12.0,12,14.0,16.0,10.0,11.0,19,20,15.0,17.0,12,8,13.0,8.0,13,14,14.0,16.0,17.0,21.0,12.0,13.0,11.0,12.0,12.0,17.0,14.0,13.2,15,15,22.0,21.0,13.0,13.0,13.0,13.0,9.0,9.3,12,12.0,16.0,19.0
HG01398,AMR,PUR,10.0,12,13.0,16.0,12.3,14.0,20,24,18.0,18.0,12,11,11.0,11.0,14,14,13.0,14.0,19.0,20.0,12.0,12.0,11.0,12.0,17.0,17.0,14.0,14.0,16,16,21.0,23.0,13.0,12.0,11.0,12.0,8.0,8.0,11,11.0,16.0,17.0
HG01402,AMR,PUR,11.0,12,12.0,18.3,11.0,11.0,24,25,15.0,16.0,10,10,10.0,10.0,14,14,14.0,14.0,18.0,19.0,9.0,11.0,11.0,12.0,13.0,16.0,14.0,16.0,15,16,23.0,25.0,10.0,11.0,13.0,15.0,6.0,6.0,8,8.0,15.0,18.0
HG01403,AMR,PUR,11.0,12,12.0,17.3,11.0,11.0,16,22,15.0,16.0,8,11,10.0,10.0,11,14,13.0,16.0,20.0,23.0,9.0,13.0,9.0,9.0,15.0,16.0,14.0,16.2,15,16,22.0,24.0,10.0,10.0,11.0,12.0,9.0,9.3,8,9.0,15.0,15.0
HG01405,AMR,PUR,7.0,12,15.0,16.3,10.0,14.0,20,20,14.0,16.0,13,12,11.0,8.0,10,13,13.0,15.0,15.0,20.0,11.0,11.2,12.0,13.0,18.0,16.0,14.0,14.0,17,15,20.0,26.0,10.0,12.0,7.0,12.0,7.0,9.3,8,11.0,16.0,17.0
HG01412,AMR,PUR,11.0,12,11.0,16.0,10.0,11.0,17,24,15.0,15.0,12,12,8.0,8.0,12,14,13.0,15.0,19.0,22.0,9.0,11.0,12.0,14.0,12.0,16.0,15.0,15.2,17,15,22.0,25.0,13.0,12.0,7.0,12.0,6.0,9.3,11,11.0,15.0,16.0
HG01413,AMR,PUR,11.0,11,14.0,14.0,11.0,11.0,16,19,15.0,18.0,12,10,10.0,9.0,13,15,13.0,14.0,15.0,20.0,9.0,12.0,12.0,9.0,18.0,15.0,12.2,13.0,15,15,21.0,24.0,10.0,12.0,10.0,10.0,7.0,6.0,8,8.0,17.0,19.0
HG01414,AMR,PUR,11.0,12,14.0,16.3,10.0,15.0,17,19,15.0,15.0,12,11,10.0,12.0,13,13,15.0,15.0,19.0,21.0,12.0,12.0,11.0,14.0,14.0,19.0,15.0,15.0,15,16,20.0,28.0,12.0,14.0,5.0,13.0,7.0,6.0,8,11.0,16.0,17.0
HG00759,EAS,CDX,10.0,10,15.0,15.0,12.0,14.0,18,18,16.0,16.0,12,10,12.0,10.0,12,14,13.0,14.0,18.0,20.0,8.0,9.0,11.0,13.0,16.0,17.0,14.0,13.0,16,16,22.0,18.0,9.0,11.0,12.0,11.0,8.0,9.3,8,8.0,14.0,19.0
HG00766,EAS,CDX,10.0,10,14.0,16.0,11.0,14.0,16,24,15.0,17.0,13,13,11.0,8.0,9,11,14.0,16.0,22.0,22.0,8.0,10.0,12.0,12.0,15.0,16.0,13.0,14.2,11,16,23.0,24.0,9.0,10.0,11.0,11.0,7.0,9.0,8,11.0,17.0,20.0
HG00844,EAS,CDX,11.0,12,15.0,17.3,12.0,12.0,18,21,17.0,18.0,12,12,11.0,12.0,11,12,13.0,16.0,22.0,22.0,10.0,11.0,11.0,11.0,14.0,16.0,12.2,13.2,15,15,20.0,21.0,8.0,9.0,11.0,11.0,10.0,10.0,8,11.0,17.0,17.0
HG00851,EAS,CDX,11.0,11,11.0,13.0,12.0,10.0,17,19,16.0,17.0,12,12,10.0,11.0,10,16,14.0,15.0,21.0,24.0,8.0,11.0,11.0,14.0,15.0,19.0,14.0,13.0,15,15,16.0,25.0,13.0,9.0,10.0,12.0,9.0,9.3,8,9.0,18.0,18.0
HG00864,EAS,CDX,12.0,12,15.0,18.0,11.0,11.3,23,19,16.0,17.0,12,11,10.0,11.0,12,13,13.0,14.0,18.0,20.0,11.0,9.0,9.0,9.0,18.0,16.0,13.0,15.0,17,15,21.2,24.0,13.0,12.0,11.0,11.0,8.3,9.0,11,11.0,17.0,19.0
HG00867,EAS,CDX,10.0,14,15.0,15.0,10.0,14.0,20,23,17.0,17.0,12,11,12.0,8.0,13,15,14.0,15.0,20.0,22.0,8.0,12.0,12.0,9.0,18.0,12.0,14.0,13.0,16,16,24.0,24.0,9.0,9.0,11.0,11.0,7.0,7.0,8,9.0,14.0,18.0
HG00879,EAS,CDX,10.0,11,15.0,15.0,11.0,11.0,23,17,15.0,17.0,13,12,11.0,12.0,14,15,14.0,15.0,21.0,23.0,8.0,12.0,11.0,11.0,12.0,14.0,15.2,15.2,14,15,21.0,15.0,9.0,11.0,12.0,12.0,6.0,9.0,8,8.0,14.0,18.0
HG00881,EAS,CDX,13.0,12,11.0,16.0,10.0,13.0,19,24,16.0,16.0,12,9,10.0,12.0,13,14,13.0,15.0,21.0,24.0,10.0,11.0,9.0,9.0,15.0,16.0,14.0,15.2,16,16,21.0,24.0,10.0,9.0,11.0,11.0,9.0,9.0,8,8.0,17.0,18.0
HG00956,EAS,CDX,11.0,12,17.0,17.0,12.0,14.0,17,22,15.0,18.0,10,10,11.0,12.0,12,16,14.0,15.0,18.0,21.0,8.0,11.0,12.0,11.0,16.0,16.0,12.2,15.2,17,11,22.0,21.0,9.0,11.0,12.0,12.0,7.0,9.0,9,11.0,14.0,14.0
HG00978,EAS,CDX,12.0,12,17.0,17.0,11.0,14.0,23,21,15.0,16.0,12,11,11.0,12.0,10,14,15.0,16.0,21.0,22.0,8.0,10.0,12.0,10.0,16.0,16.0,15.2,15.2,17,17,22.0,23.0,13.0,11.0,13.0,14.0,7.0,9.0,8,11.0,14.0,18.0
HG00982,EAS,CDX,11.0,12,15.0,15.0,12.0,11.0,19,20,15.0,17.0,10,9,11.0,11.0,14,15,13.0,15.0,18.0,22.0,8.0,10.0,11.0,12.0,15.0,19.0,14.2,15.2,17,11,19.0,21.0,9.0,11.0,11.0,11.0,9.0,9.3,8,8.0,14.0,16.0
HG01028,EAS,CDX,10.0,12,16.0,17.3,12.0,11.3,23,18,16.0,16.0,13,9,11.0,9.0,12,17,13.0,16.0,18.0,20.0,10.0,11.0,12.0,13.0,16.0,16.0,15.2,16.2,17,15,19.0,24.0,8.0,11.0,10.0,11.0,7.0,6.0,8,8.0,18.0,18.0
HG01029,EAS,CDX,10.0,12,17.0,12.0,11.3,14.0,21,22,17.0,18.0,12,11,14.0,10.0,10,12,13.0,15.0,20.0,23.0,9.0,11.0,11.0,10.0,14.0,16.0,14.0,15.2,11,15,21.0,24.0,9.0,12.0,11.0,11.0,6.0,9.0,8,10.0,16.0,18.0
HG01031,EAS,CDX,12.0,12,15.0,16.0,12.0,14.0,23,20,15.0,16.0,13,12,10.0,11.0,14,15,14.0,15.0,18.0,19.0,8.0,11.0,12.0,13.0,13.0,17.0,12.0,14.2,16,16,21.0,21.2,9.0,9.0,10.0,13.0,9.0,9.3,8,8.0,14.0,18.0
HG01046,EAS,CDX,10.0,12,11.0,13.0,12.0,14.0,23,17,15.0,16.0,13,10,11.0,12.0,10,15,15.0,15.0,19.0,22.0,8.0,10.0,12.0,9.0,12.0,15.0,14.0,15.0,17,15,24.0,24.0,13.0,12.0,12.0,11.0,7.0,9.0,11,11.0,17.0,18.0
HG01794,EAS,CDX,10.0,11,15.0,15.0,10.0,11.0,23,20,15.0,16.0,9,11,12.0,14.0,13,11,14.0,14.0,19.0,22.0,11.0,11.0,12.0,9.0,12.0,18.2,14.0,13.2,15,15,22.0,24.0,9.0,10.0,11.0,11.0,7.0,9.0,8,8.0,14.0,19.0
HG01795,EAS,CDX,12.0,15,16.0,17.3,11.0,13.0,17,24,15.0,16.0,12,11,12.0,9.0,14,15,14.0,17.0,19.0,19.0,11.0,12.0,12.0,13.0,18.0,14.0,13.0,13.0,11,15,19.0,24.0,9.0,9.0,11.0,11.0,7.0,9.0,8,11.0,16.0,17.0
HG01796,EAS,CDX,11.0,12,15.0,18.3,9.2,10.0,23,19,16.0,17.0,12,10,10.0,12.0,15,16,15.0,16.0,19.0,19.0,10.0,11.0,11.0,9.0,15.0,16.0,14.2,16.2,17,15,21.0,25.0,9.0,9.0,11.0,11.0,9.0,9.0,9,11.0,18.0,19.0
HG01797,EAS,CDX,10.0,12,13.0,17.3,12.0,11.0,17,22,16.0,17.0,12,11,11.0,12.0,13,17,13.0,15.0,18.0,20.0,8.0,14.0,9.0,9.0,18.0,13.0,13.0,13.2,11,15,22.0,23.0,13.0,9.0,12.0,12.0,7.0,8.0,8,9.0,14.0,17.0
HG01798,EAS,CDX,9.0,11,12.0,19.3,11.0,11.0,20,24,14.0,17.0,12,10,11.0,12.0,13,16,13.0,13.0,19.0,24.0,11.0,8.0,13.0,11.0,12.0,14.0,13.2,15.0,11,15,18.0,27.0,11.0,11.0,11.0,12.0,7.0,9.0,8,9.0,14.0,14.0
HG01799,EAS,CDX,12.0,12,14.0,15.0,12.0,14.0,23,25,16.0,17.0,12,10,11.0,8.0,12,12,14.0,16.0,18.0,20.0,11.0,11.0,11.0,13.0,16.0,16.0,14.0,12.0,17,11,22.0,19.0,9.0,12.0,5.0,12.0,9.0,9.3,11,11.0,14.0,17.0
HG01800,EAS,CDX,10.0,12,17.3,17.3,9.2,14.0,19,22,16.0,16.0,12,12,11.0,12.0,10,14,13.0,14.0,20.0,21.0,11.0,11.0,11.0,11.0,16.0,16.0,14.0,15.0,17,15,22.0,25.0,9.0,9.0,12.0,12.0,7.0,8.0,8,8.0,19.0,20.0
HG01801,EAS,CDX,13.0,12,15.0,15.0,11.0,14.0,23,21,16.0,16.0,11,11,12.0,9.0,10,11,13.0,14.0,18.0,20.0,10.0,11.0,12.0,12.0,15.0,19.0,14.0,15.2,17,14,18.0,24.0,9.0,9.0,10.0,10.0,9.0,9.0,8,11.0,18.0,18.0
HG01802,EAS,CDX,11.0,11,13.0,16.0,12.0,12.0,23,19,18.0,18.0,12,12,11.0,8.0,11,12,12.0,15.0,19.0,23.0,8.0,13.0,9.0,12.0,15.0,15.0,13.0,13.0,15,16,22.0,23.0,11.0,12.0,11.0,11.0,7.0,7.0,8,9.0,14.0,16.0
HG01804,EAS,CDX,9.0,11,12.0,15.0,11.3,14.0,19,19,15.0,16.0,9,11,10.0,11.0,10,12,13.0,14.0,17.0,20.0,11.0,10.0,12.0,11.0,14.0,20.0,12.0,12.2,15,16,23.0,27.0,9.0,9.0,15.0,15.0,7.0,7.0,8,11.0,17.0,17.0
HG01805,EAS,CDX,10.0,12,15.0,15.0,12.0,11.0,19,19,15.0,15.0,10,11,11.0,11.0,11,11,13.0,15.0,18.0,22.0,12.0,13.0,11.0,9.0,12.0,12.0,14.0,12.0,16,16,22.0,21.0,11.0,15.0,5.0,11.0,9.0,9.0,9,11.0,14.0,17.0
HG01806,EAS,CDX,10.0,10,17.0,18.3,12.0,9.2,17,19,16.0,16.0,12,11,10.0,11.0,12,15,13.0,13.0,19.0,19.0,9.0,12.0,11.0,13.0,12.0,13.0,14.0,12.0,17,17,22.0,26.0,10.0,14.0,11.0,15.0,7.0,9.0,8,11.0,14.0,19.0
HG01807,EAS,CDX,13.0,12,15.0,14.0,11.0,11.0,19,22,16.0,17.0,11,11,11.0,12.0,13,10,13.0,13.0,17.0,19.0,8.0,11.0,12.0,11.0,13.0,16.0,13.0,15.2,15,15,20.0,23.0,10.0,14.0,11.0,13.0,7.0,7.0,8,8.0,14.0,16.0
HG01808,EAS,CDX,12.0,12,11.0,16.0,12.0,12.0,18,20,16.0,17.0,12,10,13.0,9.0,13,16,13.0,16.0,20.0,20.0,8.0,11.0,12.0,13.0,16.0,20.0,14.0,14.2,14,15,22.0,23.0,8.0,9.0,11.0,11.0,6.0,9.0,8,8.0,15.0,19.0
HG01809,EAS,CDX,10.0,10,13.0,18.3,12.0,10.0,18,19,16.0,16.0,12,10,10.0,12.0,15,15,13.0,15.0,18.0,20.0,8.0,11.0,13.0,9.0,15.0,16.0,15.2,16.2,15,15,25.0,25.0,13.0,9.0,11.0,11.0,9.0,9.0,8,11.0,16.0,18.0
HG01810,EAS,CDX,11.0,12,12.0,13.0,10.0,14.0,18,19,16.0,17.0,10,9,11.0,11.0,12,14,14.0,15.0,19.0,21.0,8.0,11.0,12.0,13.0,15.0,17.0,13.0,13.0,15,15,22.0,24.0,9.0,10.0,11.0,11.0,9.0,9.0,8,8.0,14.0,17.0
HG01811,EAS,CDX,10.0,12,13.0,15.0,11.0,14.0,18,25,16.0,17.0,10,11,12.0,8.0,10,11,13.0,13.0,18.0,18.0,8.0,9.0,11.0,12.0,12.0,15.0,12.2,15.2,17,15,19.0,20.0,15.0,11.0,11.0,11.0,7.0,9.0,8,8.0,14.0,19.0
HG01812,EAS,CDX,10.0,12,13.0,16.0,12.0,14.0,20,22,15.0,15.0,10,11,10.0,8.0,10,11,13.0,13.0,19.0,19.0,8.0,11.0,12.0,12.0,18.0,15.0,13.0,15.0,15,16,19.0,19.0,7.0,11.0,13.0,13.0,7.0,7.0,9,11.0,14.0,17.0
HG01813,EAS,CDX,10.0,10,13.0,16.0,10.0,11.3,23,17,15.0,16.0,13,11,11.0,14.0,14,15,14.0,14.0,18.0,20.0,8.0,11.0,11.0,11.0,15.0,16.0,14.0,12.0,15,16,22.0,25.0,13.0,12.0,11.0,11.0,9.0,9.0,8,10.0,14.0,19.0
HG01815,EAS,CDX,11.0,11,16.0,16.0,10.0,11.0,19,25,15.0,17.0,11,11,13.0,11.0,10,12,14.0,15.0,18.0,23.0,8.0,10.0,10.0,10.0,16.0,16.0,13.0,15.0,15,16,22.0,23.0,8.0,10.0,11.0,14.0,6.0,9.0,9,11.0,14.0,18.0
HG01816,EAS,CDX,12.0,14,17.0,17.3,10.0,10.0,19,23,15.0,15.0,10,10,12.0,12.0,10,13,13.0,14.0,20.0,21.0,9.0,9.0,13.0,11.0,14.0,15.0,13.0,15.0,15,16,20.0,23.0,9.0,9.0,16.0,16.0,9.3,10.0,8,8.0,17.0,18.0
HG01817,EAS,CDX,10.0,11,13.0,16.0,12.0,11.0,17,25,16.0,17.0,10,9,12.0,12.0,12,15,13.0,15.0,21.0,23.0,8.0,11.0,11.0,9.0,14.0,15.0,14.2,14.2,15,16,22.0,21.0,13.0,12.0,10.0,13.0,7.0,9.0,8,8.0,15.0,17.0
HG02151,EAS,CDX,10.0,11,13.0,14.0,10.0,11.0,20,23,15.0,16.0,10,11,13.0,10.0,10,11,13.0,14.0,18.0,20.0,8.0,12.0,13.0,9.0,19.0,21.0,14.0,13.0,17,15,20.0,24.2,13.0,14.0,10.0,10.0,7.0,6.0,9,12.0,14.0,17.0
HG02152,EAS,CDX,10.0,12,13.0,15.0,12.0,11.3,17,19,15.0,15.0,13,10,11.0,12.0,13,10,14.0,16.0,18.0,20.0,9.0,10.0,10.0,10.0,13.0,16.0,14.0,13.0,17,16,19.0,21.0,12.0,10.0,11.0,13.0,7.0,9.0,9,11.0,18.0,18.0
HG02153,EAS,CDX,10.0,12,15.0,16.0,11.0,11.0,16,19,16.0,17.0,13,12,10.0,10.0,13,16,13.0,15.0,20.0,21.0,8.0,10.0,11.0,11.0,12.0,14.0,15.2,16.0,17,15,22.0,18.0,10.0,11.0,11.0,11.0,9.0,10.0,8,8.0,17.0,17.0
HG02154,EAS,CDX,11.0,12,15.0,15.0,12.0,11.0,23,24,17.0,18.0,12,12,11.0,9.0,12,18,14.0,15.0,20.0,23.0,9.0,14.0,12.0,9.0,14.0,17.0,15.0,15.2,15,15,19.0,21.0,9.0,11.0,11.0,12.0,7.0,9.0,8,11.0,16.0,18.0
HG02155,EAS,CDX,11.0,11,16.0,16.0,10.0,11.0,18,20,17.0,18.0,7,11,8.0,10.0,14,14,14.0,15.0,20.0,22.0,8.0,8.0,11.0,11.0,18.0,15.0,13.0,15.2,11,15,24.0,25.0,10.0,16.0,11.0,14.0,9.0,9.3,8,8.0,18.0,18.0
HG02156,EAS,CDX,10.0,12,16.0,17.3,11.3,14.0,23,19,15.0,16.0,12,11,8.0,10.0,11,13,16.0,16.0,19.0,19.0,11.0,9.0,12.0,12.0,14.0,15.0,14.0,12.0,15,15,19.0,19.0,10.0,10.0,16.0,16.0,9.0,9.3,8,8.0,14.0,18.0
HG02164,EAS,CDX,12.0,12,13.0,14.0,12.0,11.3,23,20,14.0,16.0,12,10,10.0,8.0,11,14,15.0,15.0,18.0,20.0,8.0,10.0,11.0,13.0,13.0,15.0,13.0,15.0,15,16,19.0,23.0,9.0,10.0,11.0,12.0,7.0,9.0,8,11.0,14.0,18.0
HG02165,EAS,CDX,11.0,12,18.3,17.3,11.0,14.0,18,19,16.0,18.0,12,11,11.0,8.0,13,13,13.0,16.0,15.0,18.0,8.0,12.0,12.0,10.0,14.0,16.0,14.0,12.0,16,16,22.0,23.0,9.0,12.0,5.0,14.0,7.0,9.0,9,9.0,14.0,14.0
HG02166,EAS,CDX,10.0,12,15.0,15.0,12.0,11.0,23,24,15.0,15.0,13,12,11.0,11.0,10,14,14.0,15.0,20.0,21.0,9.0,12.0,12.0,9.0,16.0,17.0,13.0,15.2,15,16,20.0,23.0,11.0,12.0,11.0,11.0,9.0,9.3,8,11.0,14.0,16.0
HG02178,EAS,CDX,11.0,12,17.0,16.0,12.0,14.0,23,25,15.0,18.0,13,10,11.0,10.0,13,12,13.0,14.0,19.0,20.0,8.0,10.0,11.0,12.0,15.0,15.0,13.2,15.0,11,14,22.0,22.2,9.0,12.0,11.0,14.0,7.0,6.0,8,9.0,16.0,18.0
HG02179,EAS,CDX,10.0,15,14.0,16.0,9.2,10.0,17,19,13.0,16.0,10,11,10.0,8.0,13,11,13.0,14.0,17.0,18.0,8.0,13.0,12.0,13.0,17.0,17.0,12.0,13.0,16,16,22.0,23.0,9.0,11.0,12.0,12.0,9.0,9.0,8,8.0,15.0,18.0
HG02180,EAS,CDX,13.0,10,14.0,16.0,12.0,11.0,17,24,16.0,17.0,9,9,12.0,12.0,10,10,13.0,15.0,19.0,21.0,11.0,11.0,12.0,11.0,15.0,19.0,13.0,14.2,14,15,21.0,23.0,9.0,12.0,11.0,11.0,9.0,9.0,8,11.0,14.0,18.0
HG02181,EAS,CDX,12.0,12,15.0,17.3,12.0,9.2,19,21,17.0,18.0,12,12,10.0,12.0,11,12,13.0,14.0,20.0,21.0,9.0,10.0,11.0,9.0,12.0,25.0,12.0,13.0,15,18,21.0,24.0,13.0,9.0,12.0,12.0,7.0,8.0,8,8.0,17.0,18.0
HG02182,EAS,CDX,9.0,12,17.0,17.3,10.0,14.0,23,26,15.0,15.0,13,12,10.0,12.0,13,15,13.0,13.0,19.0,19.0,8.0,10.0,11.0,12.0,15.0,19.0,14.0,14.0,17,17,22.0,18.0,7.0,9.0,10.0,11.0,7.0,7.0,11,11.0,14.0,16.0
HG02184,EAS,CDX,13.0,12,15.0,16.0,12.0,14.0,19,24,17.0,17.0,10,11,12.0,8.0,10,11,13.0,14.0,21.0,24.0,11.0,12.0,9.0,11.0,14.0,16.0,14.2,15.0,15,15,23.0,24.0,8.0,11.0,11.0,11.0,7.0,9.0,11,11.0,14.0,17.0
HG02185,EAS,CDX,13.0,10,15.0,16.0,10.0,11.3,18,24,15.0,16.0,10,11,9.0,12.0,13,16,13.0,14.0,21.0,25.0,8.0,10.0,12.0,10.0,13.0,16.0,13.0,14.2,15,16,20.0,23.0,10.0,10.0,11.0,12.0,7.0,9.3,8,11.0,14.0,17.0
HG02186,EAS,CDX,13.0,10,13.0,15.0,11.0,11.0,19,19,14.0,16.0,10,11,11.0,8.0,13,14,13.0,16.0,15.0,20.0,9.0,10.0,12.0,12.0,18.0,14.0,14.0,16.0,15,15,23.0,26.0,10.0,14.0,9.0,9.0,9.0,9.0,8,11.0,14.0,14.0
HG02187,EAS,CDX,9.0,11,14.0,15.0,10.0,11.3,20,24,14.0,15.0,11,11,11.0,12.0,13,14,13.0,16.0,15.0,20.0,10.0,11.0,11.0,9.0,15.0,15.0,15.2,15.2,11,15,22.0,19.0,8.0,11.0,11.0,11.0,9.0,9.0,10,12.0,18.0,19.0
HG02188,EAS,CDX,10.0,11,12.0,15.0,10.0,10.0,19,20,15.0,16.0,12,12,10.0,12.0,12,13,13.0,14.0,21.0,26.0,8.0,9.0,12.0,9.0,14.0,15.0,13.0,15.2,17,15,22.0,23.0,9.0,9.0,11.0,11.0,7.0,9.0,8,8.0,14.0,17.0
HG02190,EAS,CDX,13.0,13,14.0,17.3,11.0,14.0,20,22,16.0,17.0,10,9,11.0,9.0,10,14,13.0,15.0,19.0,23.0,8.0,8.0,11.0,11.0,15.0,20.0,15.2,15.2,11,18,26.0,26.0,9.0,12.0,11.0,11.0,7.0,9.0,8,8.0,14.0,17.0
HG02250,EAS,CDX,11.0,12,15.0,16.0,14.0,14.0,16,22,15.0,16.0,13,10,9.2,11.0,10,12,13.0,15.0,19.0,22.0,8.0,12.0,12.0,11.0,14.0,15.0,14.0,14.0,15,16,22.0,23.0,9.0,9.0,11.0,11.0,7.0,9.0,8,8.0,14.0,18.0
HG02351,EAS,CDX,12.0,12,15.0,17.3,10.0,14.0,19,23,15.0,17.0,12,10,13.0,9.0,13,15,14.0,15.0,18.0,18.0,8.0,9.0,12.0,9.0,13.0,17.0,14.2,16.2,14,15,22.0,25.0,9.0,12.0,11.0,11.0,7.0,9.0,8,11.0,16.0,20.0
HG02353,EAS,CDX,11.0,12,17.0,12.0,11.0,14.0,19,22,16.0,16.0,11,11,11.0,11.0,12,12,13.0,17.0,19.0,19.0,11.0,10.0,12.0,10.0,13.0,15.0,13.0,15.0,17,17,19.0,25.0,9.0,14.0,11.0,11.0,6.0,9.0,8,9.0,14.0,19.0
HG02355,EAS,CDX,11.0,11,16.0,16.0,10.0,11.0,19,25,17.0,17.0,10,9,8.0,8.0,11,18,13.0,16.0,19.0,19.0,8.0,11.0,10.0,9.0,16.0,19.0,14.0,12.0,15,16,16.0,22.2,9.0,9.0,11.0,11.0,9.0,9.0,8,8.0,14.0,18.0
HG02356,EAS,CDX,12.0,12,11.0,15.0,11.0,14.0,18,20,15.0,17.0,14,7,10.0,12.0,11,11,13.0,13.0,20.0,25.0,8.0,10.0,12.0,9.0,18.0,22.0,13.0,16.2,17,17,24.0,25.0,12.0,12.0,14.0,11.0,7.0,8.0,8,9.0,17.0,18.0
HG02360,EAS,CDX,10.0,11,12.0,16.0,10.0,14.0,20,24,16.0,17.0,13,12,10.0,11.0,14,14,12.0,14.0,18.0,20.0,8.0,11.0,11.0,9.0,19.0,23.0,15.0,16.2,15,15,21.0,21.0,13.0,10.0,11.0,11.0,7.0,9.0,8,8.0,14.0,17.0
HG02364,EAS,CDX,13.0,10,14.0,15.0,11.0,11.0,19,24,15.0,16.0,10,11,11.0,12.0,13,10,13.0,15.0,18.0,21.0,9.0,9.0,11.0,12.0,14.0,22.0,13.0,15.2,15,16,22.0,23.0,9.0,12.0,13.0,13.0,8.0,9.0,8,11.0,17.0,19.0
HG02367,EAS,CDX,10.0,11,16.0,16.0,9.2,12.0,17,22,15.0,15.0,10,10,10.0,11.0,13,14,16.0,16.0,18.0,19.0,8.0,11.0,11.0,10.0,14.0,14.0,14.2,15.2,15,15,22.0,24.0,13.0,10.0,11.0,11.0,9.0,9.0,8,8.0,14.0,17.0
HG02371,EAS,CDX,12.0,12,15.0,16.0,10.0,14.0,20,21,16.0,18.0,11,9,11.0,8.0,10,15,13.0,13.0,24.0,25.0,8.0,11.0,13.0,9.0,10.0,14.0,9.0,15.2,15,16,22.0,22.0,8.0,8.0,10.0,10.0,7.0,9.0,8,8.0,17.0,20.0
HG02373,EAS,CDX,10.0,12,13.0,15.0,12.0,11.0,18,18,16.0,16.0,11,11,11.0,11.0,12,16,13.0,13.0,17.0,19.0,11.0,8.0,10.0,9.0,12.0,14.0,13.0,15.2,15,16,23.2,24.0,9.0,12.0,10.0,10.0,9.0,9.3,8,8.0,14.0,16.0
HG02374,EAS,CDX,11.0,12,13.0,15.0,12.0,11.0,19,20,16.0,18.0,10,10,11.0,11.0,14,16,13.0,14.0,18.0,24.0,8.0,12.0,9.0,9.0,12.0,21.0,14.0,15.0,15,16,22.0,19.0,10.0,12.0,14.0,15.0,7.0,7.0,8,11.0,15.0,17.0
HG02375,EAS,CDX,10.0,10,12.0,13.0,11.0,14.0,23,24,15.0,17.0,12,11,11.0,8.0,13,14,14.0,15.0,20.0,21.0,11.0,13.0,12.0,9.0,13.0,13.0,13.0,13.2,17,18,22.0,21.0,9.0,11.0,11.0,11.0,7.0,9.0,8,8.0,14.0,17.0
HG02379,EAS,CDX,12.0,12,14.0,15.0,11.0,11.3,19,20,15.0,17.0,13,10,10.0,8.0,10,15,13.0,13.0,18.0,20.0,11.0,10.0,11.0,11.0,13.0,15.0,13.0,15.2,11,11,25.0,25.0,13.0,8.0,11.0,11.0,6.0,8.0,8,11.0,14.0,18.0
HG02380,EAS,CDX,10.0,11,16.0,16.0,12.0,10.0,23,19,17.0,17.0,13,13,11.0,11.0,11,11,14.0,16.0,18.0,19.0,8.0,9.0,12.0,12.0,14.0,19.0,14.0,14.0,15,15,23.0,25.2,9.0,9.0,11.0,11.0,7.0,9.0,8,11.0,17.0,18.0
HG02382,EAS,CDX,10.0,10,12.0,13.0,10.0,11.3,17,19,16.0,16.0,12,9,13.0,8.0,13,12,14.0,14.0,17.0,19.0,8.0,8.0,12.0,13.0,13.0,20.0,13.0,13.0,15,16,22.0,20.0,9.0,12.0,12.0,12.0,7.0,6.0,8,11.0,16.0,17.0
HG02383,EAS,CDX,9.0,12,13.0,16.0,11.3,12.0,23,18,15.0,15.0,12,12,11.0,10.0,10,13,14.0,15.0,19.0,17.0,12.0,14.0,10.0,10.0,15.0,14.0,14.0,12.0,16,16,22.0,23.0,9.0,12.0,11.0,11.0,7.0,9.0,8,8.0,14.0,14.0
HG02384,EAS,CDX,13.0,10,13.0,16.0,12.0,11.3,17,20,18.0,19.0,13,9,8.0,11.0,10,11,13.0,14.0,18.0,20.0,8.0,11.0,13.0,9.0,13.0,14.0,13.0,15.2,17,16,22.0,24.2,13.0,11.0,5.0,12.0,7.0,7.0,8,9.0,14.0,18.0
HG02385,EAS,CDX,13.0,11,11.0,14.0,12.0,11.3,18,19,15.0,15.0,12,10,11.0,12.0,10,10,12.0,14.0,20.0,20.0,9.0,9.0,9.0,9.0,13.0,15.0,15.2,15.2,15,15,20.0,24.0,9.0,9.0,12.0,15.0,9.0,9.0,8,8.0,14.0,17.0
HG02386,EAS,CDX,9.0,12,14.0,15.0,12.0,10.0,23,17,16.0,16.0,13,11,11.0,11.0,13,13,13.0,15.0,19.0,19.0,10.0,10.0,11.0,12.0,15.0,19.0,15.2,16.2,16,16,23.0,27.0,9.0,12.0,11.0,14.0,7.0,9.0,8,9.0,14.0,17.0
HG02389,EAS,CDX,9.0,12,14.0,16.0,11.0,13.0,23,19,15.0,16.0,12,11,10.0,12.0,13,10,13.0,13.0,19.0,20.0,8.0,8.0,10.0,9.0,14.0,17.0,14.0,16.0,11,14,22.0,18.0,11.0,11.0,11.0,11.0,9.0,9.0,8,8.0,14.0,18.0
HG02390,EAS,CDX,10.0,12,12.0,14.0,11.0,11.0,24,24,16.0,17.0,11,11,11.0,12.0,10,15,14.0,14.0,18.0,22.0,8.0,8.0,11.0,9.0,15.0,19.0,13.0,13.2,15,15,20.0,23.0,9.0,9.0,12.0,12.0,7.0,8.0,8,11.0,14.0,18.0
HG02391,EAS,CDX,12.0,12,13.0,16.0,10.0,14.0,17,20,15.0,16.0,12,10,11.0,11.0,10,10,12.0,14.0,21.0,22.0,8.0,10.0,12.0,12.0,15.0,16.0,14.0,14.0,17,15,22.0,18.0,12.0,12.0,13.0,13.0,7.0,9.3,8,11.0,17.0,18.0
HG02392,EAS,CDX,11.0,12,13.0,16.0,12.0,12.0,22,24,16.0,16.0,10,9,10.0,8.0,12,13,15.0,15.0,18.0,22.0,11.0,11.0,12.0,10.0,12.0,17.0,13.0,16.2,11,15,23.2,25.0,8.0,9.0,11.0,11.0,9.0,9.0,11,11.0,14.0,17.0
HG02394,EAS,CDX,10.0,10,14.0,15.0,11.0,11.0,20,24,15.0,16.0,12,12,11.0,11.0,11,16,14.0,15.0,20.0,23.0,8.0,9.0,12.0,9.0,14.0,15.0,13.0,15.0,15,16,20.0,20.0,9.0,10.0,12.0,15.0,7.0,9.0,8,8.0,14.0,19.0
HG02395,EAS,CDX,10.0,11,15.0,15.0,12.0,14.0,17,19,15.0,15.0,11,11,11.0,12.0,10,11,13.0,14.0,20.0,24.0,8.0,12.0,11.0,11.0,17.0,17.0,13.0,13.0,15,16,22.0,22.0,9.0,9.0,12.0,12.0,9.0,9.0,11,11.0,14.0,16.0
HG02396,EAS,CDX,12.0,12,14.0,14.0,10.0,14.0,17,20,14.0,15.0,10,9,13.0,11.0,13,16,14.0,15.0,16.0,20.0,10.0,11.0,11.0,12.0,15.0,19.0,13.0,14.2,16,16,24.0,26.0,11.0,12.0,5.0,11.0,7.0,9.0,8,11.0,18.0,19.0
HG02397,EAS,CDX,13.0,12,16.0,17.3,11.0,14.0,18,19,15.0,15.0,12,12,12.0,8.0,11,15,13.0,15.0,17.0,18.0,10.0,13.0,12.0,12.0,12.0,15.0,13.0,15.0,11,16,18.0,24.0,12.0,12.0,11.0,11.0,7.0,9.3,8,8.0,14.0,20.0
HG02398,EAS,CDX,11.0,12,13.0,15.0,11.0,11.3,23,19,16.0,17.0,12,9,11.0,12.0,13,15,14.0,15.0,19.0,23.0,9.0,11.0,12.0,13.0,13.0,17.0,13.0,15.2,17,15,22.0,23.0,9.0,11.0,11.0,11.0,7.0,9.3,11,11.0,15.0,18.0
HG02399,EAS,CDX,10.0,12,15.0,16.0,12.0,12.0,17,24,15.0,17.0,11,11,9.2,12.0,12,14,13.0,14.0,19.0,21.0,11.0,11.0,11.0,11.0,16.0,17.0,12.0,13.0,11,15,18.0,23.0,13.0,10.0,11.0,11.0,6.0,9.0,10,11.0,18.0,19.0
HG02401,EAS,CDX,10.0,12,14.0,16.0,10.0,11.3,18,18,14.0,16.0,10,11,11.0,11.0,15,16,13.0,14.0,17.0,20.0,11.0,11.0,11.0,10.0,14.0,15.0,13.0,15.2,11,15,20.0,23.0,12.0,14.0,11.0,11.0,9.0,9.0,8,11.0,14.0,16.0
HG02402,EAS,CDX,10.0,12,15.0,16.0,10.0,11.0,23,19,17.0,18.0,11,11,9.2,11.0,10,12,15.0,15.0,18.0,22.0,8.0,8.0,11.0,12.0,16.0,17.0,14.0,15.2,17,15,22.0,24.0,9.0,9.0,13.0,14.0,6.0,6.0,8,8.0,17.0,19.0
HG02406,EAS,CDX,10.0,11,14.0,14.0,12.0,14.0,19,29,15.0,16.0,11,11,11.0,12.0,10,13,13.0,14.0,19.0,21.0,12.0,13.0,11.0,9.0,13.0,17.0,14.0,14.2,17,16,20.0,21.0,13.0,13.0,11.0,11.0,7.0,9.0,8,11.0,17.0,17.0
HG02407,EAS,CDX,10.0,12,14.0,16.0,11.0,11.0,17,19,15.0,15.0,12,10,11.0,12.0,11,14,13.0,15.0,17.0,24.0,8.0,9.0,11.0,12.0,16.0,25.0,13.0,15.2,15,16,21.0,24.0,9.0,9.0,11.0,11.0,7.0,7.0,9,11.0,17.0,17.0
HG02408,EAS,CDX,9.0,10,17.0,13.0,11.0,14.0,17,24,16.0,17.0,10,11,9.0,10.0,13,13,14.0,15.0,20.0,21.0,9.0,12.0,10.0,10.0,15.0,15.0,12.0,13.0,17,11,22.0,25.0,9.0,9.0,11.0,13.0,9.0,9.0,8,11.0,14.0,16.0
HG02409,EAS,CDX,11.0,11,17.0,16.0,11.3,14.0,20,21,16.0,18.0,13,10,9.2,12.0,13,13,13.0,16.0,19.0,20.0,8.0,8.0,12.0,13.0,16.0,21.0,14.0,17.2,15,18,25.0,26.0,13.0,8.0,11.0,11.0,7.0,8.0,8,9.0,15.0,17.0
HG02410,EAS,CDX,12.0,12,13.0,14.0,10.0,11.3,18,19,16.0,16.0,12,11,8.0,10.0,10,12,14.0,15.0,19.0,22.0,9.0,11.0,11.0,10.0,14.0,16.0,14.0,13.2,16,16,19.0,23.0,9.0,12.0,11.0,13.0,7.0,9.0,8,9.0,14.0,19.0
NA18525,EAS,CHB,9.0,12,12.0,16.0,9.2,14.0,20,25,16.0,16.0,12,10,12.0,8.0,14,16,13.0,14.0,19.0,23.0,8.0,12.0,9.0,13.0,14.0,16.0,13.0,14.2,17,15,22.0,22.0,13.0,9.0,11.0,11.0,9.0,9.0,8,8.0,16.0,17.0
NA18526,EAS,CHB,11.0,12,17.0,17.0,12.0,11.0,18,20,15.0,17.0,13,11,10.0,8.0,14,16,13.0,13.0,18.0,21.0,12.0,12.0,11.0,13.0,12.0,14.0,13.0,14.2,11,11,24.0,24.0,9.0,12.0,13.0,14.0,9.0,10.0,11,12.0,17.0,18.0
NA18528,EAS,CHB,11.0,12,14.0,15.0,9.2,14.0,23,18,16.0,17.0,10,10,8.0,12.0,11,16,13.0,12.0,19.0,21.0,8.0,11.0,9.0,9.0,18.0,13.0,14.2,15.0,11,15,24.0,24.0,9.0,12.0,12.0,12.0,7.0,7.0,8,8.0,16.0,17.0
NA18530,EAS,CHB,12.0,12,11.0,15.0,10.0,11.0,23,24,15.0,16.0,12,11,10.0,12.0,10,14,13.0,15.0,18.0,19.0,9.0,12.0,12.0,11.0,16.0,20.0,14.2,14.2,11,15,22.0,22.2,10.0,12.0,5.0,13.0,7.0,9.0,8,8.0,17.0,18.0
NA18531,EAS,CHB,10.0,11,11.0,15.0,12.0,10.0,23,19,15.0,16.0,10,10,11.0,12.0,13,16,13.0,13.0,15.0,16.0,9.0,11.0,12.0,9.0,13.0,13.0,13.2,16.2,11,16,22.0,22.0,9.0,11.0,11.0,11.0,7.0,7.0,8,9.0,17.0,18.0
NA18532,EAS,CHB,8.0,12,15.0,17.3,10.0,11.0,17,24,16.0,16.0,13,10,11.0,11.0,14,15,13.0,16.0,15.0,18.0,10.0,12.0,14.0,9.0,14.0,16.0,14.2,15.0,15,16,21.0,23.0,13.0,9.0,13.0,14.0,9.0,10.0,8,11.0,15.0,17.0
NA18533,EAS,CHB,13.0,11,13.0,16.0,12.0,10.0,19,20,15.0,17.0,11,11,12.0,12.0,12,15,14.0,15.0,20.0,24.0,8.0,8.0,11.0,13.0,14.0,15.0,14.0,14.0,15,15,23.0,24.0,8.0,12.0,11.0,11.0,7.0,9.0,8,11.0,14.0,18.0
NA18534,EAS,CHB,9.0,11,14.0,18.3,12.0,11.0,19,24,16.0,16.0,13,8,13.0,8.0,11,13,15.0,16.0,19.0,20.0,8.0,11.0,11.0,10.0,23.0,23.0,14.0,14.2,17,11,21.2,24.0,9.0,10.0,11.0,11.0,7.0,9.0,8,8.0,18.0,18.0
NA18535,EAS,CHB,9.0,10,11.0,13.0,11.0,11.0,19,20,15.0,16.0,10,11,10.0,11.0,12,16,13.0,14.0,21.0,21.0,8.0,8.0,13.0,9.0,13.0,16.0,13.0,14.2,11,15,22.0,25.0,9.0,9.0,12.0,12.0,9.0,9.0,9,11.0,18.0,18.0
NA18536,EAS,CHB,11.0,12,15.0,16.0,12.0,12.0,18,22,15.0,18.0,11,11,8.0,11.0,13,17,13.0,14.0,19.0,18.0,8.0,10.0,11.0,9.0,14.0,14.0,14.0,14.2,15,16,22.0,25.0,9.0,11.0,11.0,11.0,9.0,9.0,8,11.0,19.0,19.0
NA18537,EAS,CHB,13.0,10,13.0,15.0,12.0,12.0,19,26,15.0,16.0,11,11,11.0,11.0,15,16,15.0,16.0,18.0,19.0,8.0,9.0,12.0,10.0,13.0,14.0,14.0,15.0,11,15,22.0,19.0,13.0,13.0,13.0,15.0,7.0,7.0,8,9.0,17.0,18.0
NA18538,EAS,CHB,11.0,11,17.0,16.0,11.0,13.0,19,19,15.0,16.0,13,9,8.0,12.0,12,15,12.0,15.0,16.0,24.0,8.0,9.0,12.0,10.0,14.0,20.0,14.0,12.2,17,16,23.0,27.0,11.0,11.0,11.0,11.0,9.0,9.3,8,8.0,16.0,18.0
NA18539,EAS,CHB,12.0,12,11.0,14.0,14.0,14.0,24,24,16.0,17.0,9,11,10.0,11.0,13,15,15.0,15.0,17.0,18.0,8.0,11.0,11.0,12.0,16.0,17.0,13.0,14.2,17,15,21.0,24.0,9.0,11.0,12.0,12.0,7.0,6.0,9,11.0,17.0,19.0
NA18541,EAS,CHB,11.0,12,17.0,16.3,11.0,14.0,19,22,15.0,17.0,10,11,11.0,12.0,13,10,14.0,16.0,18.0,21.0,8.0,8.0,12.0,13.0,13.0,17.0,15.0,15.0,15,15,23.0,23.0,13.0,11.0,13.0,13.0,6.0,9.0,8,9.0,16.0,18.0
NA18542,EAS,CHB,11.0,12,17.0,14.0,9.2,11.3,21,22,16.0,17.0,12,10,10.0,11.0,14,15,13.0,16.0,17.0,25.0,8.0,8.0,13.0,9.0,13.0,13.0,14.0,13.0,15,15,21.0,23.0,9.0,9.0,5.0,5.0,7.0,9.0,11,11.0,14.0,15.0
NA18543,EAS,CHB,10.0,12,16.0,17.3,11.0,14.0,19,24,17.0,18.0,10,10,11.0,11.0,10,13,15.0,16.0,20.0,22.0,11.0,10.0,8.0,10.0,14.0,21.0,14.0,15.2,11,15,24.0,25.0,9.0,11.0,11.0,11.0,6.0,8.0,8,8.0,14.0,16.0
NA18544,EAS,CHB,10.0,12,11.0,15.0,13.0,13.0,23,24,14.0,15.0,13,11,14.0,8.0,13,14,13.0,14.0,18.0,18.0,9.0,13.0,12.0,13.0,14.0,16.0,14.0,13.0,17,15,22.0,22.0,9.0,12.0,11.0,11.0,9.0,9.0,8,8.0,14.0,16.0
NA18545,EAS,CHB,11.0,11,11.0,15.0,10.0,11.0,21,24,15.0,16.0,12,11,10.0,11.0,11,11,15.0,15.0,19.0,21.0,8.0,9.0,11.0,9.0,15.0,22.0,13.0,13.0,17,15,22.0,23.0,9.0,11.0,11.0,11.0,8.0,10.0,9,11.0,17.0,17.0
NA18546,EAS,CHB,10.0,12,15.0,16.0,11.0,11.0,23,20,15.0,17.0,9,11,11.0,12.0,12,15,13.0,15.0,18.0,20.0,8.0,10.0,10.0,10.0,13.0,16.0,14.0,14.0,17,11,22.0,24.0,10.0,12.0,11.0,11.0,6.0,9.0,8,11.0,14.0,14.0
NA18547,EAS,CHB,11.0,12,15.0,16.0,10.0,10.0,23,24,12.0,15.0,11,11,10.0,11.0,14,15,15.0,16.0,19.0,20.0,10.0,12.0,11.0,9.0,18.0,16.0,12.2,13.0,11,15,24.0,25.2,9.0,12.0,11.0,11.0,9.0,9.0,11,11.0,14.0,16.0
NA18548,EAS,CHB,11.0,12,11.0,15.0,10.0,14.0,19,25,16.0,17.0,11,10,11.0,12.0,11,11,13.0,13.0,20.0,20.0,8.0,10.0,11.0,11.0,13.0,16.0,14.0,14.0,15,16,22.0,25.0,12.0,12.0,8.0,15.0,7.0,6.0,8,11.0,18.0,19.0
NA18549,EAS,CHB,11.0,12,11.0,15.0,14.0,14.0,19,20,17.0,17.0,11,10,10.0,11.0,12,14,13.0,12.0,19.0,21.0,9.0,10.0,12.0,12.0,13.0,14.0,12.0,13.0,17,11,22.0,23.0,9.0,14.0,8.0,8.0,7.0,9.0,8,8.0,14.0,17.0
NA18550,EAS,CHB,9.0,12,11.0,13.0,10.0,10.0,18,20,16.0,17.0,12,10,13.0,9.0,12,15,12.0,14.0,20.0,23.0,8.0,12.0,11.0,13.0,15.0,15.0,13.0,15.2,15,18,22.0,22.0,9.0,11.0,11.0,11.0,7.0,9.0,8,9.0,14.0,16.0
NA18552,EAS,CHB,12.0,12,17.0,16.0,10.0,15.0,19,25,15.0,16.0,9,11,10.0,11.0,13,15,13.0,14.0,21.0,21.0,8.0,9.0,11.0,9.0,14.0,20.0,14.0,15.2,11,15,21.0,25.0,10.0,11.0,14.0,14.0,7.0,9.0,8,9.0,14.0,17.0
NA18553,EAS,CHB,10.0,11,15.0,15.0,11.0,11.3,18,23,15.0,16.0,9,11,11.0,11.0,10,13,14.0,17.0,18.0,22.0,10.0,12.0,9.0,9.0,12.0,13.0,14.0,13.0,11,16,22.0,23.0,11.0,11.0,10.0,11.0,8.0,9.0,8,12.0,14.0,14.0
NA18555,EAS,CHB,10.0,12,15.0,15.0,10.0,10.0,23,20,15.0,15.0,12,11,8.0,8.0,12,15,13.0,13.0,20.0,22.0,9.0,12.0,11.0,10.0,11.0,14.0,14.0,16.2,17,16,25.0,25.2,9.0,10.0,11.0,11.0,8.0,9.0,11,11.0,17.0,18.0
NA18557,EAS,CHB,11.0,12,13.0,14.0,12.0,14.0,24,25,16.0,18.0,12,10,12.0,12.0,14,14,13.0,13.0,19.0,25.0,8.0,12.0,9.0,13.0,15.0,20.0,13.0,15.0,17,19,19.0,24.0,13.0,10.0,16.0,16.0,7.0,7.0,11,11.0,14.0,18.0
NA18558,EAS,CHB,10.0,12,11.0,16.0,11.0,11.0,23,18,15.0,16.0,12,11,11.0,13.0,12,16,12.0,15.0,20.0,24.0,9.0,11.0,12.0,12.0,15.0,15.0,13.0,14.2,16,16,21.0,23.0,8.0,9.0,11.0,11.0,7.0,7.0,11,12.0,14.0,14.0
NA18559,EAS,CHB,10.0,11,16.0,16.0,11.0,11.0,23,19,17.0,17.0,12,11,8.0,12.0,12,14,13.0,17.0,19.0,22.0,9.0,9.0,12.0,10.0,15.0,22.0,13.0,13.0,17,15,23.0,23.0,13.0,15.0,11.0,11.0,9.0,9.0,8,11.0,17.0,19.0
NA18560,EAS,CHB,10.0,12,13.0,16.0,12.0,11.3,18,24,15.0,16.0,11,11,11.0,9.0,12,17,13.0,15.0,19.0,20.0,9.0,9.0,12.0,13.0,19.0,17.0,14.0,14.2,11,16,22.0,19.0,13.0,11.0,12.0,12.0,9.0,9.0,8,10.0,14.0,16.0
NA18561,EAS,CHB,11.0,12,13.0,16.0,11.0,14.0,17,23,15.0,17.0,10,11,11.0,11.0,13,11,13.0,15.0,20.0,22.0,9.0,9.0,9.0,9.0,15.0,16.0,13.0,13.2,17,11,22.0,23.0,9.0,14.0,11.0,11.0,7.0,9.0,8,8.0,14.0,18.0
NA18562,EAS,CHB,12.0,12,15.0,15.0,11.0,11.0,21,24,14.0,15.0,13,11,11.0,8.0,14,15,13.0,14.0,22.0,23.0,8.0,9.0,13.0,10.0,15.0,15.0,12.0,12.2,11,15,24.0,24.0,9.0,11.0,15.0,15.0,7.0,9.3,8,8.0,17.0,19.0
NA18563,EAS,CHB,13.0,10,14.0,15.0,12.0,11.0,17,19,16.0,17.0,10,11,11.0,11.0,13,13,15.0,15.0,21.0,21.0,8.0,9.0,12.0,9.0,13.0,15.0,14.0,15.2,11,15,24.0,24.0,9.0,12.0,12.0,12.0,7.0,9.0,8,11.0,16.0,17.0
NA18564,EAS,CHB,11.0,12,15.0,18.3,11.0,14.0,23,24,16.0,16.0,10,9,11.0,11.0,10,12,13.0,12.0,18.0,19.0,10.0,12.0,9.0,11.0,13.0,20.0,15.0,16.2,15,18,22.0,24.0,9.0,9.0,5.0,13.0,7.0,9.0,11,11.0,16.0,18.0
NA18565,EAS,CHB,10.0,12,13.0,15.0,12.0,11.0,23,16,17.0,18.0,12,11,10.0,12.0,12,14,13.0,15.0,19.0,22.0,8.0,12.0,10.0,10.0,14.0,22.0,14.0,14.0,11,16,21.0,24.0,9.0,14.0,11.0,11.0,7.0,6.0,8,8.0,17.0,18.0
NA18566,EAS,CHB,12.0,12,15.0,20.3,11.0,15.0,18,25,16.0,17.0,13,12,11.0,8.0,13,12,13.0,16.0,20.0,22.0,8.0,13.0,13.0,10.0,13.0,20.0,14.2,14.2,11,11,23.0,24.0,10.0,11.0,9.0,9.0,7.0,8.0,10,11.0,15.0,19.0
NA18567,EAS,CHB,10.0,11,11.0,15.0,10.0,14.0,21,25,14.0,16.0,13,9,12.0,9.0,11,11,13.0,15.0,20.0,20.0,9.0,11.0,10.0,11.0,12.0,15.0,14.0,13.2,11,15,23.0,24.0,13.0,14.0,10.0,10.0,7.0,6.0,8,11.0,16.0,16.0
NA18570,EAS,CHB,10.0,12,11.0,15.0,12.0,11.0,23,19,15.0,15.0,14,12,13.0,11.0,14,14,13.0,15.0,19.0,20.0,10.0,11.0,11.0,9.0,13.0,14.0,13.0,15.0,15,15,22.0,19.0,12.0,12.0,9.0,11.0,9.0,9.0,8,9.0,16.0,17.0
NA18571,EAS,CHB,10.0,12,14.0,15.0,12.0,11.0,20,20,18.0,18.0,12,11,12.0,12.0,10,14,14.0,14.0,25.0,25.0,8.0,12.0,11.0,9.0,13.0,16.0,14.0,14.2,16,18,24.0,26.0,9.0,11.0,8.0,8.0,6.0,9.3,8,8.0,17.0,18.0
NA18572,EAS,CHB,13.0,11,16.0,16.0,12.0,11.3,24,24,15.0,16.0,12,12,13.0,10.0,12,12,13.0,14.0,19.0,19.0,8.0,11.0,12.0,12.0,15.0,15.0,14.0,15.0,16,16,24.0,24.0,9.0,9.0,11.0,11.0,8.0,9.0,8,11.0,14.0,18.0
NA18573,EAS,CHB,11.0,11,16.0,17.3,9.2,11.0,17,18,16.0,17.0,13,13,11.0,14.0,13,14,14.0,15.0,17.0,19.0,8.0,12.0,14.0,11.0,15.0,15.0,13.0,13.0,11,13,20.0,23.0,13.0,9.0,14.0,14.0,8.0,9.0,9,9.0,17.0,17.0
NA18574,EAS,CHB,9.0,9,15.0,15.0,10.0,11.0,23,19,15.0,16.0,12,10,10.0,12.0,11,16,12.0,14.0,17.0,17.0,11.0,15.0,10.0,10.0,13.0,15.0,13.0,14.2,11,15,23.0,26.0,11.0,11.0,11.0,11.0,7.0,8.0,8,8.0,15.0,16.0
NA18577,EAS,CHB,11.0,12,14.0,16.0,12.0,11.0,23,19,16.0,17.0,13,11,11.0,9.0,13,13,13.0,15.0,20.0,20.0,10.0,14.0,11.0,9.0,13.0,14.0,13.0,13.0,14,16,22.0,22.0,9.0,14.0,14.0,14.0,7.0,9.3,8,8.0,14.0,17.0
NA18579,EAS,CHB,10.0,10,11.0,15.0,10.0,11.0,18,24,16.0,16.0,11,10,12.0,8.0,10,14,13.0,15.0,19.0,17.0,11.0,12.0,11.0,12.0,15.0,23.0,14.0,17.2,15,16,22.0,24.0,9.0,12.0,10.0,11.0,9.0,9.0,8,9.0,17.0,18.0
NA18582,EAS,CHB,9.0,10,18.3,17.3,11.3,14.0,19,24,15.0,15.0,10,9,13.0,13.0,10,10,14.0,14.0,18.0,19.0,10.0,11.0,12.0,9.0,13.0,20.0,13.0,13.0,17,11,22.0,21.0,9.0,9.0,11.0,12.0,7.0,10.0,8,8.0,14.0,17.0
NA18591,EAS,CHB,11.0,12,16.0,16.0,12.0,10.0,23,24,15.0,15.0,13,10,13.0,11.0,13,15,13.0,17.0,17.0,18.0,9.0,9.0,12.0,13.0,14.0,14.0,13.0,14.2,15,16,19.0,24.2,13.0,9.0,13.0,13.0,9.0,9.3,8,8.0,14.0,16.0
NA18592,EAS,CHB,11.0,12,16.0,18.3,10.0,10.0,18,19,14.0,15.0,12,12,10.0,8.0,13,14,13.0,17.0,19.0,21.0,11.0,12.0,13.0,9.0,13.0,17.0,15.25,15.2,11,15,23.0,25.0,11.0,12.0,10.0,11.0,8.0,9.3,8,11.0,16.0,17.0
NA18593,EAS,CHB,11.0,12,16.0,16.0,11.0,13.0,18,19,15.0,17.0,11,11,13.0,10.0,13,14,13.0,12.0,19.0,22.0,10.0,11.0,11.0,12.0,13.0,16.0,13.0,16.2,15,18,19.0,23.2,9.0,9.0,11.0,12.0,9.0,9.0,8,8.0,16.0,17.0
NA18595,EAS,CHB,10.0,10,13.0,15.0,14.0,14.0,23,19,16.0,17.0,10,11,10.0,11.0,10,12,13.0,12.0,17.0,21.0,9.0,12.0,11.0,9.0,15.0,16.0,13.0,15.0,17,16,23.0,24.0,10.0,11.0,11.0,11.0,7.0,7.0,8,11.0,15.0,18.0
NA18596,EAS,CHB,10.0,10,15.0,16.0,12.0,11.3,23,19,15.0,17.0,10,10,13.0,10.0,13,14,13.0,13.0,20.0,22.0,8.0,8.0,9.0,9.0,15.0,19.0,14.0,13.0,17,15,24.0,24.0,13.0,11.0,12.0,14.0,7.0,9.0,8,11.0,18.0,18.0
NA18597,EAS,CHB,11.0,12,16.0,16.0,10.0,14.0,18,18,15.0,17.0,10,10,10.0,8.0,13,11,12.0,14.0,19.0,22.0,8.0,12.0,12.0,9.0,13.0,13.0,13.0,16.2,17,17,24.0,24.0,13.0,11.0,11.0,11.0,7.0,9.0,8,11.0,17.0,17.0
NA18599,EAS,CHB,12.0,12,13.0,14.0,10.0,10.0,23,23,14.0,15.0,11,11,12.0,12.0,10,12,14.0,16.0,15.0,18.0,8.0,11.0,9.0,9.0,15.0,19.0,14.0,14.2,17,17,24.0,25.0,13.0,11.0,11.0,11.0,6.0,9.0,11,11.0,17.0,18.0
NA18602,EAS,CHB,12.0,12,15.0,16.0,10.0,10.0,20,25,16.0,16.0,13,11,8.0,10.0,15,16,13.0,14.0,18.0,21.0,10.0,12.0,12.0,10.0,12.0,14.0,12.0,15.2,15,16,18.0,25.2,9.0,12.0,13.0,13.0,7.0,9.0,8,11.0,14.0,18.0
NA18603,EAS,CHB,11.0,12,16.0,11.0,10.0,11.0,20,21,17.0,17.0,12,10,11.0,9.0,11,14,13.0,14.0,18.0,21.0,11.0,11.0,11.0,13.0,13.0,15.0,13.0,15.2,15,15,24.0,27.0,9.0,9.0,14.0,14.0,8.0,9.0,8,9.0,14.0,14.0
NA18605,EAS,CHB,9.0,12,11.0,18.3,11.0,11.0,17,24,15.0,16.0,12,10,10.0,12.0,10,16,14.0,14.0,18.0,19.0,12.0,12.0,12.0,12.0,15.0,16.0,14.0,13.0,17,16,25.0,25.0,10.0,12.0,11.0,11.0,7.0,6.0,11,11.0,17.0,18.0
NA18606,EAS,CHB,12.0,14,15.0,16.0,11.0,14.0,18,20,16.0,15.0,12,15,10.0,12.0,13,14,13.0,16.0,20.0,25.0,11.0,11.0,11.0,9.0,18.0,19.0,14.2,15.2,11,16,22.0,21.0,10.0,12.0,11.0,11.0,9.0,9.0,8,9.0,17.0,18.0
NA18608,EAS,CHB,12.0,12,14.0,15.0,11.0,14.0,20,25,14.0,16.0,10,11,11.0,11.0,12,14,13.0,13.0,18.0,19.0,9.0,10.0,11.0,9.0,13.0,15.0,14.2,15.2,11,16,21.0,24.0,9.0,11.0,14.0,14.0,9.0,9.0,8,8.0,16.0,17.0
NA18609,EAS,CHB,12.0,14,16.0,16.0,10.0,11.0,23,23,16.0,16.0,12,10,11.0,8.0,10,17,13.0,13.0,18.0,21.0,9.0,11.0,11.0,12.0,14.0,17.0,13.0,13.0,11,11,22.0,21.0,10.0,11.0,11.0,11.0,7.0,9.3,8,8.0,14.0,19.0
NA18610,EAS,CHB,11.0,12,17.0,15.0,12.0,15.0,23,19,17.0,17.0,11,11,9.0,8.0,14,15,13.0,14.0,18.0,19.0,8.0,9.0,12.0,13.0,14.0,14.0,14.0,17.2,11,15,22.0,23.0,10.0,12.0,12.0,12.0,7.0,7.0,8,8.0,18.0,19.0
NA18611,EAS,CHB,11.0,11,17.0,13.0,10.0,10.0,23,23,16.0,16.0,13,11,11.0,10.0,14,15,13.0,15.0,17.0,19.0,10.0,13.0,11.0,9.0,13.0,14.0,14.0,13.0,17,15,25.0,25.0,8.0,9.0,12.0,12.0,9.0,9.0,8,8.0,19.0,19.0
NA18612,EAS,CHB,11.0,12,16.0,16.0,12.0,10.0,18,20,15.0,15.0,12,11,12.0,10.0,13,13,13.0,15.0,19.0,21.0,8.0,11.0,11.0,9.0,13.0,14.0,14.0,13.2,15,16,23.0,24.2,10.0,10.0,10.0,10.0,6.0,9.0,8,8.0,14.0,19.0
NA18613,EAS,CHB,11.0,12,15.0,15.0,12.0,12.0,23,17,15.0,16.0,11,11,11.0,11.0,12,14,14.0,14.0,19.0,20.0,8.0,10.0,11.0,11.0,14.0,15.0,12.75,13.0,13,16,22.0,23.0,9.0,11.0,15.0,15.0,7.0,9.0,8,8.0,16.0,17.0
NA18614,EAS,CHB,10.0,10,13.0,16.0,10.0,11.0,19,20,15.0,17.0,13,10,11.0,12.0,11,15,13.0,15.0,19.0,22.0,11.0,12.0,12.0,9.0,13.0,16.0,14.0,14.0,17,16,22.0,23.0,13.0,9.0,11.0,15.0,6.0,9.0,8,8.0,14.0,16.0
NA18615,EAS,CHB,9.0,9,16.0,16.0,14.0,14.0,19,19,16.0,17.0,12,11,12.0,10.0,13,14,13.0,15.0,18.0,18.0,8.0,11.0,11.0,10.0,18.0,13.0,12.0,14.2,15,16,22.0,20.0,10.0,11.0,11.0,11.0,9.0,9.0,11,12.0,16.0,17.0
NA18616,EAS,CHB,12.0,12,13.0,15.0,12.0,11.3,23,24,15.0,16.0,12,11,12.0,12.0,10,16,12.0,15.0,19.0,20.0,8.0,11.0,12.0,9.0,14.0,17.0,13.0,15.2,15,16,21.0,23.0,8.0,7.0,8.0,8.0,7.0,9.0,8,11.0,14.0,17.0
NA18617,EAS,CHB,13.0,12,12.0,15.0,11.0,14.0,18,18,16.0,16.0,13,9,11.0,10.0,13,12,13.0,15.0,19.0,24.0,8.0,9.0,12.0,9.0,13.0,19.0,12.0,13.2,11,18,23.0,24.0,9.0,12.0,11.0,11.0,7.0,7.0,8,10.0,16.0,16.0
NA18618,EAS,CHB,13.0,12,13.0,15.0,12.0,11.0,24,24,16.0,17.0,11,9,13.0,11.0,11,14,13.0,14.0,17.0,18.0,11.0,13.0,12.0,9.0,18.0,18.0,15.2,16.2,16,16,22.0,25.0,11.0,11.0,11.0,11.0,6.0,9.0,8,11.0,16.0,17.0
NA18619,EAS,CHB,11.0,12,15.0,18.3,12.0,11.0,18,24,15.0,18.0,11,8,10.0,12.0,14,14,15.0,16.0,18.0,18.0,8.0,12.0,13.0,10.0,14.0,20.0,11.0,17.2,17,11,23.0,25.0,8.0,11.0,12.0,15.0,6.0,9.0,8,8.0,14.0,16.0
NA18620,EAS,CHB,11.0,12,17.0,13.0,10.0,11.0,24,26,15.0,18.0,13,13,12.0,9.0,12,14,13.0,13.0,17.0,19.0,11.0,8.0,12.0,9.0,14.0,15.0,14.0,14.2,17,16,22.0,26.0,13.0,13.0,11.0,11.0,9.0,9.3,8,11.0,17.0,17.0
NA18621,EAS,CHB,10.0,12,14.0,15.0,10.0,11.0,19,24,16.0,16.0,13,11,11.0,12.0,10,12,13.0,12.0,19.0,20.0,11.0,14.0,11.0,10.0,18.0,14.0,14.0,16.2,11,11,18.0,24.0,9.0,11.0,12.0,12.0,8.0,9.0,8,11.0,14.0,19.0
NA18622,EAS,CHB,10.0,12,17.3,17.3,11.0,15.0,18,24,15.0,15.0,9,11,11.0,9.0,13,10,14.0,17.0,18.0,22.0,8.0,13.0,12.0,9.0,13.0,14.0,13.0,14.2,17,15,19.0,24.0,12.0,14.0,11.0,11.0,7.0,9.0,9,11.0,14.0,16.0
NA18623,EAS,CHB,9.0,11,17.0,12.0,11.0,11.0,23,17,15.0,16.0,10,10,8.0,12.0,13,15,13.0,14.0,20.0,23.0,10.0,10.0,12.0,9.0,13.0,22.0,14.0,14.0,15,15,18.0,23.0,9.0,11.0,10.0,10.0,7.0,9.0,8,11.0,16.0,17.0
NA18624,EAS,CHB,13.0,9,16.0,17.3,9.2,15.0,17,20,15.0,17.0,11,11,10.0,8.0,11,15,13.0,13.0,18.0,20.0,8.0,9.0,11.0,11.0,15.0,17.0,14.0,14.0,15,15,21.0,23.0,9.0,10.0,11.0,11.0,7.0,9.0,8,11.0,17.0,19.0
NA18625,EAS,CHB,11.0,11,14.0,14.0,10.0,11.0,18,18,16.0,16.0,13,11,12.0,12.0,13,13,15.0,16.0,18.0,19.0,11.0,11.0,11.0,9.0,12.0,15.0,14.0,15.0,11,13,24.0,24.0,9.0,11.0,12.0,13.0,6.0,9.0,8,11.0,14.0,16.0
NA18626,EAS,CHB,10.0,11,15.0,16.0,10.0,10.0,16,20,15.0,16.0,11,11,10.0,8.0,13,14,13.0,15.0,18.0,20.0,8.0,13.0,9.0,13.0,15.0,15.0,13.0,13.0,17,15,19.0,23.0,9.0,10.0,11.0,11.0,7.0,9.0,11,11.0,17.0,18.0
NA18627,EAS,CHB,13.0,10,15.0,16.0,12.0,11.0,23,24,15.0,16.0,10,10,11.0,9.0,10,14,14.0,16.0,20.0,20.0,11.0,11.0,12.0,13.0,13.0,15.0,14.0,13.0,16,18,21.0,24.0,11.0,12.0,11.0,11.0,9.0,9.0,8,9.0,14.0,14.0
NA18628,EAS,CHB,13.0,9,15.0,17.3,10.0,10.0,23,24,15.0,16.0,9,9,11.0,11.0,10,10,14.0,14.0,19.0,18.0,8.0,9.0,12.0,13.0,13.0,16.0,14.0,15.2,15,16,22.0,19.0,9.0,9.0,11.0,11.0,7.0,9.0,8,11.0,17.0,18.0
NA18629,EAS,CHB,11.0,12,15.0,15.0,10.0,11.0,19,19,16.0,17.0,11,11,13.0,10.0,13,13,14.0,15.0,18.0,18.0,10.0,11.0,9.0,12.0,15.0,16.0,14.0,15.0,11,16,22.0,24.0,13.0,12.0,14.0,14.0,7.0,9.0,8,11.0,14.0,16.0
NA18630,EAS,CHB,11.0,12,13.0,15.0,10.0,11.0,19,20,14.0,16.0,12,11,10.0,10.0,11,15,14.0,14.0,18.0,18.0,11.0,12.0,10.0,9.0,13.0,14.0,14.2,15.0,17,18,22.0,19.0,10.0,15.0,11.0,11.0,9.0,9.0,8,11.0,14.0,19.0
NA18631,EAS,CHB,11.0,12,15.0,15.0,12.0,11.0,17,24,16.0,16.0,12,11,12.0,8.0,10,14,14.0,15.0,17.0,20.0,9.0,9.0,11.0,9.0,13.0,15.0,15.0,15.2,11,16,19.0,20.0,13.0,13.0,14.0,14.0,9.0,9.3,9,11.0,17.0,20.0
NA18632,EAS,CHB,10.0,10,13.0,15.0,11.0,11.3,22,25,14.0,17.0,13,12,12.0,12.0,10,14,13.0,14.0,20.0,23.0,9.0,11.0,11.0,11.0,15.0,21.0,13.0,13.2,14,16,24.0,24.0,13.0,9.0,13.0,13.0,7.0,9.0,8,8.0,14.0,14.0
NA18633,EAS,CHB,10.0,10,15.0,15.0,11.0,11.0,18,19,17.0,17.0,10,10,11.0,12.0,10,12,12.0,15.0,15.0,21.0,9.0,10.0,13.0,9.0,14.0,16.0,13.0,15.0,11,16,23.0,25.0,9.0,12.0,12.0,12.0,8.0,9.0,8,11.0,17.0,17.0
NA18634,EAS,CHB,9.0,10,13.0,15.0,12.0,11.0,18,18,16.0,18.0,12,10,10.0,11.0,16,17,14.0,14.0,18.0,18.0,8.0,9.0,12.0,13.0,16.0,17.0,15.2,16.2,15,16,22.0,20.0,9.0,12.0,11.0,16.0,7.0,9.0,8,8.0,16.0,17.0
NA18635,EAS,CHB,11.0,12,14.0,16.0,11.0,14.0,23,18,16.0,18.0,12,11,11.0,12.0,15,15,12.0,16.0,17.0,20.0,12.0,12.0,11.0,13.0,17.0,22.0,14.0,13.0,17,11,22.0,24.0,9.0,9.0,12.0,12.0,7.0,9.3,11,11.0,14.0,16.0
NA18636,EAS,CHB,13.0,11,16.0,17.3,12.0,11.0,19,19,16.0,16.0,11,7,11.0,9.0,12,15,12.0,15.0,18.0,18.0,11.0,12.0,11.0,12.0,13.0,19.0,14.0,15.0,11,15,22.0,19.0,8.0,12.0,11.0,11.0,7.0,9.0,9,11.0,14.0,19.0
NA18637,EAS,CHB,13.0,10,16.0,16.0,10.2,11.0,17,21,14.0,15.0,13,12,10.0,11.0,11,15,14.0,14.0,23.0,25.0,8.0,10.0,9.0,9.0,13.0,16.0,14.0,13.0,11,16,23.0,26.0,11.0,12.0,12.0,12.0,7.0,9.0,8,8.0,14.0,14.0
NA18638,EAS,CHB,10.0,11,11.0,13.0,9.2,15.0,23,20,15.0,16.0,12,10,11.0,12.0,12,16,16.0,16.0,20.0,21.0,8.0,10.0,13.0,13.0,14.0,17.0,15.2,15.2,11,16,16.0,24.0,13.0,13.0,5.0,5.0,9.0,10.0,9,11.0,17.0,17.0
NA18639,EAS,CHB,10.0,10,12.0,16.0,12.0,10.0,19,25,16.0,16.0,13,11,11.0,14.0,10,12,14.0,14.0,21.0,21.0,10.0,11.0,12.0,9.0,14.0,17.0,13.0,13.2,17,15,24.0,24.0,9.0,14.0,10.0,11.0,7.0,9.0,8,11.0,20.0,20.0
NA18640,EAS,CHB,13.0,12,14.0,16.0,10.0,10.0,17,25,15.0,18.0,13,11,11.0,12.0,13,14,14.0,15.0,18.0,20.0,8.0,8.0,12.0,13.0,14.0,15.0,14.0,14.0,17,16,19.0,21.0,6.0,14.0,12.0,12.0,7.0,9.0,8,9.0,17.0,19.0
NA18641,EAS,CHB,10.0,12,13.0,17.3,12.0,11.0,17,22,16.0,16.0,9,11,13.0,10.0,14,16,13.0,13.0,20.0,23.0,8.0,11.0,9.0,9.0,14.0,16.0,14.0,14.2,11,15,21.0,25.0,10.0,11.0,9.0,9.0,7.0,6.0,8,11.0,14.0,18.0
NA18642,EAS,CHB,12.0,12,15.0,16.0,12.0,11.0,18,19,15.0,15.0,13,12,11.0,11.0,11,16,15.0,15.0,18.0,20.0,11.0,14.0,12.0,9.0,15.0,16.0,15.0,15.2,11,16,20.0,25.0,13.0,12.0,14.0,14.0,9.3,9.3,8,8.0,17.0,18.0
NA18643,EAS,CHB,11.0,12,16.0,17.3,11.0,14.0,23,18,16.0,17.0,7,11,10.0,11.0,13,14,11.0,15.0,19.0,19.0,11.0,12.0,10.0,13.0,15.0,15.0,14.0,14.2,15,16,22.0,22.0,11.0,12.0,11.0,11.0,8.0,9.0,8,11.0,14.0,18.0
NA18644,EAS,CHB,13.0,12,13.0,15.0,9.2,11.0,18,24,15.0,16.0,11,11,11.0,12.0,13,14,14.0,15.0,17.0,22.0,8.0,11.0,12.0,10.0,12.0,15.0,12.0,13.0,11,16,22.0,26.0,9.0,11.0,5.0,5.0,7.0,7.0,8,11.0,14.0,17.0
NA18645,EAS,CHB,10.0,11,11.0,17.3,10.0,10.0,19,23,16.0,16.0,12,11,10.0,8.0,14,16,13.0,13.0,19.0,19.0,10.0,12.0,12.0,12.0,13.0,15.0,14.0,14.0,17,11,20.0,26.0,13.0,12.0,11.0,11.0,7.0,9.3,8,9.0,14.0,16.0
NA18646,EAS,CHB,13.0,11,14.0,15.0,10.0,11.0,17,20,15.0,16.0,12,9,11.0,12.0,13,15,14.0,15.0,20.0,22.0,10.0,11.0,11.0,13.0,18.0,13.0,14.0,14.2,17,15,22.0,24.0,12.0,12.0,5.0,5.0,7.0,9.3,8,11.0,14.0,17.0
NA18647,EAS,CHB,12.0,12,15.0,16.0,12.0,12.0,17,24,15.0,16.0,12,11,10.0,11.0,14,15,13.0,15.0,22.0,25.0,9.0,10.0,9.0,9.0,14.0,17.0,14.0,15.2,17,18,22.0,20.0,9.0,9.0,10.0,10.0,7.0,9.0,8,9.0,14.0,17.0
NA18648,EAS,CHB,13.0,11,15.0,15.0,12.0,11.0,23,20,15.0,16.0,12,11,13.0,12.0,13,12,13.0,13.0,19.0,20.0,10.0,11.0,13.0,9.0,16.0,17.0,13.0,13.0,14,15,23.0,25.0,13.0,11.0,11.0,11.0,7.0,7.0,8,9.0,16.0,17.0
NA18740,EAS,CHB,10.0,12,17.0,14.0,12.0,14.0,19,25,15.0,16.0,9,11,11.0,11.0,10,12,13.0,12.0,17.0,18.0,9.0,12.0,10.0,9.0,14.0,16.0,14.2,15.0,17,15,21.0,25.0,13.0,12.0,12.0,12.0,9.0,9.0,8,8.0,17.0,17.0
NA18745,EAS,CHB,13.0,9,17.0,11.0,11.0,14.0,19,20,15.0,15.0,12,10,11.0,8.0,13,16,13.0,16.0,17.0,19.0,8.0,11.0,11.0,14.0,16.0,16.0,13.0,16.2,17,11,22.0,23.0,9.0,12.0,10.0,15.0,6.0,9.0,8,9.0,14.0,16.0
NA18747,EAS,CHB,13.0,12,13.0,11.0,11.0,11.3,19,19,14.0,16.0,12,10,12.0,12.0,11,15,13.0,14.0,19.0,19.0,8.0,11.0,12.0,12.0,18.0,15.0,14.0,15.2,16,16,20.0,23.0,9.0,11.0,11.0,12.0,7.0,9.0,8,8.0,14.0,18.0
NA18748,EAS,CHB,10.0,14,14.0,16.0,11.0,11.0,17,25,15.0,15.0,13,10,11.0,8.0,12,15,14.0,15.0,18.0,22.0,11.0,9.0,12.0,9.0,13.0,14.0,14.0,16.2,17,11,19.0,24.0,9.0,10.0,11.0,14.0,9.0,9.0,8,11.0,14.0,16.0
NA18749,EAS,CHB,13.0,7,17.0,15.0,10.0,14.0,23,24,15.0,17.0,12,10,8.0,10.0,10,14,14.0,14.0,20.0,21.0,11.0,9.0,10.0,9.0,14.0,16.0,13.0,13.0,11,11,25.0,25.2,9.0,12.0,14.0,14.0,7.0,6.0,8,8.0,17.0,17.0
NA18757,EAS,CHB,10.0,12,15.0,15.0,12.0,15.0,17,19,15.0,16.0,11,11,12.0,12.0,11,13,14.0,14.0,17.0,18.0,8.0,12.0,11.0,9.0,15.0,15.0,15.2,15.2,15,16,22.0,23.0,10.0,10.0,10.0,10.0,7.0,8.0,8,11.0,14.0,17.0
HG00403,EAS,CHS,10.0,12,14.0,16.0,10.0,11.0,23,25,16.0,17.0,12,10,11.0,9.0,11,14,13.0,14.0,19.0,20.0,11.0,12.0,11.0,13.0,13.0,16.0,13.0,13.0,11,15,21.0,27.0,11.0,14.0,10.0,10.0,8.0,9.0,11,12.0,14.0,18.0
HG00404,EAS,CHS,10.0,12,15.0,16.0,10.0,11.3,19,22,16.0,17.0,12,11,11.0,11.0,13,15,14.0,14.0,22.0,23.0,8.0,8.0,11.0,13.0,18.0,15.0,13.0,13.0,15,16,20.0,26.0,11.0,9.0,11.0,12.0,9.0,9.3,11,11.0,14.0,18.0
HG00406,EAS,CHS,10.0,10,15.0,16.0,12.0,14.0,21,24,15.0,15.0,11,11,11.0,11.0,10,16,15.0,16.0,19.0,19.0,8.0,8.0,9.0,9.0,13.0,13.0,13.0,15.2,15,16,22.0,22.0,13.0,10.0,11.0,12.0,7.0,9.0,8,11.0,14.0,14.0
HG00407,EAS,CHS,7.0,12,13.0,15.0,12.0,11.0,20,24,15.0,17.0,11,11,10.0,11.0,12,14,13.0,15.0,15.0,18.0,9.0,12.0,10.0,9.0,14.0,14.0,14.0,14.2,15,15,22.0,20.0,13.0,8.0,13.0,13.0,7.0,7.0,8,8.0,18.0,18.0
HG00409,EAS,CHS,10.0,10,17.0,14.0,10.0,11.0,23,25,16.0,17.0,12,11,11.0,8.0,14,15,14.0,14.0,17.0,21.0,8.0,11.0,12.0,10.0,15.0,16.0,14.0,15.0,17,16,23.0,24.0,13.0,9.0,11.0,12.0,7.0,7.0,11,11.0,14.0,17.0
HG00410,EAS,CHS,9.0,9,15.0,16.0,12.0,11.0,18,24,16.0,16.0,11,11,10.0,12.0,12,14,13.0,15.0,18.0,20.0,8.0,11.0,14.0,10.0,15.0,16.0,14.0,12.0,15,15,22.0,21.0,9.0,12.0,12.0,14.0,7.0,6.0,9,11.0,16.0,17.0
HG00419,EAS,CHS,10.0,11,13.0,16.0,12.0,14.0,23,23,15.0,16.0,11,10,11.0,12.0,12,15,14.0,15.0,17.0,20.0,11.0,8.0,11.0,11.0,14.0,16.0,14.0,12.0,15,16,26.0,26.2,10.0,12.0,11.0,12.0,7.0,9.0,9,11.0,14.0,17.0
HG00421,EAS,CHS,10.0,12,11.0,16.0,11.0,11.0,17,20,16.0,16.0,12,11,11.0,8.0,12,13,13.0,14.0,19.0,20.0,8.0,11.0,11.0,11.0,18.0,14.0,14.0,13.0,11,16,22.0,23.0,10.0,10.0,12.0,12.0,6.0,9.0,8,11.0,14.0,19.0
HG00422,EAS,CHS,11.0,12,17.0,15.0,14.0,14.0,19,19,14.0,15.0,11,11,11.0,11.0,13,13,14.0,15.0,20.0,22.0,9.0,11.0,11.0,10.0,13.0,14.0,14.0,12.0,15,15,21.0,24.0,6.0,12.0,12.0,12.0,9.0,10.0,9,11.0,14.0,15.0
HG00428,EAS,CHS,10.0,12,18.3,16.3,10.0,10.0,18,19,14.0,15.0,10,11,12.0,9.0,13,13,12.0,14.0,18.0,21.0,11.0,12.0,12.0,9.0,15.0,20.0,14.0,14.0,12,15,23.0,23.0,9.0,14.0,5.0,5.0,7.0,9.0,8,9.0,16.0,20.0
HG00436,EAS,CHS,10.0,11,17.0,11.0,12.0,11.3,19,19,17.0,17.0,13,12,12.0,12.0,10,12,8.0,14.0,20.0,20.0,9.0,10.0,11.0,11.0,12.0,15.0,12.0,15.2,15,16,22.0,21.0,9.0,9.0,12.0,13.0,7.0,6.0,8,8.0,18.0,19.0
HG00437,EAS,CHS,10.0,10,15.0,16.0,10.0,11.0,23,20,15.0,15.0,14,9,11.0,11.0,13,10,14.0,14.0,18.0,22.0,8.0,10.0,11.0,11.0,13.0,13.0,15.0,15.2,15,16,25.0,25.0,13.0,15.0,11.0,12.0,7.0,9.0,8,8.0,14.0,18.0
HG00442,EAS,CHS,10.0,10,16.0,17.3,10.0,11.0,20,24,15.0,17.0,13,10,12.0,12.0,11,18,13.0,16.0,17.0,20.0,8.0,12.0,10.0,9.0,13.0,17.0,14.0,14.2,15,16,19.0,23.0,9.0,12.0,11.0,11.0,8.0,8.0,9,11.0,17.0,18.0
HG00443,EAS,CHS,11.0,12,16.0,16.0,12.0,11.0,24,25,15.0,15.0,10,9,10.0,10.0,13,14,14.0,15.0,17.0,19.0,8.0,10.0,11.0,11.0,20.0,23.0,13.0,13.0,15,16,23.0,23.0,13.0,9.0,14.0,14.0,7.0,9.0,8,8.0,14.0,19.0
HG00445,EAS,CHS,13.0,13,14.0,15.0,10.0,11.0,24,25,16.0,16.0,13,13,12.0,8.0,10,15,14.0,15.0,20.0,21.0,8.0,8.0,10.0,9.0,14.0,16.0,13.0,18.2,11,15,22.0,23.0,13.0,8.0,11.0,16.0,7.0,9.0,8,9.0,18.0,18.0
HG00446,EAS,CHS,11.0,12,11.0,15.0,11.0,11.0,19,24,15.0,16.0,10,10,9.0,10.0,14,15,14.0,15.0,19.0,20.0,8.0,13.0,11.0,13.0,13.0,17.0,14.0,13.0,17,15,21.0,25.0,9.0,9.0,11.0,11.0,7.0,9.0,11,11.0,18.0,18.0
HG00448,EAS,CHS,13.0,11,17.0,14.0,11.0,11.3,19,24,14.0,15.0,13,11,11.0,12.0,11,14,14.0,14.0,18.0,23.0,8.0,10.0,13.0,9.0,15.0,17.0,14.0,14.0,17,16,21.0,25.0,10.0,14.0,11.0,14.0,7.0,9.0,8,9.0,14.0,16.0
HG00449,EAS,CHS,12.0,12,12.0,13.0,10.0,11.3,19,20,15.0,15.0,9,11,11.0,11.0,13,16,13.0,12.0,18.0,24.0,8.0,8.0,11.0,12.0,13.0,16.0,14.0,14.0,17,15,20.0,26.0,8.0,9.0,8.0,8.0,7.0,7.0,8,11.0,16.0,16.0
HG00451,EAS,CHS,11.0,12,11.0,12.0,12.0,12.0,19,19,15.0,16.0,13,7,12.0,10.0,15,15,13.0,12.0,20.0,20.0,10.0,12.0,10.0,10.0,18.0,22.0,15.2,15.2,11,16,22.0,25.0,9.0,12.0,11.0,12.0,7.0,9.0,9,11.0,14.0,16.0
HG00452,EAS,CHS,10.0,12,13.0,15.0,10.0,11.3,20,24,15.0,16.0,11,11,13.0,8.0,11,16,14.0,15.0,23.0,25.0,8.0,10.0,11.0,11.0,18.0,17.0,14.0,14.2,17,15,22.0,18.0,12.0,12.0,10.0,12.0,9.0,9.0,8,12.0,17.0,19.0
HG00457,EAS,CHS,12.0,12,17.0,11.0,12.0,12.0,23,24,15.0,15.0,13,10,11.0,12.0,12,15,14.0,15.0,19.0,20.0,11.0,8.0,12.0,13.0,13.0,16.0,14.0,14.2,17,11,26.0,26.0,9.0,11.0,13.0,13.0,6.0,9.0,8,11.0,14.0,18.0
HG00458,EAS,CHS,10.0,10,12.0,13.0,11.0,14.0,23,24,15.0,16.0,12,11,10.0,11.0,13,12,13.0,15.0,19.0,22.0,8.0,12.0,11.0,9.0,14.0,19.0,14.0,13.0,17,16,23.0,24.0,9.0,10.0,12.0,12.0,7.0,6.0,8,11.0,14.0,18.0
HG00463,EAS,CHS,10.0,11,14.0,15.0,11.0,14.0,16,18,15.0,16.0,12,11,10.0,11.0,12,14,13.0,15.0,19.0,22.0,8.0,10.0,9.0,11.0,16.0,19.0,15.0,15.2,15,16,23.0,24.0,13.0,9.0,10.0,15.0,7.0,9.0,8,11.0,16.0,16.0
HG00464,EAS,CHS,10.0,12,16.0,16.0,12.0,10.0,17,19,17.0,17.0,12,10,13.0,11.0,13,14,15.0,15.0,20.0,22.0,9.0,10.0,11.0,9.0,15.0,15.0,11.0,16.0,11,15,22.0,23.0,10.0,11.0,14.0,14.0,7.0,9.0,8,11.0,18.0,18.0
HG00472,EAS,CHS,10.0,11,15.0,17.3,11.0,11.3,23,21,16.0,17.0,13,12,11.0,12.0,13,11,13.0,15.0,18.0,20.0,9.0,12.0,11.0,9.0,14.0,21.0,13.0,16.2,14,16,19.0,23.0,10.0,11.0,11.0,12.0,9.0,9.0,8,11.0,15.0,19.0
HG00473,EAS,CHS,11.0,12,17.0,16.0,9.2,10.0,18,20,15.0,16.0,13,10,11.0,10.0,15,15,13.0,15.0,19.0,21.0,8.0,11.0,9.0,12.0,13.0,17.0,13.0,13.0,17,16,22.0,22.0,9.0,9.0,13.0,11.0,9.0,9.0,8,9.0,14.0,16.0
HG00475,EAS,CHS,11.0,12,13.0,16.0,11.0,11.0,19,24,15.0,15.0,10,9,11.0,11.0,13,14,8.0,14.0,20.0,23.0,10.0,10.0,11.0,9.0,14.0,17.0,14.0,13.2,17,15,24.2,25.0,13.0,12.0,11.0,12.0,7.0,9.0,8,11.0,14.0,16.0
HG00476,EAS,CHS,11.0,11,15.0,17.3,10.0,11.3,19,20,15.0,16.0,12,11,10.0,11.0,13,13,16.0,16.0,17.0,18.0,11.0,12.0,11.0,9.0,13.0,16.0,14.0,14.0,17,11,19.0,20.0,12.0,12.0,11.0,12.0,6.0,9.0,9,11.0,14.0,17.0
HG00478,EAS,CHS,12.0,12,13.0,15.0,11.0,11.0,16,23,17.0,17.0,12,11,11.0,11.0,13,14,13.0,15.0,19.0,19.0,9.0,13.0,12.0,12.0,13.0,15.0,14.2,15.0,17,16,23.0,23.0,13.0,9.0,11.0,11.0,6.0,9.0,8,9.0,14.0,18.0
HG00479,EAS,CHS,10.0,12,11.0,15.0,11.0,11.0,19,23,15.0,16.0,11,11,10.0,8.0,13,10,13.0,13.0,21.0,22.0,10.0,12.0,12.0,9.0,14.0,14.0,12.0,15.2,16,16,23.0,24.0,9.0,12.0,12.0,12.0,9.0,9.0,8,8.0,14.0,15.0
HG00500,EAS,CHS,10.0,12,13.0,16.0,10.0,14.0,20,24,15.0,16.0,9,7,8.0,8.0,13,15,13.0,14.0,17.0,20.0,8.0,11.0,11.0,13.0,13.0,13.0,14.0,12.0,17,16,22.2,23.0,9.0,11.0,10.0,10.0,9.0,9.0,8,11.0,18.0,19.0
HG00513,EAS,CHS,10.0,10,11.0,16.0,10.0,11.3,23,18,16.0,17.0,10,10,10.0,8.0,14,14,13.0,13.0,15.0,22.0,8.0,10.0,11.0,10.0,21.0,23.0,15.0,15.2,17,16,22.0,21.0,10.0,10.0,16.0,16.0,7.0,6.0,8,11.0,14.0,18.0
HG00524,EAS,CHS,9.0,12,11.0,14.0,9.2,11.0,23,24,15.0,16.0,13,12,12.0,9.0,13,14,13.0,14.0,20.0,20.0,11.0,12.0,10.0,9.0,21.0,22.0,14.0,13.2,15,16,22.0,19.0,9.0,11.0,11.0,11.0,7.0,6.0,8,11.0,17.0,18.0
HG00525,EAS,CHS,13.0,12,13.0,17.3,12.0,11.0,24,24,15.0,15.0,11,11,10.0,10.0,12,16,13.0,14.0,17.0,22.0,8.0,8.0,12.0,9.0,13.0,16.0,14.0,13.0,11,15,26.0,23.0,13.0,12.0,11.0,11.0,7.0,9.0,8,11.0,17.0,20.0
HG00530,EAS,CHS,9.0,9,17.0,17.0,11.0,14.0,23,24,15.0,18.0,12,12,10.0,12.0,11,16,13.0,14.0,18.0,22.0,11.0,11.0,11.0,11.0,14.0,15.0,13.0,13.0,17,15,22.0,26.0,10.0,11.0,11.0,11.0,9.0,9.0,8,8.0,14.0,16.0
HG00531,EAS,CHS,12.0,12,17.0,17.3,11.0,11.0,19,26,15.0,15.0,13,12,12.0,8.0,12,15,14.0,14.0,18.0,20.0,8.0,12.0,11.0,12.0,13.0,14.0,14.0,13.0,11,15,22.0,21.0,9.0,12.0,11.0,12.0,8.0,9.3,8,11.0,18.0,19.0
HG00533,EAS,CHS,11.0,12,17.0,13.0,10.0,14.0,17,18,15.0,16.0,11,11,10.0,11.0,11,12,13.0,15.0,17.0,22.0,9.0,11.0,11.0,11.0,14.0,14.0,14.0,13.0,17,14,23.0,23.2,13.0,9.0,11.0,12.0,7.0,6.0,11,11.0,14.0,17.0
HG00534,EAS,CHS,10.0,11,15.0,16.0,11.0,11.0,23,20,15.0,17.0,9,11,11.0,9.0,14,15,15.0,15.0,20.0,21.0,9.0,10.0,13.0,9.0,15.0,17.0,14.0,14.2,15,15,22.0,24.0,13.0,11.0,14.0,14.0,7.0,9.0,11,11.0,18.0,19.0
HG00536,EAS,CHS,10.0,10,15.0,16.0,12.0,10.0,20,25,15.0,17.0,7,11,11.0,11.0,11,16,12.0,15.0,17.0,22.0,8.0,12.0,9.0,9.0,15.0,16.0,14.0,15.2,11,14,20.0,23.0,9.0,11.0,13.0,15.0,7.0,9.0,8,8.0,14.0,16.0
HG00537,EAS,CHS,11.0,12,11.0,16.0,12.0,11.0,23,25,15.0,16.0,12,11,8.0,11.0,10,14,14.0,15.0,18.0,21.0,8.0,12.0,10.0,10.0,13.0,13.0,14.0,16.0,15,16,19.0,25.0,9.0,12.0,12.0,12.0,7.0,9.0,8,8.0,14.0,16.0
HG00542,EAS,CHS,9.0,12,15.0,18.3,12.0,11.3,23,26,14.0,16.0,10,11,11.0,11.0,14,15,13.0,15.0,18.0,19.0,9.0,9.0,11.0,12.0,14.0,17.0,14.0,13.0,17,18,23.0,24.0,9.0,12.0,11.0,11.0,7.0,7.0,11,11.0,17.0,18.0
HG00543,EAS,CHS,10.0,11,13.0,16.0,10.0,10.0,17,19,15.0,16.0,13,7,10.0,8.0,13,14,14.0,15.0,22.0,22.0,11.0,11.0,10.0,9.0,14.0,15.0,15.2,15.2,17,16,25.0,25.0,9.0,10.0,12.0,12.0,6.0,9.0,8,11.0,18.0,19.0
HG00556,EAS,CHS,10.0,12,12.0,16.0,14.0,14.0,19,23,16.0,16.0,12,7,9.0,11.0,14,14,13.0,13.0,18.0,21.0,8.0,10.0,10.0,9.0,12.0,21.0,14.0,13.0,17,11,24.0,26.2,13.0,9.0,10.0,10.0,7.0,6.0,8,11.0,16.0,18.0
HG00557,EAS,CHS,10.0,12,16.0,16.0,10.0,10.0,19,24,15.0,17.0,10,11,11.0,11.0,10,15,14.0,15.0,18.0,18.0,8.0,9.0,10.0,9.0,18.0,18.0,14.2,15.2,11,15,19.0,21.0,9.0,9.0,11.0,12.0,7.0,10.0,8,8.0,17.0,19.0
HG00559,EAS,CHS,13.0,13,13.0,17.3,10.0,11.0,18,24,15.0,15.0,9,11,9.0,10.0,12,14,13.0,12.0,18.0,23.0,11.0,13.0,10.0,9.0,13.0,15.0,14.0,13.0,11,15,19.0,21.0,13.0,9.0,11.0,12.0,8.0,9.0,8,10.0,14.0,17.0
HG00560,EAS,CHS,13.0,12,12.0,16.0,12.0,10.0,22,24,15.0,17.0,12,12,11.0,10.0,13,11,13.0,16.0,17.0,18.0,12.0,13.0,11.0,11.0,18.0,13.0,15.0,16.0,15,16,19.0,23.0,8.0,15.0,8.0,12.0,9.0,10.0,8,11.0,16.0,17.0
HG00565,EAS,CHS,10.0,11,14.0,15.0,12.0,10.0,24,25,16.0,16.0,13,10,12.0,10.0,10,11,13.0,17.0,18.0,20.0,8.0,8.0,11.0,10.0,13.0,14.0,14.0,13.0,15,15,22.0,20.0,9.0,9.0,11.0,11.0,9.0,9.0,8,11.0,14.0,16.0
HG00566,EAS,CHS,10.0,12,13.0,16.0,10.0,10.0,20,26,16.0,17.0,13,7,10.0,12.0,10,11,15.0,16.0,19.0,20.0,8.0,10.0,12.0,10.0,13.0,14.0,14.0,14.2,11,16,21.0,25.0,9.0,12.0,11.0,12.0,7.0,6.0,8,8.0,15.0,16.0
HG00580,EAS,CHS,12.0,12,17.3,17.3,11.0,14.0,18,24,16.0,18.0,12,11,8.0,11.0,13,10,13.0,15.0,18.0,19.0,9.0,11.0,11.0,13.0,13.0,14.0,14.0,14.2,17,16,22.0,21.0,10.0,12.0,11.0,12.0,7.0,9.0,8,8.0,16.0,17.0
HG00581,EAS,CHS,10.0,12,14.0,17.3,12.0,14.0,23,24,14.0,15.0,12,9,11.0,12.0,11,12,13.0,14.0,18.0,18.0,8.0,9.0,11.0,11.0,15.0,22.0,13.0,15.2,11,15,23.0,24.0,9.0,12.0,11.0,12.0,7.0,9.0,8,9.0,14.0,16.0
HG00583,EAS,CHS,10.0,11,13.0,16.0,10.0,11.0,17,19,14.0,16.0,13,10,11.0,12.0,13,12,13.0,12.0,21.0,21.0,8.0,10.0,12.0,9.0,22.0,22.0,13.0,13.0,17,15,22.0,23.0,9.0,9.0,10.0,10.0,7.0,9.0,8,8.0,14.0,16.0
HG00584,EAS,CHS,9.0,14,17.0,17.0,11.0,11.0,18,19,15.0,16.0,11,10,8.0,10.0,12,15,13.0,13.0,22.0,23.0,8.0,12.0,11.0,10.0,14.0,23.0,14.0,15.2,17,18,21.0,24.0,9.0,12.0,12.0,12.0,6.0,9.0,8,8.0,16.0,18.0
HG00589,EAS,CHS,13.0,10,17.0,13.0,10.0,11.3,19,25,17.0,17.0,15,11,11.0,12.0,13,15,13.0,14.0,20.0,20.0,8.0,9.0,12.0,9.0,14.0,19.0,14.0,13.0,15,16,22.0,22.0,13.0,12.0,12.0,12.0,7.0,10.0,8,8.0,16.0,17.0
HG00590,EAS,CHS,11.0,11,17.0,17.3,12.0,10.2,19,23,15.0,16.0,10,11,11.0,8.0,10,14,13.0,12.0,17.0,20.0,11.0,12.0,11.0,11.0,14.0,14.0,14.0,15.0,17,15,24.0,24.2,9.0,12.0,13.0,13.0,9.0,9.0,9,11.0,14.0,18.0
HG00592,EAS,CHS,10.0,12,11.0,17.3,10.0,11.0,18,25,15.0,16.0,13,10,11.0,12.0,13,15,15.0,16.0,18.0,23.0,9.0,9.0,8.0,10.0,13.0,16.0,14.0,13.0,16,16,23.0,27.0,9.0,12.0,10.0,14.0,9.0,9.0,8,11.0,14.0,16.0
HG00593,EAS,CHS,12.0,12,11.0,17.3,10.0,14.0,19,24,15.0,15.0,12,10,11.0,11.0,15,16,13.0,13.0,18.0,19.0,8.0,10.0,11.0,11.0,13.0,19.0,14.0,13.0,17,16,23.0,23.0,8.0,9.0,11.0,12.0,7.0,9.0,8,9.0,17.0,19.0
HG00595,EAS,CHS,13.0,14,11.0,15.0,11.0,14.0,23,23,15.0,16.0,12,11,8.0,8.0,13,14,13.0,13.0,19.0,22.0,8.0,11.0,11.0,12.0,14.0,22.0,14.0,15.2,15,16,23.0,25.0,13.0,13.0,11.0,12.0,9.0,9.0,8,8.0,14.0,18.0
HG00596,EAS,CHS,10.0,12,17.0,11.0,11.0,14.0,20,21,14.0,18.0,10,9,11.0,11.0,15,16,13.0,15.0,19.0,18.0,8.0,12.0,11.0,10.0,17.0,17.0,14.0,13.0,11,15,24.0,24.0,9.0,9.0,10.0,12.0,9.0,9.0,11,11.0,16.0,17.0
HG00598,EAS,CHS,13.0,10,11.0,15.0,11.0,11.0,23,24,15.0,16.0,13,10,9.0,11.0,10,16,16.0,17.0,22.0,24.0,8.0,8.0,11.0,14.0,13.0,13.0,12.0,13.0,15,16,24.0,24.0,9.0,12.0,13.0,13.0,9.0,9.0,8,11.0,16.0,17.0
HG00599,EAS,CHS,10.0,11,16.0,18.0,12.0,14.0,19,19,15.0,17.0,13,10,10.0,8.0,13,14,15.0,15.0,15.0,19.0,5.0,11.0,9.0,10.0,13.0,14.0,14.2,15.2,17,11,22.0,25.0,9.0,9.0,11.0,11.0,9.3,10.0,8,8.0,16.0,18.0
HG00607,EAS,CHS,10.0,12,13.0,14.0,11.0,14.0,23,24,14.0,17.0,12,11,11.0,8.0,10,12,12.0,15.0,20.0,23.0,12.0,12.0,11.0,13.0,13.0,15.0,13.0,15.2,15,16,22.0,25.2,9.0,9.0,11.0,11.0,7.0,7.0,8,10.0,14.0,14.0
HG00608,EAS,CHS,12.0,12,16.0,16.0,12.0,11.0,23,17,15.0,17.0,12,10,11.0,11.0,13,15,14.0,15.0,19.0,22.0,11.0,12.0,10.0,10.0,13.0,21.0,15.0,15.2,17,15,23.0,25.0,10.0,12.0,11.0,11.0,7.0,10.0,8,9.0,17.0,17.0
HG00610,EAS,CHS,10.0,12,15.0,15.0,12.0,10.0,18,19,15.0,18.0,10,10,11.0,12.0,13,12,13.0,13.0,22.0,23.0,8.0,8.0,9.0,9.0,14.0,16.0,14.0,15.2,15,16,22.0,18.0,11.0,14.0,14.0,14.0,6.0,9.0,8,11.0,17.0,14.0
HG00611,EAS,CHS,11.0,12,15.0,15.0,13.0,14.0,17,19,17.0,17.0,12,11,8.0,12.0,12,12,13.0,15.0,20.0,20.0,10.0,13.0,11.0,11.0,15.0,22.0,13.0,15.2,17,16,21.0,23.0,9.0,11.0,12.0,12.0,9.0,9.0,9,10.0,17.0,19.0
HG00613,EAS,CHS,10.0,12,17.0,17.3,11.0,11.0,20,20,16.0,17.0,10,11,13.0,8.0,14,15,12.0,14.0,20.0,21.0,10.0,11.0,11.0,12.0,14.0,16.0,14.0,14.0,15,16,21.0,23.0,13.0,11.0,5.0,5.0,9.0,10.0,8,8.0,14.0,17.0
HG00614,EAS,CHS,10.0,11,15.0,16.0,12.0,9.2,23,20,16.0,18.0,13,10,13.0,11.0,16,16,13.0,15.0,18.0,20.0,11.0,12.0,12.0,12.0,14.0,17.0,14.2,13.0,17,15,21.0,23.0,9.0,9.0,11.0,12.0,7.0,9.3,8,8.0,14.0,18.0
HG00619,EAS,CHS,13.0,11,15.0,15.0,12.0,12.0,17,19,16.0,16.0,12,10,10.0,11.0,10,11,11.0,12.0,18.0,19.0,11.0,12.0,13.0,10.0,16.0,21.0,14.0,14.0,11,11,24.2,25.0,10.0,11.0,14.0,14.0,9.0,9.3,8,9.0,14.0,16.0
HG00620,EAS,CHS,10.0,11,17.0,16.3,10.0,11.0,19,24,15.0,15.0,12,11,11.0,12.0,10,11,13.0,15.0,19.0,22.0,8.0,9.0,12.0,10.0,16.0,21.0,14.2,15.0,11,16,23.0,26.2,13.0,11.0,11.0,11.0,9.0,9.0,8,8.0,14.0,19.0
HG00622,EAS,CHS,10.0,12,15.0,17.3,10.0,10.0,23,23,15.0,17.0,12,11,11.0,11.0,13,12,13.0,16.0,19.0,21.0,9.0,13.0,10.0,12.0,13.0,14.0,14.2,16.0,15,15,24.0,25.0,8.0,11.0,11.0,15.0,7.0,9.0,11,11.0,16.0,18.0
HG00623,EAS,CHS,13.0,12,15.0,17.3,12.0,14.0,23,24,14.0,14.0,13,10,10.0,10.0,13,14,15.0,16.0,20.0,22.0,10.0,11.0,11.0,13.0,14.0,16.0,13.0,15.0,17,13,22.0,23.0,11.0,11.0,14.0,14.0,7.0,7.0,8,8.0,18.0,19.0
HG00625,EAS,CHS,13.0,11,14.0,15.0,10.0,14.0,19,25,14.0,15.0,11,9,11.0,12.0,10,14,12.0,14.0,20.0,22.0,11.0,13.0,10.0,9.0,16.0,13.0,15.0,15.2,16,16,19.0,23.0,9.0,11.0,11.0,12.0,9.0,9.3,8,11.0,14.0,19.0
HG00626,EAS,CHS,11.0,12,11.0,15.0,10.0,14.0,23,24,16.0,17.0,10,11,11.0,12.0,11,12,13.0,14.0,19.0,17.0,8.0,12.0,11.0,12.0,18.0,14.0,14.0,14.0,15,16,22.0,25.0,9.0,12.0,11.0,12.0,9.0,9.0,8,8.0,16.0,19.0
HG00628,EAS,CHS,9.0,12,16.0,17.3,11.3,14.0,17,19,15.0,15.0,10,10,12.0,12.0,12,12,13.0,15.0,18.0,23.0,12.0,12.0,12.0,9.0,14.0,15.0,14.0,15.0,11,19,19.0,23.0,9.0,10.0,11.0,11.0,7.0,7.0,8,10.0,14.0,19.0
HG00629,EAS,CHS,9.0,12,11.0,16.0,11.0,11.0,20,20,16.0,17.0,12,11,11.0,12.0,12,15,14.0,14.0,18.0,20.0,8.0,8.0,11.0,12.0,18.0,15.0,13.0,15.2,17,11,23.0,23.0,9.0,11.0,12.0,12.0,8.0,9.0,9,9.0,16.0,17.0
HG00631,EAS,CHS,10.0,12,15.0,15.0,11.0,14.0,23,18,16.0,17.0,13,11,11.0,12.0,13,13,15.0,15.0,19.0,20.0,11.0,8.0,12.0,13.0,13.0,15.0,14.0,14.0,17,14,19.0,23.0,12.0,12.0,10.0,14.0,7.0,9.0,8,11.0,17.0,17.0
HG00632,EAS,CHS,9.0,11,13.0,16.0,11.0,14.0,17,19,15.0,16.0,13,12,12.0,12.0,10,15,13.0,14.0,19.0,23.0,9.0,9.0,9.0,9.0,14.0,17.0,13.0,15.0,17,17,21.0,24.0,9.0,11.0,12.0,12.0,9.0,9.0,8,8.0,16.0,17.0
HG00634,EAS,CHS,9.0,11,11.0,16.0,12.0,12.0,18,19,15.0,16.0,12,11,12.0,12.0,12,12,14.0,15.0,21.0,22.0,12.0,13.0,11.0,11.0,14.0,15.0,14.2,15.2,15,15,23.0,24.0,9.0,11.0,12.0,12.0,7.0,9.0,8,8.0,16.0,18.0
HG00650,EAS,CHS,7.0,11,13.0,16.0,10.0,11.0,19,24,17.0,17.0,13,9,9.0,8.0,13,15,13.0,12.0,19.0,19.0,8.0,8.0,10.0,12.0,14.0,15.0,14.2,15.2,17,14,18.0,24.0,13.0,11.0,12.0,12.0,7.0,6.0,8,8.0,14.0,19.0
HG00651,EAS,CHS,11.0,11,15.0,16.0,12.0,11.0,20,22,17.0,18.0,12,9,13.0,11.0,13,12,16.0,14.0,21.0,21.0,8.0,8.0,9.0,11.0,18.0,15.0,13.0,14.2,11,16,21.0,24.0,8.0,9.0,13.0,16.0,7.0,6.0,8,11.0,16.0,17.0
HG00653,EAS,CHS,13.0,12,16.0,17.3,10.0,11.0,18,21,15.0,16.0,12,11,12.0,8.0,10,15,12.0,14.0,20.0,24.0,8.0,11.0,9.0,9.0,15.0,21.0,13.2,14.2,17,15,21.0,24.0,8.0,12.0,14.0,16.0,7.0,9.0,8,8.0,17.0,18.0
HG00654,EAS,CHS,13.0,10,13.0,16.0,11.0,14.0,23,20,15.0,16.0,13,11,10.0,12.0,12,15,14.0,14.0,18.0,22.0,10.0,11.0,10.0,9.0,13.0,13.0,14.0,13.0,11,16,24.0,25.0,9.0,12.0,11.0,11.0,6.0,9.0,8,9.0,14.0,18.0
HG00656,EAS,CHS,12.0,12,13.0,15.0,12.0,13.0,19,20,16.0,17.0,12,12,8.0,8.0,13,15,13.0,17.0,15.0,21.0,8.0,8.0,11.0,12.0,14.0,17.0,14.2,15.2,17,15,22.0,20.2,13.0,9.0,14.0,14.0,8.0,9.0,8,11.0,17.0,17.0
HG00657,EAS,CHS,12.0,12,14.0,16.0,11.0,11.0,18,19,16.0,18.0,12,10,11.0,12.0,15,16,13.0,14.0,17.0,21.0,8.0,13.0,11.0,13.0,16.0,16.0,14.2,14.2,17,15,22.0,23.0,10.0,12.0,12.0,12.0,7.0,9.0,9,11.0,14.0,14.0
HG00662,EAS,CHS,10.0,12,11.0,17.3,13.0,15.0,23,19,15.0,15.0,10,11,13.0,12.0,14,15,14.0,18.0,18.0,20.0,10.0,12.0,12.0,9.0,18.0,19.0,14.2,15.0,17,18,21.0,24.0,12.0,12.0,10.0,12.0,9.0,9.0,8,11.0,17.0,18.0
HG00663,EAS,CHS,11.0,12,15.0,17.3,11.0,11.0,20,20,16.0,16.0,13,11,11.0,8.0,13,15,14.0,14.0,17.0,20.0,8.0,11.0,11.0,10.0,13.0,15.0,13.0,14.2,17,16,22.0,23.0,9.0,12.0,11.0,12.0,7.0,8.0,8,8.0,16.0,18.0
HG00671,EAS,CHS,13.0,9,17.0,15.0,10.0,14.0,23,25,15.0,16.0,13,10,11.0,12.0,12,14,13.0,15.0,18.0,20.0,8.0,11.0,14.0,9.0,13.0,16.0,13.0,13.0,17,15,22.0,24.0,8.0,8.0,5.0,5.0,8.0,9.0,8,9.0,14.0,15.0
HG00672,EAS,CHS,12.0,12,15.0,15.0,10.0,11.0,21,21,17.0,17.0,10,11,12.0,9.0,12,15,13.0,15.0,18.0,24.0,11.0,11.0,12.0,13.0,18.0,13.0,14.0,13.0,15,15,22.0,22.0,8.0,12.0,11.0,12.0,8.0,9.3,8,8.0,14.0,16.0
HG00674,EAS,CHS,11.0,12,14.0,14.0,10.0,14.0,20,24,15.0,16.0,13,11,11.0,12.0,10,10,15.0,16.0,20.0,20.0,11.0,11.0,11.0,9.0,12.0,12.0,14.0,15.0,11,15,23.0,24.0,9.0,12.0,5.0,5.0,7.0,6.0,8,8.0,16.0,17.0
HG00675,EAS,CHS,12.0,12,17.0,17.0,10.0,11.0,24,25,16.0,17.0,10,10,11.0,12.0,13,10,13.0,17.0,20.0,20.0,8.0,11.0,11.0,9.0,13.0,14.0,14.0,15.2,17,11,23.0,24.0,13.0,8.0,5.0,5.0,8.0,9.0,11,11.0,15.0,18.0
HG00683,EAS,CHS,13.0,12,13.0,17.3,10.0,13.0,24,25,15.0,16.0,12,10,10.0,11.0,14,14,13.0,13.0,17.0,18.0,8.0,10.0,12.0,12.0,13.0,22.0,14.2,16.0,11,16,23.0,24.0,13.0,8.0,12.0,12.0,6.0,9.0,8,9.0,16.0,17.0
HG00684,EAS,CHS,10.0,12,13.0,15.0,10.0,11.0,23,19,14.0,17.0,13,10,11.0,9.0,15,15,13.0,15.0,19.0,19.0,9.0,12.0,11.0,11.0,12.0,13.0,14.0,15.2,15,16,23.0,23.0,11.0,9.0,14.0,14.0,9.0,9.0,8,10.0,14.0,17.0
HG00689,EAS,CHS,10.0,12,14.0,16.3,12.0,15.0,17,18,16.0,15.0,9,11,11.0,12.0,11,15,13.0,15.0,20.0,23.0,8.0,8.0,11.0,12.0,13.0,16.0,13.0,15.2,17,16,22.0,25.0,13.0,12.0,11.0,12.0,9.0,9.0,8,8.0,16.0,16.0
HG00690,EAS,CHS,12.0,12,15.0,15.0,12.0,10.0,17,24,16.0,18.0,12,11,13.0,12.0,12,14,12.0,15.0,20.0,22.0,10.0,12.0,12.0,10.0,13.0,15.0,14.0,15.0,17,16,22.0,18.0,9.0,10.0,11.0,11.0,7.0,10.0,9,10.0,16.0,18.0
HG00692,EAS,CHS,11.0,12,14.0,17.3,9.2,11.3,17,23,16.0,17.0,12,11,12.0,8.0,13,16,13.0,14.0,18.0,19.0,9.0,10.0,11.0,9.0,15.0,15.0,14.0,14.0,15,16,22.0,24.0,12.0,12.0,11.0,11.0,9.0,9.0,11,11.0,17.0,18.0
HG00693,EAS,CHS,10.0,12,13.0,18.3,10.0,14.0,23,24,16.0,17.0,12,11,11.0,12.0,10,14,13.0,12.0,19.0,23.0,11.0,11.0,11.0,11.0,14.0,12.0,12.0,16.2,11,15,23.0,23.0,10.0,10.0,5.0,5.0,9.0,10.0,11,11.0,16.0,17.0
HG00698,EAS,CHS,11.0,12,12.0,14.0,10.0,11.0,19,21,16.0,17.0,13,12,13.0,10.0,10,15,14.0,15.0,17.0,20.0,8.0,12.0,10.0,10.0,15.0,19.0,14.0,14.2,15,15,23.0,23.2,13.0,11.0,11.0,12.0,7.0,10.0,9,11.0,17.0,18.0
HG00699,EAS,CHS,13.0,10,12.0,16.0,12.0,10.0,20,22,16.0,17.0,11,11,11.0,8.0,10,15,14.0,16.0,18.0,19.0,8.0,8.0,12.0,9.0,14.0,16.0,14.0,14.0,16,16,21.0,24.0,7.0,9.0,12.0,12.0,9.0,9.0,8,11.0,14.0,18.0
HG00701,EAS,CHS,12.0,14,12.0,16.0,10.0,14.0,19,25,15.0,17.0,12,12,12.0,8.0,10,15,13.0,14.0,18.0,19.0,10.0,10.0,11.0,12.0,18.0,15.0,13.0,15.2,15,18,21.0,21.0,9.0,9.0,11.0,11.0,8.0,9.0,8,11.0,14.0,17.0
HG00704,EAS,CHS,10.0,12,14.0,17.3,11.0,11.0,24,24,15.0,16.0,10,11,12.0,12.0,12,14,13.0,15.0,18.0,19.0,8.0,10.0,11.0,9.0,14.0,21.0,13.2,15.2,16,16,22.0,21.0,10.0,11.0,13.0,13.0,9.0,10.0,11,11.0,16.0,19.0
HG00705,EAS,CHS,10.0,12,17.0,15.0,10.0,11.0,18,25,15.0,18.0,12,11,11.0,12.0,12,16,13.0,13.0,22.0,24.0,8.0,10.0,11.0,9.0,16.0,20.0,14.0,12.0,16,18,22.0,26.0,9.0,12.0,12.0,12.0,6.0,9.0,8,11.0,14.0,17.0
HG00707,EAS,CHS,10.0,11,15.0,17.3,12.0,11.0,16,21,15.0,16.0,13,10,12.0,8.0,10,12,15.0,16.0,21.0,21.0,10.0,12.0,11.0,10.0,13.0,14.0,13.0,16.2,15,15,19.0,21.0,9.0,10.0,11.0,12.0,6.0,6.0,9,11.0,14.0,17.0
HG00708,EAS,CHS,10.0,12,12.0,13.0,11.3,14.0,23,25,15.0,15.0,13,11,13.0,11.0,13,14,13.0,12.0,19.0,21.0,8.0,11.0,12.0,13.0,15.0,16.0,14.0,14.2,11,16,22.0,19.0,8.0,9.0,11.0,14.0,7.0,9.0,8,8.0,17.0,19.0
HG00717,EAS,CHS,10.0,12,14.0,14.0,12.0,15.0,19,19,15.0,16.0,13,11,11.0,12.0,15,15,13.0,14.0,21.0,22.0,8.0,10.0,11.0,12.0,19.0,20.0,13.0,15.2,15,16,22.0,23.0,10.0,10.0,12.0,12.0,9.0,9.0,8,8.0,14.0,18.0
HG00728,EAS,CHS,10.0,11,11.0,15.0,10.0,11.0,19,24,17.0,18.0,12,11,12.0,9.0,14,15,14.0,15.0,19.0,22.0,8.0,8.0,11.0,13.0,15.0,15.0,13.0,15.0,17,17,22.0,19.0,9.0,9.0,12.0,12.0,8.0,9.0,8,11.0,14.0,14.0
HG00729,EAS,CHS,13.0,12,15.0,17.3,10.0,14.0,18,19,14.0,16.0,11,11,11.0,11.0,10,15,14.0,14.0,17.0,21.0,11.0,11.0,10.0,10.0,16.0,24.0,12.0,15.0,17,15,21.2,25.0,9.0,9.0,13.0,14.0,7.0,9.0,8,11.0,14.0,17.0
NA18939,EAS,JPT,10.0,12,13.0,16.0,11.0,11.0,18,20,15.0,16.0,13,10,11.0,12.0,11,13,13.0,15.0,19.0,17.0,8.0,8.0,10.0,9.0,14.0,20.0,15.0,15.2,11,15,21.0,23.0,10.0,14.0,11.0,12.0,6.0,9.0,8,8.0,16.0,16.0
NA18940,EAS,JPT,9.0,12,14.0,15.0,10.0,11.0,23,23,15.0,16.0,13,10,12.0,9.0,13,12,13.0,13.0,19.0,20.0,8.0,11.0,11.0,9.0,13.0,13.0,14.0,15.0,11,15,19.0,25.0,10.0,15.0,12.0,12.0,7.0,6.0,8,11.0,14.0,16.0
NA18941,EAS,JPT,11.0,11,16.0,16.0,12.0,10.0,17,22,16.0,15.0,13,10,10.0,12.0,13,12,13.0,12.0,21.0,26.0,8.0,12.0,10.0,9.0,21.0,13.0,14.0,13.0,16,18,23.0,25.0,9.0,10.0,12.0,15.0,9.0,9.0,9,12.0,17.0,19.0
NA18942,EAS,JPT,11.0,15,15.0,16.0,9.2,11.0,23,17,15.0,19.0,10,11,12.0,11.0,14,15,13.0,15.0,19.0,22.0,9.0,12.0,9.0,9.0,18.0,20.0,14.0,13.0,17,16,21.0,21.0,10.0,10.0,11.0,16.0,6.0,9.0,8,11.0,14.0,18.0
NA18943,EAS,JPT,13.0,10,14.0,15.0,12.0,11.0,23,18,15.0,15.0,13,12,10.0,12.0,12,14,13.0,15.0,18.0,19.0,11.0,11.0,10.0,9.0,13.0,13.0,14.0,14.2,17,15,21.0,24.0,9.0,10.0,5.0,12.0,7.0,9.0,10,11.0,17.0,18.0
NA18944,EAS,JPT,10.0,11,15.0,16.0,12.0,10.0,17,19,15.0,16.0,12,10,11.0,8.0,13,16,14.0,14.0,17.0,20.0,11.0,12.0,12.0,9.0,16.0,19.0,13.0,13.2,11,11,22.0,22.0,10.0,11.0,10.0,10.0,9.0,9.0,8,11.0,18.0,18.0
NA18945,EAS,JPT,10.0,12,13.0,16.0,11.3,14.0,19,24,17.0,17.0,11,9,12.0,10.0,13,16,13.0,14.0,18.0,18.0,11.0,9.0,11.0,9.0,15.0,16.0,14.0,14.0,17,17,23.0,24.0,10.0,10.0,11.0,11.0,6.0,9.0,9,12.0,14.0,19.0
NA18946,EAS,JPT,10.0,10,15.0,16.0,10.0,14.0,23,22,16.0,17.0,10,11,10.0,11.0,10,13,15.0,15.0,19.0,19.0,8.0,8.0,12.0,10.0,13.0,14.0,13.0,15.2,16,16,22.0,19.0,10.0,10.0,14.0,16.0,9.0,9.0,8,8.0,14.0,16.0
NA18947,EAS,JPT,10.0,12,14.0,15.0,11.0,11.3,23,24,14.0,15.0,12,13,8.0,8.0,13,16,14.0,15.0,19.0,24.0,8.0,10.0,11.0,13.0,14.0,17.0,14.0,14.0,17,11,22.0,25.2,13.0,9.0,12.0,12.0,9.0,9.3,8,10.0,14.0,14.0
NA18948,EAS,JPT,12.0,12,12.0,17.3,14.0,14.0,18,20,15.0,17.0,12,10,9.0,11.0,14,14,13.0,15.0,18.0,22.0,8.0,11.0,11.0,14.0,16.0,20.0,13.0,14.2,11,16,21.0,23.0,11.0,11.0,10.0,11.0,7.0,6.0,8,11.0,14.0,16.0
NA18949,EAS,JPT,10.0,11,14.0,16.0,10.0,10.0,19,22,15.0,16.0,13,11,11.0,12.0,9,11,14.0,14.0,17.0,18.0,8.0,11.0,11.0,10.0,15.0,21.0,14.0,13.0,17,15,22.0,22.0,9.0,11.0,10.0,10.0,6.0,9.0,8,11.0,17.0,18.0
NA18950,EAS,JPT,7.0,12,14.0,16.3,12.0,11.0,26,26,15.0,15.0,13,12,13.0,11.0,11,15,13.0,13.0,18.0,20.0,8.0,10.0,11.0,9.0,14.0,15.0,13.0,16.2,11,16,21.0,24.0,8.0,9.0,13.0,15.0,7.0,9.0,8,8.0,14.0,17.0
NA18951,EAS,JPT,10.0,12,15.0,16.0,12.0,11.3,24,27,16.0,17.0,13,12,12.0,9.0,10,14,13.0,14.0,22.0,25.0,9.0,13.0,11.0,12.0,18.0,14.0,14.0,13.0,15,15,19.0,23.2,13.0,9.0,5.0,12.0,7.0,6.0,8,9.0,17.0,19.0
NA18952,EAS,JPT,12.0,14,14.0,18.3,12.0,11.0,23,24,15.0,17.0,11,11,12.0,8.0,13,11,13.0,15.0,20.0,21.0,8.0,11.0,12.0,14.0,12.0,15.0,14.2,14.2,17,15,22.0,21.0,9.0,15.0,14.0,15.0,7.0,7.0,8,11.0,14.0,16.0
NA18953,EAS,JPT,10.0,12,16.0,16.0,10.0,11.0,17,18,15.0,16.0,12,11,11.0,12.0,10,12,13.0,14.0,19.0,23.0,8.0,12.0,11.0,9.0,14.0,16.0,14.0,14.0,15,15,25.0,25.0,9.0,11.0,11.0,12.0,9.0,9.0,8,11.0,16.0,17.0
NA18954,EAS,JPT,10.0,12,14.0,14.0,10.0,11.0,19,22,15.0,15.0,12,11,11.0,11.0,12,12,13.0,14.0,21.0,24.0,8.0,8.0,12.0,12.0,13.0,17.0,14.2,15.2,17,16,21.0,24.0,9.0,9.0,11.0,12.0,7.0,6.0,8,9.0,14.0,17.0
NA18956,EAS,JPT,12.0,12,12.0,14.0,10.0,11.0,17,20,15.0,16.0,13,9,11.0,9.0,13,15,13.0,15.0,18.0,20.0,9.0,11.0,13.0,9.0,12.0,14.0,13.0,13.0,11,11,23.0,24.0,13.0,11.0,14.0,14.0,7.0,7.0,9,11.0,17.0,19.0
NA18957,EAS,JPT,11.0,11,14.0,16.0,11.0,12.0,18,24,14.0,16.0,13,10,10.0,12.0,11,14,14.0,15.0,18.0,20.0,8.0,11.0,12.0,10.0,14.0,20.0,14.0,14.0,17,15,22.0,21.0,10.0,11.0,11.0,12.0,6.0,9.3,8,11.0,16.0,19.0
NA18959,EAS,JPT,10.0,12,13.0,16.0,12.0,12.0,23,20,15.0,16.0,10,9,10.0,8.0,10,15,14.0,15.0,18.0,18.0,10.0,10.0,12.0,9.0,15.0,19.0,13.0,14.2,16,16,19.0,24.0,9.0,10.0,14.0,14.0,9.0,9.0,8,9.0,16.0,17.0
NA18960,EAS,JPT,10.0,11,15.0,15.0,10.0,11.0,20,24,15.0,17.0,13,11,11.0,7.0,11,14,13.0,12.0,21.0,21.0,11.0,11.0,13.0,10.0,13.0,15.0,14.0,15.2,17,15,22.0,23.0,9.0,10.0,11.0,12.0,7.0,9.0,8,9.0,17.0,19.0
NA18961,EAS,JPT,13.0,12,12.0,16.0,11.0,11.0,23,19,15.0,17.0,13,11,8.0,11.0,15,15,14.0,16.0,18.0,20.0,12.0,12.0,10.0,9.0,12.0,14.0,14.0,13.0,15,16,22.0,23.0,11.0,11.0,5.0,10.0,9.0,9.0,8,11.0,14.0,18.0
NA18962,EAS,JPT,12.0,12,15.0,15.0,11.0,11.0,17,22,14.0,16.0,12,11,12.0,12.0,11,12,13.0,16.0,19.0,20.0,11.0,14.0,11.0,10.0,14.0,16.0,14.0,14.2,11,15,22.0,23.0,8.0,10.0,11.0,12.0,7.0,9.0,8,9.0,15.0,17.0
NA18963,EAS,JPT,11.0,12,11.0,16.0,12.0,10.0,22,25,15.0,16.0,9,11,11.0,12.0,12,12,13.0,15.0,17.0,19.3,8.0,11.0,12.0,9.0,12.0,15.0,13.0,14.2,15,16,23.0,25.0,13.0,9.0,10.0,10.0,7.0,6.0,8,11.0,16.0,17.0
NA18964,EAS,JPT,9.0,11,16.0,16.0,12.0,11.0,23,18,16.0,17.0,12,13,10.0,8.0,10,14,13.0,14.0,21.0,23.0,8.0,10.0,10.0,10.0,13.0,14.0,14.2,15.2,11,15,22.0,22.0,9.0,14.0,10.0,10.0,6.0,9.0,8,9.0,16.0,18.0
NA18965,EAS,JPT,12.0,12,15.0,16.0,10.0,13.0,20,24,15.0,16.0,10,9,8.0,8.0,10,13,14.0,16.0,17.0,24.0,12.0,13.0,11.0,10.0,14.0,20.0,14.0,13.0,17,16,19.0,23.0,13.0,11.0,12.0,12.0,6.0,10.0,11,11.0,16.0,18.0
NA18966,EAS,JPT,9.0,12,13.0,17.3,10.0,11.0,19,26,15.0,18.0,12,11,13.0,11.0,11,15,13.0,14.0,20.0,20.0,8.0,12.0,9.0,9.0,13.0,14.0,14.0,13.0,11,15,21.0,21.0,12.0,10.0,12.0,12.0,7.0,9.0,8,8.0,16.0,17.0
NA18967,EAS,JPT,10.0,10,15.0,16.0,12.0,11.0,24,27,15.0,18.0,13,9,11.0,11.0,13,13,14.0,15.0,18.0,20.0,11.0,12.0,9.0,9.0,15.0,17.0,13.0,14.2,17,17,21.0,24.0,13.0,9.0,11.0,11.0,6.0,9.0,8,11.0,16.0,17.0
NA18968,EAS,JPT,13.0,13,13.0,18.3,12.0,12.0,17,20,15.0,17.0,12,10,12.0,8.0,12,14,14.0,14.0,17.0,18.0,11.0,12.0,11.0,10.0,13.0,16.0,13.0,16.2,11,15,23.0,23.0,9.0,10.0,11.0,12.0,7.0,6.0,8,11.0,16.0,17.0
NA18969,EAS,JPT,13.0,10,15.0,15.0,12.0,11.0,20,24,16.0,17.0,12,10,11.0,11.0,13,13,13.0,14.0,19.0,17.0,8.0,10.0,9.0,9.0,16.0,17.0,14.0,13.0,15,16,22.0,20.0,10.0,10.0,11.0,12.0,9.0,9.0,8,12.0,18.0,18.0
NA18970,EAS,JPT,13.0,12,15.0,16.0,10.0,14.0,18,19,17.0,18.0,12,9,11.0,12.0,13,14,13.0,14.0,17.0,19.0,10.0,12.0,11.0,11.0,18.0,14.0,14.0,13.0,11,15,22.0,22.0,9.0,9.0,5.0,11.0,9.0,9.0,9,11.0,14.0,16.0
NA18971,EAS,JPT,9.0,12,15.0,19.0,10.0,11.0,18,25,15.0,17.0,13,11,12.0,12.0,10,11,14.0,15.0,20.0,21.0,8.0,12.0,12.0,12.0,15.0,17.0,14.0,15.2,15,16,20.0,25.0,9.0,11.0,11.0,11.0,6.0,9.0,8,11.0,14.0,18.0
NA18972,EAS,JPT,10.0,10,15.0,18.0,11.0,11.0,18,19,15.0,16.0,13,10,11.0,11.0,12,12,14.0,14.0,20.0,21.0,8.0,9.0,10.0,9.0,13.0,15.0,14.0,14.0,17,15,22.0,21.0,11.0,12.0,15.0,15.0,9.0,9.0,9,10.0,14.0,16.0
NA18973,EAS,JPT,13.0,11,15.0,16.0,12.0,11.0,24,24,16.0,16.0,13,10,12.0,12.0,15,15,14.0,14.0,19.0,18.0,9.0,14.0,12.0,13.0,12.0,14.0,14.0,12.0,15,15,19.0,20.0,13.0,11.0,12.0,12.0,7.0,9.0,8,9.0,14.0,17.0
NA18974,EAS,JPT,12.0,12,16.0,17.3,11.0,14.0,18,20,15.0,15.0,14,9,9.2,11.0,14,14,15.0,15.0,18.0,18.0,10.0,12.0,10.0,9.0,14.0,15.0,14.0,15.0,15,16,25.0,27.0,9.0,10.0,5.0,5.0,7.0,9.0,9,11.0,16.0,18.0
NA18975,EAS,JPT,9.0,12,15.0,16.3,9.2,10.0,18,19,16.0,17.0,13,11,11.0,8.0,14,15,13.0,14.0,17.0,20.0,8.0,11.0,11.0,10.0,12.0,13.0,14.0,13.0,15,15,22.0,23.0,9.0,11.0,5.0,5.0,7.0,6.0,8,11.0,16.0,18.0
NA18976,EAS,JPT,10.0,11,14.0,16.0,10.0,14.0,19,28,15.0,15.0,13,9,10.0,11.0,13,14,13.0,15.0,17.0,18.0,10.0,12.0,11.0,12.0,14.0,17.0,13.0,14.2,17,15,23.0,24.0,9.0,12.0,11.0,11.0,9.0,9.0,8,12.0,14.0,17.0
NA18977,EAS,JPT,13.0,12,17.0,14.0,12.0,11.0,17,19,16.0,17.0,13,11,10.0,8.0,13,14,14.0,14.0,20.0,21.0,9.0,10.0,9.0,9.0,14.0,14.0,14.0,13.0,17,17,20.0,21.0,10.0,12.0,5.0,11.0,7.0,9.0,8,8.0,16.0,17.0
NA18978,EAS,JPT,13.0,12,15.0,16.0,10.0,11.0,23,25,14.0,15.0,13,10,10.0,11.0,11,15,14.0,15.0,17.0,24.0,9.0,11.0,12.0,9.0,14.0,15.0,13.0,13.0,17,16,22.0,23.0,9.0,11.0,14.0,14.0,8.0,8.0,9,11.0,16.0,16.0
NA18979,EAS,JPT,11.0,11,18.3,18.3,11.0,11.0,23,25,15.0,15.0,13,11,11.0,12.0,10,14,14.0,15.0,20.0,21.0,10.0,12.0,12.0,12.0,14.0,15.0,14.0,15.0,11,15,22.0,22.0,10.0,11.0,11.0,12.0,7.0,9.0,8,9.0,17.0,20.0
NA18980,EAS,JPT,10.0,11,17.0,16.0,12.0,11.0,17,24,15.0,16.0,11,11,10.0,10.0,12,15,13.0,14.0,19.0,21.0,8.0,12.0,13.0,9.0,15.0,21.0,14.0,13.0,15,16,22.0,21.0,13.0,11.0,12.0,12.0,7.0,9.0,8,9.0,16.0,18.0
NA18981,EAS,JPT,13.0,12,15.0,18.3,12.0,9.2,23,22,15.0,17.0,11,10,10.0,8.0,13,13,13.0,12.0,23.0,24.0,8.0,12.0,11.0,9.0,14.0,15.0,14.0,14.0,15,16,22.0,22.0,10.0,10.0,12.0,12.0,7.0,9.0,8,8.0,16.0,19.0
NA18982,EAS,JPT,13.0,12,15.0,18.3,12.0,12.0,17,19,16.0,17.0,13,11,12.0,12.0,11,15,12.0,14.0,17.0,18.0,8.0,9.0,12.0,12.0,16.0,17.0,14.0,12.0,17,16,23.0,23.0,9.0,10.0,11.0,11.0,9.0,9.0,9,11.0,17.0,17.0
NA18983,EAS,JPT,10.0,12,12.0,14.0,11.0,11.0,20,20,15.0,16.0,10,8,10.0,10.0,14,15,13.0,15.0,20.0,22.0,9.0,11.0,11.0,9.0,13.0,15.0,14.0,14.2,17,15,21.0,21.0,13.0,10.0,11.0,12.0,6.0,9.0,9,11.0,16.0,17.0
NA18984,EAS,JPT,13.0,12,15.0,15.0,11.0,11.0,23,26,15.0,17.0,12,10,12.0,9.0,13,14,14.0,15.0,20.0,20.0,9.0,12.0,9.0,9.0,14.0,14.0,14.0,14.2,17,16,22.0,19.0,9.0,11.0,16.0,16.0,9.0,9.0,8,11.0,18.0,19.0
NA18985,EAS,JPT,10.0,11,17.0,17.0,12.0,11.0,18,19,16.0,17.0,10,11,12.0,10.0,11,14,13.0,15.0,18.0,20.0,11.0,11.0,11.0,12.0,18.0,17.0,14.2,15.0,15,15,20.0,23.0,14.0,9.0,12.0,12.0,7.0,6.0,8,8.0,18.0,20.0
NA18986,EAS,JPT,13.0,10,14.0,16.0,10.0,11.0,23,24,15.0,16.0,13,10,11.0,12.0,13,11,13.0,13.0,18.0,18.0,11.0,12.0,10.0,9.0,13.0,16.0,13.0,14.2,17,15,21.0,26.0,9.0,11.0,5.0,13.0,7.0,9.0,8,10.0,18.0,18.0
NA18987,EAS,JPT,13.0,12,13.0,17.3,10.0,11.0,16,18,16.0,17.0,12,9,11.0,11.0,14,15,13.0,14.0,20.0,20.0,12.0,12.0,12.0,9.0,13.0,16.0,13.0,13.2,15,16,19.0,24.0,13.0,12.0,5.0,5.0,9.0,9.0,8,11.0,17.0,18.0
NA18988,EAS,JPT,10.0,11,14.0,18.3,10.0,14.0,17,19,15.0,15.0,12,11,10.0,11.0,12,15,13.0,14.0,17.0,18.0,11.0,13.0,11.0,11.0,14.0,16.0,14.0,13.0,11,15,19.0,25.0,13.0,11.0,10.0,12.0,6.0,9.0,8,11.0,14.0,16.0
NA18989,EAS,JPT,11.0,12,16.0,16.0,11.0,14.0,17,18,15.0,17.0,11,11,9.0,10.0,13,13,14.0,15.0,19.0,20.0,8.0,8.0,10.0,11.0,18.0,16.0,14.0,15.2,17,11,22.0,24.0,8.0,9.0,11.0,11.0,6.0,9.0,10,12.0,15.0,16.0
NA18990,EAS,JPT,10.0,12,16.0,16.0,11.0,11.0,24,24,15.0,17.0,11,11,10.0,11.0,10,11,13.0,15.0,18.0,19.0,10.0,12.0,10.0,9.0,13.0,13.0,13.0,13.0,16,18,19.0,21.0,9.0,11.0,12.0,12.0,7.0,9.0,8,8.0,16.0,18.0
NA18991,EAS,JPT,13.0,12,14.0,17.3,12.0,14.0,18,22,17.0,17.0,12,11,8.0,11.0,14,14,13.0,14.0,18.0,19.0,9.0,12.0,12.0,10.0,13.0,13.0,13.0,15.2,17,11,20.0,21.0,10.0,12.0,11.0,12.0,7.0,6.0,11,11.0,16.0,17.0
NA18992,EAS,JPT,13.0,11,15.0,16.0,12.0,15.0,23,17,15.0,16.0,12,11,9.0,12.0,10,12,13.0,13.0,18.0,18.0,12.0,12.0,12.0,11.0,15.0,17.0,13.2,14.2,11,16,22.0,23.0,9.0,11.0,11.0,11.0,7.0,8.0,10,14.0,14.0,18.0
NA18993,EAS,JPT,11.0,12,15.0,18.3,12.0,11.0,23,18,16.0,17.0,12,12,11.0,11.0,14,15,13.0,14.0,18.0,26.0,9.0,11.0,10.0,9.0,13.0,16.0,14.0,14.0,17,15,20.0,21.0,8.0,9.0,11.0,12.0,6.0,9.0,8,9.0,17.0,17.0
NA18994,EAS,JPT,11.0,11,15.0,16.0,10.0,11.0,22,26,16.0,16.0,12,12,11.0,12.0,14,15,13.0,15.0,18.0,18.0,8.0,9.0,9.0,11.0,18.0,15.0,14.0,15.2,17,15,22.0,25.0,12.0,12.0,11.0,15.0,6.0,9.0,8,11.0,18.0,19.0
NA18995,EAS,JPT,10.0,10,15.0,17.3,10.0,14.0,19,22,15.0,16.0,12,13,11.0,12.0,13,16,13.0,14.0,17.0,21.0,12.0,13.0,11.0,11.0,16.0,19.0,13.0,15.2,15,16,21.0,24.0,13.0,9.0,11.0,12.0,8.0,9.0,8,8.0,17.0,18.0
NA18997,EAS,JPT,11.0,12,17.0,12.0,11.0,14.0,23,18,15.0,16.0,13,9,11.0,8.0,13,14,13.0,14.0,20.0,21.0,8.0,9.0,11.0,12.0,12.0,14.0,14.0,13.0,15,15,22.0,25.0,11.0,11.0,10.0,11.0,6.0,6.0,8,8.0,17.0,17.0
NA18998,EAS,JPT,10.0,12,15.0,16.0,10.0,10.0,17,24,17.0,17.0,12,11,9.0,8.0,13,15,13.3,14.0,22.0,24.0,8.0,11.0,13.0,10.0,13.0,17.0,13.0,13.0,15,16,18.0,24.0,10.0,11.0,12.0,12.0,7.0,9.0,11,11.0,18.0,19.0
NA18999,EAS,JPT,9.0,12,13.0,16.0,12.0,11.3,16,18,15.0,16.0,12,11,8.0,11.0,12,15,12.0,14.0,17.0,17.0,10.0,12.0,11.0,9.0,14.0,15.0,14.0,14.2,17,11,22.0,23.0,10.0,10.0,12.0,12.0,7.0,6.0,8,11.0,14.0,14.0
NA19000,EAS,JPT,10.0,10,17.0,16.0,12.0,14.0,17,18,16.0,17.0,12,11,12.0,12.0,11,16,14.0,15.0,20.0,21.0,10.0,12.0,11.0,9.0,14.0,16.0,14.0,16.2,15,16,22.0,23.0,14.0,10.0,11.0,12.0,6.0,9.0,11,11.0,17.0,17.0
NA19001,EAS,JPT,12.0,15,15.0,17.3,9.2,11.0,20,24,15.0,16.0,12,11,11.0,8.0,13,15,13.0,14.0,17.0,18.0,9.0,9.0,12.0,9.0,13.0,15.0,13.0,13.0,11,15,22.0,24.0,9.0,11.0,5.0,5.0,7.0,9.0,8,11.0,14.0,17.0
NA19002,EAS,JPT,13.0,10,12.0,16.0,12.0,12.0,23,18,16.0,16.0,9,11,8.0,8.0,13,13,12.0,14.0,19.0,21.0,12.0,12.0,13.0,9.0,18.0,16.0,14.0,13.0,11,15,22.0,23.0,9.0,11.0,11.0,12.0,6.0,9.0,8,8.0,17.0,17.0
NA19003,EAS,JPT,10.0,12,14.0,16.0,12.0,11.3,23,27,15.0,17.0,13,11,12.0,8.0,10,14,12.0,15.0,18.0,19.0,10.0,12.0,9.0,9.0,13.0,16.0,14.0,15.2,11,16,22.0,19.0,9.0,10.0,12.0,12.0,6.0,6.0,11,11.0,14.0,16.0
NA19004,EAS,JPT,10.0,12,15.0,15.0,12.0,11.0,19,22,18.0,18.0,12,12,11.0,12.0,10,15,12.0,15.0,18.0,19.0,8.0,9.0,12.0,9.0,15.0,16.0,14.0,13.2,11,15,22.0,23.0,9.0,11.0,12.0,14.0,7.0,6.0,8,8.0,18.0,18.0
NA19005,EAS,JPT,12.0,12,16.0,16.0,10.0,11.0,23,24,15.0,16.0,12,11,10.0,11.0,12,14,13.0,13.0,19.0,20.0,11.0,8.0,10.0,11.0,18.0,14.0,14.0,14.2,11,15,25.0,26.0,10.0,12.0,11.0,14.0,7.0,6.0,8,11.0,18.0,18.0
NA19006,EAS,JPT,11.0,11,15.0,18.3,10.0,14.0,17,17,17.0,18.0,13,11,12.0,10.0,13,16,13.0,13.0,18.0,23.0,8.0,12.0,11.0,9.0,14.0,15.0,13.2,15.2,16,18,22.0,23.0,13.0,10.0,11.0,12.0,7.0,10.0,8,11.0,16.0,18.0
NA19007,EAS,JPT,13.0,7,12.0,15.0,11.0,11.0,23,21,15.0,15.0,11,11,10.0,12.0,13,13,13.0,12.0,18.0,19.0,11.0,11.0,12.0,13.0,13.0,16.0,14.0,14.0,11,11,21.0,23.0,10.0,10.0,12.0,12.0,9.0,9.0,8,11.0,17.0,17.0
NA19009,EAS,JPT,13.0,12,15.0,16.0,11.0,11.0,19,24,15.0,16.0,12,12,12.0,12.0,13,16,13.0,13.0,19.0,21.0,11.0,12.0,10.0,9.0,13.0,16.0,14.0,16.2,17,15,21.0,23.0,10.0,12.0,12.0,12.0,6.0,9.0,8,11.0,14.0,17.0
NA19010,EAS,JPT,10.0,11,17.0,17.3,10.0,13.0,19,25,15.0,15.0,10,11,10.0,12.0,15,16,14.0,15.0,20.0,22.0,8.0,9.0,11.0,9.0,14.0,17.0,14.0,14.0,17,11,23.0,25.0,9.0,11.0,5.0,12.0,8.0,9.0,8,11.0,14.0,16.0
NA19011,EAS,JPT,11.0,12,15.0,15.0,12.0,10.0,18,19,15.0,17.0,11,11,10.0,8.0,13,14,14.0,16.0,20.0,20.0,10.0,12.0,13.0,9.0,15.0,20.0,14.0,14.0,11,11,24.0,24.0,13.0,10.0,10.0,10.0,6.0,9.0,8,11.0,18.0,19.0
NA19012,EAS,JPT,11.0,11,14.0,16.0,12.0,11.0,19,20,16.0,18.0,8,11,10.0,11.0,15,15,14.0,14.0,18.0,21.0,11.0,12.0,11.0,9.0,13.0,14.0,14.0,14.2,15,16,23.0,25.0,9.0,10.0,11.0,11.0,7.0,6.0,8,9.0,14.0,16.0
NA19054,EAS,JPT,10.0,10,11.0,17.3,12.0,10.0,23,22,16.0,17.0,13,11,11.0,8.0,10,14,13.0,16.0,17.0,18.0,8.0,11.0,11.0,9.0,18.0,13.0,14.0,13.0,16,16,20.0,23.0,9.0,9.0,12.0,12.0,6.0,8.0,8,12.0,17.0,19.0
NA19055,EAS,JPT,13.0,10,14.0,18.3,10.0,10.0,17,18,16.0,17.0,13,11,12.0,9.0,11,12,13.0,15.0,17.0,19.0,8.0,11.0,10.0,10.0,13.0,15.0,14.0,13.0,11,15,22.0,19.0,8.0,10.0,11.0,11.0,6.0,9.0,8,11.0,17.0,18.0
NA19056,EAS,JPT,12.0,12,15.0,16.0,10.0,11.0,23,19,15.0,16.0,12,13,11.0,8.0,13,13,13.0,15.0,18.0,20.0,10.0,12.0,13.0,9.0,14.0,16.0,14.0,14.0,11,16,20.0,21.0,9.0,11.0,11.0,11.0,7.0,9.0,9,11.0,18.0,19.0
NA19057,EAS,JPT,9.0,10,16.0,18.0,11.0,11.0,24,24,15.0,16.0,13,10,8.0,12.0,10,15,13.0,13.0,20.0,23.0,10.0,10.0,9.0,12.0,18.0,13.0,13.0,15.2,16,18,19.0,24.0,11.0,12.0,11.0,12.0,6.0,9.0,9,11.0,16.0,16.0
NA19058,EAS,JPT,13.0,11,16.0,18.3,10.0,11.0,19,24,15.0,17.0,12,9,10.0,11.0,10,16,12.0,15.0,18.0,18.0,8.0,12.0,12.0,9.0,11.0,16.0,14.0,15.2,17,15,21.0,24.0,9.0,9.0,10.0,10.0,6.0,9.0,9,11.0,18.0,14.0
NA19059,EAS,JPT,10.0,11,15.0,16.0,11.0,11.0,19,20,15.0,17.0,13,13,10.0,12.0,14,14,12.0,16.0,19.0,22.0,12.0,13.0,11.0,13.0,12.0,16.0,14.0,15.2,15,15,24.0,26.0,13.0,9.0,11.0,14.0,7.0,7.0,8,12.0,14.0,17.0
NA19060,EAS,JPT,13.0,10,15.0,16.0,11.0,11.0,17,26,15.0,17.0,13,9,11.0,12.0,12,15,14.0,15.0,20.0,20.0,11.0,12.0,9.0,9.0,13.0,16.0,14.0,13.0,11,16,20.0,23.0,10.0,10.0,11.0,12.0,7.0,9.0,8,8.0,18.0,20.0
NA19062,EAS,JPT,12.0,12,15.0,16.0,10.0,13.0,23,18,16.0,16.0,13,12,10.0,11.0,13,16,13.0,13.0,18.0,20.0,8.0,12.0,12.0,10.0,12.0,12.0,14.0,13.0,15,15,22.0,23.0,9.0,9.0,6.0,6.0,9.0,9.0,8,12.0,16.0,18.0
NA19063,EAS,JPT,10.0,12,13.0,15.0,10.0,11.0,23,24,15.0,18.0,12,9,11.0,12.0,13,15,13.0,14.0,18.0,20.0,9.0,12.0,12.0,12.0,13.0,14.0,14.0,14.0,11,15,22.0,24.0,13.0,15.0,8.0,8.0,9.0,9.0,9,11.0,17.0,17.0
NA19064,EAS,JPT,12.0,12,12.0,16.0,9.2,11.0,19,20,15.0,18.0,10,10,12.0,8.0,10,11,13.0,14.0,21.0,21.0,9.0,12.0,11.0,9.0,14.0,22.0,14.0,13.0,11,15,22.0,22.0,10.0,10.0,12.0,12.0,7.0,7.0,8,11.0,14.0,18.0
NA19065,EAS,JPT,13.0,10,14.0,16.0,14.0,14.0,23,18,16.0,17.0,10,11,11.0,12.0,10,13,13.0,14.0,18.0,18.0,9.0,12.0,11.0,10.0,13.0,14.0,14.0,14.0,11,16,22.0,23.0,9.0,10.0,5.0,5.0,9.0,9.0,8,11.0,16.0,18.0
NA19066,EAS,JPT,10.0,11,16.0,17.3,11.0,11.0,24,25,15.0,16.0,12,12,11.0,12.0,12,15,13.0,13.0,17.0,18.0,8.0,12.0,14.0,9.0,12.0,17.0,13.0,15.2,15,16,21.0,24.0,13.0,12.0,11.0,12.0,7.0,7.0,8,8.0,14.0,18.0
NA19067,EAS,JPT,9.0,12,16.0,18.3,12.0,13.0,20,24,15.0,15.0,10,10,12.0,11.0,14,14,13.0,16.0,18.0,19.0,11.0,8.0,9.0,9.0,13.0,14.0,14.0,15.2,15,16,22.0,24.0,13.0,10.0,5.0,12.0,7.0,7.0,8,12.0,14.0,15.0
NA19068,EAS,JPT,9.0,10,17.0,17.0,10.0,11.0,17,19,16.0,17.0,10,11,11.0,12.0,12,13,13.0,14.0,18.0,23.0,10.0,12.0,11.0,9.0,13.0,15.0,13.0,15.0,18,19,20.0,23.0,13.0,12.0,5.0,11.0,9.0,9.0,8,8.0,17.0,17.0
NA19070,EAS,JPT,10.0,10,15.0,16.0,11.0,11.0,19,22,15.0,15.0,10,11,11.0,11.0,14,15,12.0,16.0,18.0,19.0,8.0,9.0,11.0,10.0,13.0,16.0,14.0,14.2,11,11,24.0,26.0,9.0,10.0,15.0,15.0,6.0,6.0,8,8.0,14.0,18.0
NA19072,EAS,JPT,11.0,12,16.0,16.3,12.0,13.0,23,18,14.0,15.0,13,11,13.0,9.0,10,12,13.0,15.0,18.0,25.0,8.0,11.0,11.0,9.0,13.0,19.0,13.0,13.2,17,16,21.0,25.0,9.0,9.0,11.0,12.0,7.0,9.0,11,11.0,18.0,18.0
NA19074,EAS,JPT,13.0,11,13.0,14.0,12.0,10.0,22,24,16.0,17.0,12,10,11.0,12.0,14,15,12.0,14.0,19.0,19.0,9.0,11.0,9.0,9.0,14.0,16.0,14.0,15.2,14,15,19.0,27.0,10.0,11.0,11.0,11.0,7.0,9.0,8,8.0,14.0,17.0
NA19075,EAS,JPT,12.0,12,14.0,15.0,10.0,14.0,20,25,17.0,17.0,12,10,11.0,11.0,12,13,15.0,17.0,18.0,18.0,11.0,12.0,11.0,11.0,15.0,16.0,13.0,14.2,11,11,23.0,23.0,9.0,9.0,11.0,15.0,7.0,6.0,9,10.0,18.0,19.0
NA19076,EAS,JPT,11.0,12,14.0,15.0,12.0,12.0,17,24,15.0,17.0,12,12,11.0,10.0,12,12,14.0,15.0,18.0,19.0,11.0,11.0,13.0,9.0,15.0,17.0,13.0,16.0,17,11,22.0,23.0,9.0,11.0,11.0,11.0,7.0,9.0,8,11.0,14.0,18.0
NA19077,EAS,JPT,10.0,11,15.0,17.3,10.0,14.0,20,20,16.0,17.0,10,11,12.0,9.0,13,13,13.0,15.0,19.0,18.0,8.0,12.0,11.0,12.0,16.0,21.0,14.0,13.2,15,16,22.0,22.0,9.0,10.0,9.0,9.0,7.0,8.0,9,11.0,17.0,17.0
NA19078,EAS,JPT,10.0,11,12.0,18.3,12.0,12.0,20,24,15.0,16.0,10,10,12.0,9.0,10,17,13.0,14.0,18.0,22.0,8.0,14.0,11.0,11.0,14.0,15.0,14.0,14.2,17,16,22.0,23.0,9.0,10.0,11.0,12.0,6.0,9.0,8,11.0,16.0,19.0
NA19079,EAS,JPT,10.0,12,13.0,19.3,10.0,11.0,23,23,16.0,17.0,11,11,9.2,11.0,14,15,14.0,15.0,18.0,21.0,8.0,11.0,11.0,10.0,14.0,14.0,14.0,14.2,15,16,22.0,18.0,13.0,9.0,11.0,12.0,9.0,9.0,11,11.0,14.0,17.0
NA19080,EAS,JPT,11.0,11,16.0,16.0,12.0,10.0,23,18,15.0,15.0,12,11,10.0,11.0,11,15,14.0,16.0,19.0,20.0,9.0,12.0,13.0,11.0,18.0,16.0,14.0,13.0,11,15,22.0,20.0,7.0,11.0,11.0,11.0,6.0,9.0,11,11.0,17.0,18.0
NA19081,EAS,JPT,9.0,12,15.0,18.0,10.0,11.0,17,26,15.0,16.0,12,9,11.0,10.0,13,17,13.0,15.0,18.0,18.0,8.0,10.0,9.0,9.0,14.0,14.0,14.0,15.0,17,15,20.0,23.0,9.0,9.0,11.0,13.0,9.0,9.0,11,11.0,16.0,18.0
NA19082,EAS,JPT,7.0,11,16.0,16.0,12.0,10.0,17,18,15.0,15.0,12,11,12.0,8.0,11,14,14.0,14.0,22.0,22.0,12.0,13.0,11.0,9.0,12.0,16.0,13.0,14.2,15,15,24.0,24.0,10.0,12.0,12.0,12.0,6.0,9.0,8,8.0,18.0,18.0
NA19083,EAS,JPT,12.0,12,15.0,15.0,12.0,10.0,20,20,15.0,16.0,11,10,10.0,12.0,10,12,12.0,14.0,17.0,17.0,8.0,12.0,12.0,9.0,16.0,20.0,15.0,15.0,15,15,23.0,25.0,13.0,13.0,5.0,5.0,9.0,9.0,8,11.0,16.0,18.0
NA19084,EAS,JPT,11.0,12,11.0,13.0,12.0,11.0,23,17,15.0,18.0,12,10,10.0,11.0,12,14,14.0,15.0,19.0,21.0,8.0,13.0,12.0,7.0,14.0,15.0,13.0,13.2,11,15,22.0,26.0,9.0,10.0,5.0,11.0,7.0,6.0,8,11.0,17.0,18.0
NA19085,EAS,JPT,10.0,11,11.0,16.0,12.0,10.0,23,18,15.0,17.0,12,11,11.0,11.0,11,14,12.0,14.0,18.0,19.0,12.0,12.0,9.0,9.0,13.0,14.0,14.0,15.2,17,15,20.0,20.0,10.0,12.0,5.0,13.0,7.0,8.0,8,11.0,17.0,18.0
NA19086,EAS,JPT,7.0,11,13.0,16.0,11.0,11.0,19,19,15.0,17.0,10,10,11.0,10.0,13,11,13.0,15.0,19.0,21.0,8.0,12.0,9.0,9.0,13.0,14.0,14.0,13.0,17,15,22.0,20.0,9.0,9.0,11.0,11.0,7.0,9.0,8,11.0,14.0,18.0
NA19087,EAS,JPT,13.0,11,12.0,18.3,12.0,11.0,23,19,16.0,16.0,10,9,11.0,12.0,10,12,13.0,15.0,15.0,19.0,11.0,8.0,12.0,10.0,13.0,16.0,13.0,14.2,15,15,19.0,23.0,9.0,10.0,14.0,14.0,8.0,9.0,8,11.0,17.0,19.0
NA19088,EAS,JPT,10.0,11,17.0,15.0,11.0,14.0,18,24,16.0,17.0,12,10,10.0,8.0,13,11,15.0,15.0,19.0,20.0,11.0,12.0,11.0,12.0,14.0,14.0,14.0,14.0,17,18,23.0,23.0,10.0,11.0,11.0,11.0,7.0,7.0,8,11.0,14.0,14.0
NA19089,EAS,JPT,10.0,11,15.0,18.3,10.0,13.0,24,25,15.0,16.0,13,13,11.0,8.0,11,14,13.0,15.0,18.0,19.0,11.0,11.0,10.0,11.0,18.0,17.0,13.0,15.2,15,16,24.0,24.0,9.0,10.0,11.0,12.0,7.0,6.0,8,9.0,14.0,18.0
NA19090,EAS,JPT,12.0,12,12.0,17.3,11.0,11.0,19,26,16.0,16.0,12,11,11.0,12.0,13,14,13.0,14.0,20.0,21.0,11.0,11.0,10.0,9.0,18.0,13.0,13.0,15.2,17,15,24.0,25.0,9.0,11.0,12.0,12.0,9.0,9.0,8,8.0,14.0,16.0
NA19091,EAS,JPT,12.0,12,15.0,16.0,12.0,10.0,20,22,15.0,16.0,11,10,13.0,11.0,11,13,13.0,13.0,19.0,24.0,12.0,12.0,13.0,9.0,13.0,14.0,13.0,13.0,15,15,22.0,22.0,9.0,9.0,11.0,12.0,6.0,9.0,8,11.0,16.0,17.0
HG01595,EAS,KHV,10.0,11,15.0,16.0,12.0,10.0,18,24,15.0,17.0,11,11,10.0,11.0,10,14,13.0,13.0,19.0,23.0,11.0,11.0,10.0,9.0,12.0,15.0,13.0,14.2,11,15,21.0,24.0,13.0,9.0,12.0,12.0,7.0,6.0,8,11.0,18.0,19.0
HG01596,EAS,KHV,10.0,12,15.0,16.0,10.0,14.0,18,19,14.0,18.0,10,9,11.0,12.0,14,15,14.0,14.0,17.0,23.0,8.0,8.0,10.0,11.0,15.0,21.0,13.0,16.0,17,15,22.0,21.0,9.0,9.0,10.0,10.0,6.0,9.0,8,11.0,17.0,19.0
HG01597,EAS,KHV,11.0,12,13.0,16.0,11.0,11.0,23,19,15.0,16.0,10,11,13.0,12.0,11,14,13.0,16.0,19.0,19.0,8.0,11.0,11.0,12.0,14.0,15.0,14.0,13.0,17,16,25.0,25.0,13.0,9.0,14.0,14.0,7.0,9.0,8,9.0,18.0,20.0
HG01598,EAS,KHV,12.0,12,15.0,17.3,11.0,14.0,18,21,15.0,16.0,9,11,10.2,11.0,10,13,15.0,15.0,17.0,18.0,8.0,14.0,10.0,11.0,18.0,14.0,14.2,15.2,17,11,25.0,25.0,9.0,10.0,11.0,15.0,6.0,9.0,8,8.0,14.0,18.0
HG01599,EAS,KHV,10.0,11,17.0,17.3,12.0,11.0,23,17,16.0,16.0,10,11,10.0,14.0,13,14,13.0,15.0,19.0,22.0,10.0,11.0,11.0,13.0,15.0,15.0,14.2,15.0,17,15,22.0,21.0,9.0,9.0,11.0,11.0,9.0,9.0,8,8.0,18.0,19.0
HG01600,EAS,KHV,10.0,12,15.0,15.0,10.0,10.0,20,21,15.0,18.0,9,11,9.2,8.0,15,15,13.0,16.0,18.0,23.0,8.0,8.0,13.0,9.0,13.0,16.0,14.0,13.0,16,16,19.0,23.0,9.0,9.0,11.0,11.0,7.0,7.0,11,11.0,17.0,18.0
HG01840,EAS,KHV,12.0,12,15.0,15.0,11.0,11.0,18,25,15.0,16.0,12,10,10.0,8.0,13,10,13.0,13.0,20.0,22.0,11.0,12.0,13.0,9.0,14.0,16.0,13.0,14.2,17,15,24.0,24.0,13.0,9.0,13.0,13.0,9.0,9.0,8,11.0,17.0,17.0
HG01841,EAS,KHV,11.0,11,16.0,16.0,10.0,14.0,17,25,16.0,17.0,11,11,8.0,11.0,13,15,14.0,16.0,17.0,18.0,10.0,11.0,12.0,12.0,15.0,16.0,13.0,13.0,15,16,21.0,26.0,9.0,11.0,10.0,11.0,7.0,9.0,11,11.0,16.0,18.0
HG01842,EAS,KHV,10.0,10,15.0,17.3,12.0,10.0,23,16,17.0,18.0,14,12,11.0,12.0,12,12,15.0,15.0,18.0,18.0,9.0,12.0,13.0,9.0,12.0,13.0,14.0,13.0,15,18,19.0,21.0,12.0,14.0,11.0,11.0,9.0,9.0,8,11.0,16.0,18.0
HG01843,EAS,KHV,9.0,12,15.0,16.0,12.0,11.0,19,24,16.0,17.0,12,10,12.0,12.0,8,15,14.0,15.0,18.0,18.0,8.0,10.0,11.0,11.0,13.0,15.0,13.0,14.2,15,16,22.0,23.0,9.0,9.0,12.0,14.0,7.0,7.0,8,11.0,14.0,17.0
HG01844,EAS,KHV,10.0,12,17.0,12.0,11.0,11.0,23,18,17.0,17.0,13,10,11.0,8.0,13,16,13.0,16.0,19.0,21.0,8.0,11.0,11.0,9.0,15.0,15.0,14.0,15.2,11,15,23.0,24.0,9.0,11.0,11.0,15.0,9.0,9.3,8,11.0,18.0,18.0
HG01845,EAS,KHV,10.0,12,11.0,15.0,10.0,11.0,18,24,16.0,17.0,13,11,12.0,12.0,13,15,12.0,14.0,20.0,21.0,10.0,12.0,12.0,9.0,13.0,15.0,14.0,14.0,17,16,23.0,24.0,9.0,10.0,12.0,12.0,9.0,9.3,8,8.0,17.0,17.0
HG01846,EAS,KHV,11.0,12,14.0,15.0,10.0,10.0,17,17,17.0,17.0,10,10,11.0,11.0,10,16,12.0,15.0,19.0,20.0,8.0,8.0,12.0,12.0,14.0,15.0,12.0,14.2,16,16,21.0,26.0,9.0,11.0,11.0,11.0,8.0,10.0,8,8.0,14.0,17.0
HG01847,EAS,KHV,7.0,12,12.0,12.0,12.0,11.0,18,18,14.0,17.0,10,10,10.0,11.0,13,13,13.0,14.0,19.0,20.0,8.0,10.0,12.0,9.0,15.0,15.0,14.0,15.2,17,11,21.0,24.0,10.0,11.0,10.0,14.0,9.0,9.3,8,8.0,17.0,18.0
HG01848,EAS,KHV,10.0,11,12.0,12.0,11.0,11.3,23,21,15.0,17.0,12,7,10.0,11.0,13,15,15.0,16.0,19.0,22.0,8.0,8.0,11.0,12.0,13.0,15.0,14.0,13.0,17,16,18.0,24.2,11.0,11.0,12.0,14.0,7.0,7.0,8,11.0,14.0,19.0
HG01849,EAS,KHV,11.0,12,11.0,15.0,10.0,14.0,23,24,15.0,18.0,14,7,10.0,11.0,12,16,12.0,15.0,19.0,21.0,10.0,11.0,12.0,10.0,14.0,15.0,11.0,16.2,15,16,21.0,23.0,15.0,16.0,5.0,5.0,7.0,7.0,8,8.0,14.0,18.0
HG01850,EAS,KHV,10.0,12,17.0,17.3,14.0,14.0,19,19,15.0,16.0,10,10,10.0,8.0,10,14,13.0,15.0,19.0,21.0,12.0,14.0,11.0,13.0,13.0,14.0,14.2,15.2,17,16,21.0,24.2,11.0,11.0,11.0,11.0,6.0,9.0,9,11.0,14.0,17.0
HG01851,EAS,KHV,12.0,12,16.0,18.0,12.0,12.0,23,24,16.0,17.0,9,7,10.0,11.0,10,12,12.0,15.0,19.0,20.0,8.0,9.0,12.0,12.0,13.0,16.0,13.0,14.2,17,15,22.0,25.0,9.0,10.0,14.0,14.0,9.0,9.0,8,11.0,14.0,17.0
HG01852,EAS,KHV,10.0,12,17.0,19.3,10.0,11.0,19,19,15.0,16.0,10,11,12.0,8.0,11,14,13.0,13.0,20.0,20.0,8.0,9.0,12.0,9.0,13.0,16.0,13.0,15.2,17,15,22.0,19.0,9.0,11.0,11.0,11.0,9.0,10.0,8,8.0,14.0,20.0
HG01853,EAS,KHV,11.0,12,15.0,15.0,12.0,10.0,19,19,14.0,15.0,10,10,11.0,11.0,11,16,14.0,14.0,19.0,21.0,8.0,11.0,11.0,12.0,14.0,15.0,14.0,15.2,11,14,23.0,24.0,8.0,9.0,7.0,12.0,7.0,6.0,8,9.0,17.0,18.0
HG01855,EAS,KHV,11.0,12,15.0,15.0,11.0,11.0,22,17,16.0,15.0,14,10,11.0,9.0,10,14,13.0,14.0,19.0,25.0,8.0,8.0,9.0,12.0,13.0,15.0,13.0,13.2,17,15,22.0,24.0,13.0,10.0,13.0,13.0,7.0,9.0,8,11.0,14.0,18.0
HG01857,EAS,KHV,10.0,12,15.0,16.0,12.0,11.0,17,17,15.0,17.0,10,11,10.0,11.0,13,11,15.0,15.0,18.0,19.0,8.0,12.0,12.0,9.0,12.0,15.0,14.0,14.2,15,15,22.0,25.0,13.0,9.0,11.0,11.0,7.0,6.0,8,8.0,14.0,17.0
HG01858,EAS,KHV,11.0,12,12.0,16.0,11.0,14.0,18,25,18.0,18.0,13,7,13.0,10.0,10,16,14.0,14.0,18.0,18.0,8.0,10.0,11.0,11.0,13.0,15.0,13.0,14.2,15,15,22.0,24.0,9.0,14.0,11.0,11.0,7.0,9.0,8,8.0,14.0,19.0
HG01859,EAS,KHV,13.0,12,17.3,17.3,12.0,11.0,20,24,15.0,16.0,13,10,10.0,8.0,13,14,15.0,15.0,20.0,20.0,8.0,10.0,14.0,9.0,17.0,22.0,13.0,14.2,15,16,21.2,22.2,9.0,12.0,12.0,12.0,6.0,9.0,11,11.0,17.0,18.0
HG01860,EAS,KHV,11.0,12,15.0,17.3,11.3,14.0,17,17,15.0,16.0,12,9,12.0,8.0,11,16,13.0,15.0,18.0,20.0,10.0,13.0,11.0,12.0,15.0,19.0,14.0,15.2,11,16,23.0,24.0,9.0,9.0,15.0,15.0,7.0,7.0,8,9.0,17.0,18.0
HG01861,EAS,KHV,13.0,12,15.0,17.3,9.2,11.0,18,19,15.0,17.0,12,11,12.0,10.0,14,16,13.0,13.0,19.0,21.0,9.0,11.0,12.0,13.0,18.0,17.0,15.2,15.2,11,15,21.0,26.0,8.0,9.0,12.0,12.0,7.0,9.0,8,10.0,18.0,19.0
HG01862,EAS,KHV,11.0,12,17.0,15.0,10.0,11.0,17,22,15.0,17.0,13,11,10.0,8.0,13,10,13.0,14.0,18.0,22.0,9.0,11.0,11.0,9.0,14.0,14.0,14.0,13.0,15,16,19.0,24.0,10.0,11.0,12.0,12.0,7.0,6.0,8,8.0,14.0,18.0
HG01863,EAS,KHV,11.0,12,15.0,15.0,12.0,11.0,23,18,16.0,17.0,7,11,11.0,12.0,10,13,13.0,15.0,20.0,21.0,9.0,12.0,11.0,9.0,12.0,15.0,14.2,15.2,15,16,25.0,25.0,9.0,10.0,11.0,14.0,9.0,9.3,8,11.0,14.0,18.0
HG01864,EAS,KHV,9.0,10,15.0,16.0,14.0,14.0,24,24,14.0,17.0,10,10,11.0,8.0,13,16,13.0,16.0,18.0,23.0,8.0,11.0,14.0,9.0,15.0,16.0,14.0,14.2,15,16,21.0,26.2,9.0,9.0,11.0,15.0,9.0,10.0,11,11.0,18.0,18.0
HG01865,EAS,KHV,10.0,14,15.0,17.3,11.0,11.3,17,19,15.0,17.0,12,12,13.0,10.0,15,15,13.0,13.0,19.0,20.0,8.0,9.0,12.0,9.0,14.0,16.0,14.2,15.2,11,15,22.0,19.0,13.0,9.0,11.0,11.0,9.0,9.0,8,8.0,14.0,19.0
HG01866,EAS,KHV,13.0,14,16.0,17.3,10.0,14.0,17,18,17.0,18.0,12,7,10.0,8.0,13,14,13.0,15.0,18.0,18.0,10.0,12.0,9.0,9.0,15.0,16.0,14.0,13.0,11,16,22.0,21.0,13.0,10.0,11.0,11.0,7.0,9.0,8,8.0,14.0,18.0
HG01867,EAS,KHV,12.0,12,13.0,15.0,10.0,10.0,19,24,16.0,16.0,13,12,10.0,8.0,14,14,13.0,13.0,17.0,18.0,8.0,10.0,12.0,11.0,15.0,15.0,14.0,12.0,17,15,22.0,26.2,9.0,10.0,11.0,11.0,7.0,9.0,9,11.0,17.0,17.0
HG01868,EAS,KHV,12.0,12,15.0,17.3,12.0,11.0,23,17,16.0,17.0,11,11,9.0,8.0,13,16,15.0,16.0,19.0,18.0,8.0,12.0,9.0,11.0,13.0,19.0,14.0,15.2,15,16,22.0,22.0,9.0,11.0,11.0,11.0,8.0,9.0,8,10.0,17.0,17.0
HG01869,EAS,KHV,12.0,12,17.0,11.0,10.0,10.0,17,20,15.0,16.0,11,9,11.0,8.0,14,15,13.0,15.0,19.0,20.0,9.0,10.0,11.0,12.0,14.0,14.0,14.0,15.2,17,11,21.0,25.0,9.0,9.0,11.0,14.0,7.0,9.0,11,11.0,14.0,17.0
HG01870,EAS,KHV,10.0,11,16.0,17.3,10.0,11.0,16,20,15.0,15.0,12,11,11.0,11.0,12,16,14.0,15.0,19.0,20.0,8.0,10.0,12.0,9.0,13.0,16.0,14.0,14.0,15,16,22.0,24.0,10.0,11.4,11.0,11.0,6.0,9.0,8,11.0,16.0,16.0
HG01871,EAS,KHV,10.0,11,15.0,16.0,11.0,11.3,18,19,15.0,18.0,12,10,11.0,12.0,10,12,14.0,14.0,18.0,21.0,9.0,11.0,12.0,9.0,12.0,20.0,13.0,15.0,17,16,21.0,25.2,13.0,10.0,10.0,12.0,7.0,10.0,8,8.0,18.0,19.0
HG01872,EAS,KHV,10.0,11,17.0,16.0,10.0,11.0,23,17,16.0,16.0,12,10,9.0,11.0,15,17,13.0,16.0,19.0,25.0,8.0,10.0,10.0,9.0,15.0,16.0,14.0,13.0,11,14,19.0,21.0,8.0,10.0,11.0,11.0,9.3,10.0,8,8.0,14.0,17.0
HG01873,EAS,KHV,9.0,12,11.0,15.0,10.0,14.0,19,24,15.0,15.0,10,11,10.0,11.0,13,16,15.0,17.0,18.0,21.0,8.0,10.0,9.0,11.0,15.0,17.0,12.0,15.0,12,15,22.0,23.0,11.0,11.0,11.0,11.0,7.0,9.0,8,11.0,16.0,17.0
HG01874,EAS,KHV,11.0,11,15.0,16.0,10.0,11.3,23,20,15.0,16.0,13,11,11.0,8.0,10,14,13.0,13.0,18.0,19.0,8.0,11.0,11.0,10.0,13.0,15.0,14.0,14.2,17,12,24.0,24.0,8.0,9.0,11.0,11.0,7.0,10.0,8,11.0,14.0,20.0
HG01878,EAS,KHV,10.0,12,12.0,13.0,10.0,13.0,18,19,15.0,16.0,10,11,12.0,8.0,12,15,13.0,15.0,20.0,20.0,10.0,12.0,13.0,11.0,13.0,17.0,14.0,15.0,14,15,18.0,21.0,8.0,9.0,14.0,14.0,9.3,10.0,11,11.0,14.0,14.0
HG02016,EAS,KHV,11.0,12,13.0,16.0,10.0,11.0,23,21,16.0,17.0,13,12,10.0,11.0,11,12,14.0,15.0,20.0,20.0,11.0,9.0,12.0,10.0,14.0,15.0,14.0,13.2,15,15,23.0,23.0,9.0,10.0,15.0,15.0,7.0,9.0,8,9.0,17.0,18.0
HG02017,EAS,KHV,11.0,12,14.0,16.0,10.0,11.0,20,23,14.0,15.0,10,10,12.0,9.0,13,11,13.0,13.0,18.0,20.0,10.0,11.0,9.0,9.0,12.0,17.0,14.0,15.2,11,16,19.0,20.0,11.0,11.0,14.0,14.0,7.0,7.0,8,8.0,14.0,16.0
HG02019,EAS,KHV,12.0,14,15.0,16.0,10.0,11.3,17,19,16.0,16.0,12,10,11.0,12.0,11,14,14.0,15.0,17.0,22.0,10.0,12.0,11.0,9.0,12.0,14.0,14.0,13.0,14,15,19.0,23.0,9.0,10.0,11.0,11.0,6.0,9.0,8,11.0,14.0,18.0
HG02020,EAS,KHV,10.0,12,16.0,16.0,12.0,15.0,23,24,16.0,17.0,12,12,11.0,9.0,14,15,13.0,15.0,20.0,23.0,11.0,12.0,9.0,9.0,16.0,17.0,14.0,14.2,17,15,21.0,21.2,9.0,9.0,11.0,11.0,7.0,9.0,8,8.0,17.0,18.0
HG02023,EAS,KHV,11.0,12,14.0,16.0,10.0,10.0,19,24,16.0,18.0,13,10,11.0,11.0,14,15,14.0,14.0,18.0,20.0,11.0,12.0,11.0,13.0,13.0,17.0,14.0,13.2,15,15,22.0,23.0,7.0,7.0,15.0,12.0,7.0,9.0,8,8.0,17.0,17.0
HG02025,EAS,KHV,11.0,12,16.0,17.3,11.0,15.0,25,26,17.0,17.0,12,10,11.0,12.0,12,13,13.0,15.0,19.0,20.0,8.0,8.0,13.0,13.0,12.0,15.0,14.0,15.2,15,16,19.0,24.0,13.0,10.0,11.0,11.0,7.0,9.0,11,12.0,18.0,18.0
HG02026,EAS,KHV,11.0,12,11.0,15.0,12.0,14.0,18,23,15.0,17.0,12,12,8.0,9.2,14,16,13.0,12.0,20.0,20.0,8.0,10.0,13.0,9.0,15.0,15.0,13.0,15.2,17,16,18.0,24.0,8.0,9.0,12.0,12.0,8.0,9.0,8,8.0,16.0,18.0
HG02028,EAS,KHV,11.0,12,15.0,15.0,10.0,11.3,23,23,16.0,17.0,13,11,13.0,11.0,13,14,13.0,12.0,19.0,22.0,8.0,12.0,11.0,11.0,17.0,22.0,14.0,13.2,16,16,20.0,27.0,9.0,11.0,11.0,14.0,7.0,9.0,8,9.0,17.0,17.0
HG02029,EAS,KHV,12.0,15,11.0,16.0,12.0,9.2,23,20,15.0,20.0,13,7,11.0,12.0,10,15,14.0,15.0,19.0,21.0,10.0,12.0,9.0,11.0,18.0,13.0,14.2,15.2,15,16,20.0,24.0,10.0,12.0,12.0,15.0,9.0,11.0,8,10.0,16.0,18.0
HG02031,EAS,KHV,10.0,10,17.0,16.0,11.0,14.0,19,23,16.0,17.0,13,10,10.0,11.0,10,15,13.0,16.0,16.0,22.0,10.0,11.0,12.0,12.0,12.0,15.0,14.0,13.0,17,15,22.0,22.0,8.0,10.0,12.0,12.0,6.0,8.0,8,8.0,16.0,17.0
HG02032,EAS,KHV,11.0,12,15.0,15.0,12.0,11.0,23,19,16.0,16.0,11,11,11.0,8.0,14,15,13.0,15.0,19.0,18.0,8.0,12.0,11.0,11.0,13.0,16.0,14.0,13.0,15,16,21.2,25.0,9.0,12.0,9.0,9.0,6.0,9.0,8,10.0,18.0,18.0
HG02035,EAS,KHV,11.0,11,14.0,16.0,11.0,11.3,17,23,15.0,16.0,7,11,10.0,11.0,14,14,12.0,15.0,19.0,20.0,11.0,13.0,11.0,11.0,14.0,17.0,14.0,13.0,17,16,23.0,26.0,11.0,12.0,5.0,12.0,8.0,9.0,8,11.0,16.0,18.0
HG02040,EAS,KHV,10.0,11,15.0,16.3,10.0,10.0,23,19,17.0,17.0,12,12,9.0,11.0,9,11,16.0,16.0,19.0,17.0,8.0,8.0,11.0,12.0,18.0,18.0,14.0,14.2,17,11,21.0,22.2,11.0,11.0,10.0,10.0,7.0,8.0,8,8.0,15.0,17.0
HG02047,EAS,KHV,11.0,11,15.0,16.0,12.0,12.0,18,19,16.0,17.0,9,11,10.0,10.2,13,10,13.0,16.0,18.0,19.0,8.0,8.0,11.0,11.0,14.0,16.0,13.0,15.2,17,16,20.0,24.2,9.0,11.0,11.0,11.0,9.0,9.3,8,8.0,14.0,18.0
HG02048,EAS,KHV,13.0,12,11.0,13.0,14.0,14.0,17,20,15.0,17.0,10,7,11.0,11.0,10,11,13.0,17.0,19.0,23.0,8.0,9.0,11.0,12.0,12.0,19.0,14.0,14.2,17,15,22.0,19.0,9.0,9.0,11.0,11.0,7.0,9.0,8,8.0,16.0,18.0
HG02049,EAS,KHV,11.0,12,13.0,18.0,11.0,11.0,19,24,15.0,16.0,13,10,12.0,9.0,13,13,13.0,12.0,19.0,21.0,8.0,11.0,12.0,9.0,13.0,15.0,13.2,15.2,17,17,22.0,24.0,8.0,9.0,13.0,13.0,6.0,8.0,8,8.0,16.0,18.0
HG02050,EAS,KHV,11.0,11,11.0,16.0,10.0,13.0,19,24,15.0,16.0,12,10,12.0,8.0,12,12,13.0,14.0,18.0,24.0,8.0,12.0,12.0,10.0,11.0,12.0,13.0,13.0,15,15,23.0,24.0,13.0,9.0,11.0,11.0,9.0,9.0,8,11.0,17.0,17.0
HG02057,EAS,KHV,11.0,12,15.0,16.0,11.3,11.3,21,24,15.0,17.0,10,11,12.0,9.0,11,15,14.0,16.0,19.0,18.0,9.0,11.0,12.0,10.0,15.0,17.0,14.2,16.2,11,15,22.0,19.0,8.0,9.0,5.0,13.0,7.0,9.0,8,11.0,14.0,18.0
HG02058,EAS,KHV,11.0,12,13.0,15.0,11.0,11.3,23,19,15.0,15.0,11,11,8.0,10.0,15,15,12.0,16.0,20.0,22.0,8.0,11.0,11.0,10.0,18.0,16.0,14.0,13.0,14,16,19.0,20.0,9.0,11.0,11.0,11.0,7.0,9.0,11,11.0,14.0,19.0
HG02060,EAS,KHV,10.0,10,11.0,12.0,12.0,14.0,19,24,16.0,16.0,13,12,10.0,8.0,13,11,13.0,14.0,19.0,23.0,11.0,12.0,12.0,9.0,15.0,20.0,12.0,13.0,17,11,21.0,24.0,8.0,9.0,11.0,11.0,7.0,7.0,8,11.0,16.0,18.0
HG02061,EAS,KHV,13.0,11,12.0,17.3,12.0,11.3,18,24,15.0,17.0,13,10,10.0,11.0,13,16,13.0,16.0,21.0,21.0,8.0,11.0,12.0,13.0,12.0,15.0,13.0,13.0,17,16,19.0,24.0,9.0,10.0,11.0,11.0,6.0,8.0,8,11.0,18.0,19.0
HG02064,EAS,KHV,9.0,12,9.0,11.0,10.0,10.0,19,24,17.0,17.0,13,9,12.0,12.0,10,13,13.0,15.0,19.0,21.0,10.0,11.0,12.0,9.0,14.0,16.0,14.0,12.0,15,16,21.0,25.0,11.0,11.0,11.0,11.0,9.0,9.3,8,8.0,14.0,15.0
HG02067,EAS,KHV,12.0,12,11.0,16.0,10.0,11.0,19,22,15.0,16.0,10,11,10.0,8.0,10,12,15.0,16.0,16.0,18.0,9.0,12.0,11.0,13.0,12.0,17.0,15.2,17.2,15,15,21.0,24.0,11.0,16.0,11.0,14.0,9.0,10.0,8,8.0,17.0,18.0
HG02069,EAS,KHV,10.0,11,17.0,11.0,11.0,14.0,20,20,15.0,18.0,11,11,12.0,8.0,11,11,13.0,15.0,19.0,21.0,11.0,12.0,12.0,9.0,12.0,21.0,14.2,15.0,15,15,21.0,24.0,8.0,11.0,5.0,11.0,7.0,9.0,8,11.0,18.0,18.0
HG02070,EAS,KHV,12.0,14,15.0,15.0,10.0,11.0,18,19,16.0,17.0,13,11,9.0,12.0,11,15,16.0,16.0,18.0,19.0,11.0,12.0,10.0,9.0,14.0,16.0,12.0,13.0,15,16,20.0,21.0,13.0,7.0,5.0,5.0,9.0,9.0,8,11.0,16.0,19.0
HG02072,EAS,KHV,12.0,12,10.0,15.0,12.0,11.0,20,22,16.0,17.0,12,10,11.0,11.0,13,13,13.0,12.0,17.0,20.0,8.0,8.0,12.0,12.0,15.0,22.0,13.0,13.0,17,16,22.0,20.0,9.0,11.0,11.0,13.0,9.0,10.0,8,11.0,16.0,17.0
HG02073,EAS,KHV,11.0,11,17.0,16.0,11.0,11.0,23,18,15.0,16.0,12,7,8.0,11.0,13,15,13.0,15.0,19.0,17.0,8.0,9.0,10.0,9.0,12.0,13.0,13.0,15.2,17,17,21.0,25.0,13.0,10.0,11.0,11.0,7.0,7.0,8,8.0,17.0,18.0
HG02075,EAS,KHV,12.0,12,13.0,15.0,12.0,13.0,23,25,15.0,15.0,13,13,11.0,12.0,15,15,16.0,17.0,19.0,18.0,10.0,11.0,12.0,13.0,15.0,19.0,15.0,15.2,15,15,21.0,21.0,13.0,9.0,9.0,9.0,8.0,9.0,8,9.0,17.0,18.0
HG02076,EAS,KHV,13.0,11,14.0,15.0,12.0,12.0,16,19,16.0,18.0,13,10,11.0,11.0,11,16,13.0,13.0,19.0,21.0,12.0,12.0,10.0,11.0,14.0,15.0,13.0,13.0,17,16,22.0,23.0,12.0,14.0,12.0,12.0,7.0,9.0,8,11.0,16.0,18.0
HG02078,EAS,KHV,9.0,11,10.0,13.0,12.0,14.0,23,20,17.0,18.0,13,10,11.0,12.0,11,15,13.0,15.0,18.0,19.0,8.0,12.0,9.0,11.0,13.0,14.0,13.0,13.0,16,16,26.0,26.0,13.0,10.0,12.0,13.0,7.0,9.0,8,11.0,18.0,19.0
HG02079,EAS,KHV,10.0,12,12.0,16.0,11.0,11.3,18,22,16.0,16.0,13,11,11.0,11.0,14,15,14.0,16.0,19.0,23.0,8.0,12.0,12.0,12.0,16.0,16.0,14.0,14.0,17,15,21.0,21.0,9.0,10.0,11.0,11.0,6.0,9.0,8,11.0,17.0,17.0
HG02081,EAS,KHV,10.0,12,15.0,16.0,12.0,11.3,19,26,16.0,17.0,14,9,12.0,12.0,15,15,13.0,13.0,20.0,20.0,8.0,10.0,13.0,10.0,13.0,15.0,14.0,14.0,15,16,22.0,25.0,9.0,12.0,11.0,11.0,7.0,9.0,8,8.0,15.0,18.0
HG02082,EAS,KHV,12.0,12,15.0,18.0,10.0,14.0,18,20,14.0,16.0,7,11,11.0,8.0,13,16,13.0,16.0,19.0,20.0,8.0,8.0,11.0,11.0,13.0,14.0,14.2,14.2,17,15,22.0,22.0,11.0,14.0,11.0,11.0,6.0,6.0,8,11.0,17.0,17.0
HG02084,EAS,KHV,11.0,12,14.0,16.0,11.3,14.0,17,24,15.0,17.0,12,12,10.0,11.0,11,16,14.0,15.0,20.0,21.0,8.0,11.0,12.0,9.0,18.0,18.0,14.0,15.2,11,15,19.0,21.0,7.0,12.0,11.0,11.0,7.0,9.0,8,11.0,16.0,19.0
HG02085,EAS,KHV,13.0,11,15.0,16.0,10.0,13.0,19,25,15.0,16.0,10,11,11.0,8.0,10,14,13.0,13.0,20.0,23.0,11.0,11.0,12.0,10.0,14.0,15.0,14.0,15.2,15,15,22.0,21.0,9.0,9.0,11.0,11.0,8.0,8.0,8,8.0,15.0,17.0
HG02086,EAS,KHV,10.0,11,11.0,15.0,14.0,14.0,19,21,17.0,17.0,11,11,10.0,8.0,13,13,14.0,14.0,19.0,22.0,8.0,10.0,11.0,10.0,14.0,15.0,13.0,13.0,11,15,23.0,23.0,7.0,9.0,11.0,12.0,9.0,9.0,8,8.0,14.0,18.0
HG02087,EAS,KHV,10.0,11,13.0,15.0,10.0,11.3,18,26,16.0,17.0,10,11,11.0,11.0,13,15,13.0,14.0,17.0,20.0,8.0,8.0,10.0,10.0,14.0,15.0,14.0,13.0,17,17,23.0,24.0,8.0,9.0,11.0,11.0,7.0,9.0,8,11.0,14.0,15.0
HG02088,EAS,KHV,11.0,11,16.0,17.3,10.0,11.3,19,20,15.0,17.0,13,10,11.0,11.0,11,14,13.0,13.0,19.0,20.0,9.0,13.0,12.0,14.0,15.0,16.0,13.0,15.2,15,15,19.0,20.0,13.0,12.0,11.0,11.0,7.0,9.0,8,10.0,14.0,14.0
HG02113,EAS,KHV,13.0,10,11.0,14.0,10.0,11.3,21,24,15.0,15.0,10,11,12.0,8.0,10,15,13.0,14.0,23.0,23.0,12.0,12.0,10.0,9.0,14.0,15.0,13.0,15.0,15,16,22.0,21.2,7.0,9.0,13.0,15.0,7.0,9.0,8,10.0,18.0,18.0
HG02116,EAS,KHV,12.0,12,15.0,16.0,12.0,10.0,23,20,17.0,17.0,12,11,13.0,11.0,11,13,15.0,15.0,18.0,19.0,8.0,9.0,9.0,9.0,18.0,13.0,14.0,16.2,17,11,18.0,21.0,9.0,11.0,11.0,11.0,7.0,9.0,8,11.0,17.0,17.0
HG02121,EAS,KHV,11.0,12,15.0,16.3,14.0,14.0,19,19,15.0,16.0,12,10,13.0,11.0,13,11,13.0,15.0,16.0,21.0,11.0,12.0,11.0,11.0,13.0,14.0,14.0,13.0,17,15,22.0,20.0,8.0,9.0,10.0,10.0,7.0,9.0,8,8.0,14.0,20.0
HG02122,EAS,KHV,11.0,12,15.0,16.0,10.0,11.3,17,18,16.0,18.0,12,11,11.0,9.0,14,15,12.0,17.0,20.0,22.0,11.0,12.0,11.0,9.0,12.0,16.0,13.0,13.0,16,16,23.0,24.2,9.0,10.0,11.0,11.0,7.0,9.3,8,11.0,14.0,18.0
HG02127,EAS,KHV,13.0,12,11.0,15.0,12.0,10.0,19,19,15.0,18.0,11,11,10.0,8.0,11,15,13.0,14.0,18.0,18.0,11.0,11.0,11.0,11.0,16.0,16.0,14.0,16.0,11,16,22.0,23.0,10.0,12.0,11.0,11.0,7.0,7.0,12,12.0,14.0,19.0
HG02128,EAS,KHV,9.0,10,16.0,16.0,11.0,15.0,23,19,15.0,18.0,9,11,11.0,9.0,12,12,13.0,16.0,18.0,22.0,8.0,11.0,10.0,9.0,13.0,14.0,14.0,15.2,11,15,19.0,24.0,13.0,8.0,11.0,11.0,7.0,9.0,8,8.0,14.0,18.0
HG02130,EAS,KHV,10.0,14,13.0,17.3,10.0,10.0,23,23,15.0,15.0,10,11,10.0,8.0,10,15,13.0,15.0,20.0,21.0,12.0,13.0,12.0,9.0,13.0,20.0,14.0,13.0,17,15,26.0,26.0,13.0,7.0,11.0,11.0,8.0,9.0,8,11.0,14.0,17.0
HG02131,EAS,KHV,10.0,11,16.0,16.0,11.0,14.0,19,20,15.0,16.0,11,9,8.0,12.0,13,16,13.0,14.0,18.0,20.0,10.0,12.0,12.0,13.0,12.0,20.0,13.0,14.2,17,11,21.0,25.0,7.0,9.0,12.0,12.0,7.0,10.0,8,8.0,16.0,17.0
HG02133,EAS,KHV,11.0,11,16.3,15.3,9.2,10.0,17,24,15.0,17.0,12,12,11.0,12.0,13,10,15.0,16.0,18.0,22.0,10.0,12.0,9.0,11.0,15.0,20.0,13.0,15.0,11,11,21.0,26.0,7.0,9.0,11.0,11.0,7.0,9.0,8,9.0,14.0,14.0
HG02134,EAS,KHV,13.0,12,13.0,15.0,11.0,11.0,24,25,15.0,16.0,13,11,12.0,8.0,14,15,13.0,14.0,19.0,18.0,11.0,11.0,12.0,11.0,13.0,15.0,14.0,12.0,17,11,21.0,23.0,9.0,12.0,11.0,11.0,8.0,9.3,8,12.0,14.0,14.0
HG02136,EAS,KHV,10.0,11,12.0,15.0,9.2,14.0,19,21,16.0,16.0,12,11,10.0,10.0,13,13,12.0,15.0,19.0,22.0,8.0,11.0,11.0,10.0,13.0,15.0,12.0,15.2,17,16,20.0,25.0,9.0,11.0,11.0,11.0,9.0,10.0,9,10.0,19.0,19.0
HG02137,EAS,KHV,13.0,12,14.0,15.0,11.3,14.0,24,25,16.0,16.0,12,12,11.0,11.0,12,13,13.0,14.0,19.0,20.0,8.0,11.0,12.0,13.0,15.0,15.0,15.0,16.2,14,15,22.0,21.0,13.0,8.0,8.0,13.0,7.0,10.0,10,10.0,16.0,16.0
HG02138,EAS,KHV,10.0,12,12.0,15.0,10.0,11.3,20,22,16.0,18.0,13,11,9.0,8.0,12,16,13.0,13.0,19.0,21.0,9.0,11.0,11.0,11.0,16.0,17.0,14.0,15.0,17,15,22.0,23.0,9.0,9.0,11.0,11.0,9.0,9.3,8,9.0,15.0,17.0
HG02139,EAS,KHV,11.0,11,15.0,15.0,12.0,11.3,17,19,16.0,16.0,12,9,11.0,11.0,13,13,12.0,15.0,18.0,19.0,8.0,10.0,9.0,9.0,14.0,16.0,14.0,13.0,17,15,24.2,26.0,13.0,8.0,11.0,11.0,7.0,9.0,9,11.0,14.0,19.0
HG02140,EAS,KHV,11.0,11,15.0,17.3,12.0,11.0,17,19,16.0,17.0,9,11,11.0,12.0,14,16,15.0,15.0,19.0,20.0,10.0,10.0,12.0,9.0,12.0,19.0,13.0,13.0,15,16,21.0,21.0,8.0,14.0,11.0,11.0,7.0,9.3,8,9.0,14.0,16.0
HG02141,EAS,KHV,11.0,12,17.0,16.0,11.0,11.3,23,24,16.0,17.0,12,12,11.0,8.0,13,15,16.0,16.0,15.0,20.0,8.0,8.0,11.0,9.0,14.0,15.0,14.0,9.0,14,15,24.2,25.0,13.0,9.0,11.0,11.0,7.0,9.3,8,11.0,15.0,16.0
HG02142,EAS,KHV,11.0,12,12.0,15.0,10.0,11.0,19,19,15.0,16.0,10,11,10.0,11.0,10,14,14.0,16.0,19.0,19.3,13.0,13.0,11.0,12.0,17.0,17.0,14.0,14.2,17,16,22.0,23.0,9.0,12.0,11.0,13.0,7.0,9.0,8,11.0,14.0,17.0
HG02512,EAS,KHV,11.0,12,15.0,15.0,12.0,13.0,24,24,15.0,15.0,10,11,11.0,9.0,13,15,13.0,14.0,19.0,22.0,8.0,11.0,10.0,9.0,16.0,17.0,14.0,15.2,11,18,19.0,26.0,9.0,10.0,5.0,11.0,8.0,9.3,8,9.0,16.0,19.0
HG02513,EAS,KHV,11.0,12,14.0,18.3,12.0,11.0,23,22,17.0,18.0,11,11,13.0,11.0,14,15,14.0,15.0,20.0,21.0,8.0,9.0,9.0,9.0,15.0,20.0,15.2,16.2,15,16,23.0,23.0,10.0,11.0,14.0,14.0,7.0,9.0,8,8.0,15.0,18.0
HG02521,EAS,KHV,13.0,11,14.0,15.0,11.0,14.0,17,20,16.0,17.0,12,11,11.0,11.0,13,15,13.0,12.0,18.0,19.0,8.0,10.0,11.0,9.0,13.0,14.0,12.0,13.0,11,16,22.0,22.0,11.0,11.0,11.0,12.0,7.0,6.0,8,11.0,18.0,20.0
HG02522,EAS,KHV,10.0,11,15.0,16.0,12.0,10.0,23,20,16.0,16.0,13,10,11.0,8.0,13,14,13.0,15.0,20.0,20.0,11.0,13.0,12.0,12.0,15.0,16.0,14.0,13.0,17,11,20.0,21.0,9.0,11.0,5.0,5.0,7.0,9.0,8,8.0,17.0,17.0
NA06984,EUR,CEU,13.0,12,11.0,12.0,14.0,14.0,17,24,15.0,16.0,12,11,9.0,11.0,13,10,13.0,15.0,15.0,22.0,11.0,12.0,13.0,9.0,13.0,17.0,14.0,14.0,16,16,21.0,24.0,13.0,12.0,7.0,10.0,6.0,8.0,8,8.0,16.0,16.0
NA06985,EUR,CEU,9.0,11,17.0,12.0,14.0,14.0,18,25,15.0,17.0,11,11,11.0,12.0,10,12,15.0,16.0,19.0,21.0,12.0,12.0,12.0,13.0,11.0,13.0,14.0,12.0,15,16,20.0,23.0,9.0,14.0,11.0,13.0,6.0,9.3,8,8.0,16.0,17.0
NA06986,EUR,CEU,12.0,12,15.0,18.3,10.0,11.0,23,23,16.0,17.0,13,12,10.0,12.0,10,14,13.0,17.0,18.0,21.0,12.0,14.0,12.0,12.0,16.0,19.0,12.0,15.0,15,15,23.0,25.0,10.0,12.0,7.0,7.0,9.3,9.3,8,8.0,16.0,16.0
NA06989,EUR,CEU,13.0,10,11.0,13.0,11.0,11.0,16,17,15.0,17.0,13,9,9.0,12.0,13,13,13.0,15.0,18.3,22.0,11.0,12.0,12.0,12.0,12.0,12.0,14.0,14.0,17,15,22.0,21.0,9.0,9.0,7.0,7.0,7.0,8.0,8,9.0,16.0,17.0
NA06994,EUR,CEU,11.0,11,15.0,16.3,14.0,14.0,23,23,15.0,15.0,13,11,9.0,10.0,9,10,13.0,14.0,17.3,20.0,8.0,13.0,12.0,10.0,12.0,14.0,12.0,13.0,17,15,18.0,21.0,12.0,12.0,12.0,12.0,9.3,9.3,8,11.0,16.0,17.0
NA07000,EUR,CEU,12.0,12,11.0,12.0,11.0,11.3,19,20,15.0,17.0,12,8,7.0,11.0,12,13,15.0,15.0,21.0,21.0,11.0,12.0,9.0,12.0,15.0,15.0,14.0,16.0,16,16,22.0,23.0,9.0,10.0,10.0,16.0,8.0,9.3,8,9.0,18.0,19.0
NA07037,EUR,CEU,10.0,10,11.0,12.0,10.0,11.0,23,17,17.0,18.0,12,10,9.0,11.0,11,13,14.0,15.0,20.0,21.0,9.0,10.0,12.0,13.0,13.0,14.0,14.0,15.0,17,15,20.0,21.0,11.0,9.0,15.0,15.0,7.0,9.0,8,8.0,17.0,19.0
NA07048,EUR,CEU,12.0,12,18.3,17.3,10.0,11.0,19,24,18.0,20.0,11,12,9.0,9.0,13,14,13.0,17.0,23.0,23.0,10.0,11.0,9.0,12.0,12.0,15.0,14.0,12.0,17,15,19.0,21.0,11.0,12.0,10.0,10.0,7.0,9.0,8,11.0,18.0,19.0
NA07051,EUR,CEU,10.0,12,15.0,18.3,12.0,14.0,19,24,15.0,17.0,11,11,8.0,11.0,13,11,15.0,16.0,18.0,22.0,11.0,12.0,8.0,13.0,13.0,17.0,13.0,15.2,14,15,21.0,25.0,13.0,9.0,7.0,7.0,7.0,9.0,8,11.0,16.0,18.0
NA07056,EUR,CEU,11.0,11,15.0,19.3,14.0,14.0,19,19,15.0,15.0,12,12,11.0,11.0,13,14,14.0,16.0,17.0,19.0,11.0,8.0,12.0,14.0,15.0,19.0,12.0,15.2,15,16,20.0,22.2,9.0,10.0,12.0,12.0,6.0,9.3,8,8.0,16.0,17.0
NA07347,EUR,CEU,13.0,12,14.0,16.3,10.0,11.0,23,17,15.0,16.0,12,13,13.0,12.0,13,14,13.0,16.0,15.0,18.0,12.0,14.0,11.0,12.0,15.0,17.0,13.0,15.0,17,15,20.0,23.0,9.0,12.0,15.0,14.0,8.0,9.0,8,11.0,17.0,18.0
NA07357,EUR,CEU,10.0,12,16.0,17.3,11.0,13.0,17,21,14.0,17.0,12,12,13.0,8.0,13,14,13.0,13.0,17.0,18.0,11.0,12.0,9.0,9.0,18.0,13.0,14.0,13.0,11,16,20.0,24.0,9.0,12.0,5.0,5.0,6.0,6.0,8,8.0,17.0,18.0
NA10847,EUR,CEU,13.0,10,15.0,15.0,14.0,14.0,20,20,16.0,17.0,13,12,7.0,10.0,13,13,14.0,16.0,17.0,19.0,10.0,12.0,11.0,13.0,18.0,14.0,14.0,15.0,15,15,23.0,21.0,11.0,12.0,10.0,12.0,6.0,8.0,8,11.0,17.0,18.0
NA10851,EUR,CEU,12.0,12,17.0,17.3,14.0,14.0,17,24,14.0,16.0,11,12,10.0,12.0,14,16,13.0,15.0,18.3,23.0,12.0,12.0,9.0,9.0,15.0,16.0,13.0,15.2,16,16,19.0,24.0,9.0,12.0,7.0,10.0,7.0,7.0,8,8.0,16.0,16.0
NA11829,EUR,CEU,12.0,12,11.0,16.0,11.0,14.0,19,25,14.0,17.0,11,11,9.0,10.0,10,11,14.0,14.0,19.0,24.0,11.0,8.0,13.0,14.0,15.0,16.0,14.0,13.0,14,16,21.0,24.0,13.0,11.0,5.0,5.0,7.0,8.0,8,11.0,14.0,17.0
NA11830,EUR,CEU,12.0,12,12.0,12.0,11.0,14.0,21,22,15.0,15.0,12,11,12.0,8.0,10,12,13.0,13.0,16.0,17.0,11.0,12.0,8.0,12.0,12.0,14.0,14.0,12.0,11,15,22.0,23.0,13.0,10.0,10.0,12.0,9.0,9.3,8,8.0,17.0,18.0
NA11831,EUR,CEU,10.0,12,15.0,16.0,11.0,14.0,19,24,15.0,15.0,11,11,10.0,8.0,13,13,13.0,13.0,18.3,20.0,12.0,13.0,11.0,13.0,13.0,13.0,13.0,13.0,17,16,22.0,24.0,13.0,11.0,10.0,15.0,7.0,9.0,8,8.0,14.0,16.0
NA11832,EUR,CEU,10.0,12,17.3,15.3,10.0,11.0,17,25,14.0,16.0,11,12,12.0,8.0,12,14,13.0,15.0,17.0,22.0,8.0,12.0,12.0,9.0,14.0,17.0,13.0,15.0,16,16,21.0,24.0,13.0,13.0,12.0,13.0,7.0,7.0,9,10.0,16.0,16.0
NA11840,EUR,CEU,12.0,12,15.0,18.3,11.0,14.0,16,27,16.0,16.0,11,12,13.0,11.0,12,12,13.0,14.0,21.0,21.0,11.0,13.0,11.0,13.0,13.0,14.0,14.0,15.0,15,15,20.0,24.0,8.0,12.0,11.0,16.0,9.3,9.3,10,11.0,18.0,18.0
NA11843,EUR,CEU,11.0,12,17.0,11.0,11.0,14.0,17,20,16.0,18.0,11,12,11.0,12.0,13,12,13.0,14.0,18.0,20.0,12.0,12.0,11.0,12.0,14.0,17.0,14.0,13.0,16,16,20.0,23.0,13.0,9.0,10.0,12.0,7.0,7.0,8,9.0,14.0,18.0
NA11881,EUR,CEU,13.0,10,16.0,15.3,8.0,14.0,17,19,18.0,18.0,9,9,7.0,9.0,10,14,15.0,16.0,20.0,23.0,12.0,12.0,11.0,12.0,12.0,15.0,14.0,15.0,15,16,21.0,21.0,10.0,15.0,10.0,10.0,7.0,7.0,12,12.0,17.0,19.0
NA11892,EUR,CEU,9.0,11,12.0,16.3,10.0,13.0,23,17,15.0,18.0,11,12,9.0,11.0,14,15,15.0,18.0,18.0,25.0,12.0,12.0,11.0,12.0,12.0,14.0,13.0,15.0,11,16,20.0,23.0,9.0,12.0,9.0,11.0,7.0,9.3,8,8.0,17.0,17.0
NA11893,EUR,CEU,10.0,11,11.0,13.0,10.0,16.0,23,24,14.0,15.0,11,12,8.0,12.0,14,14,12.0,14.0,20.0,22.0,11.0,12.0,11.0,12.0,13.0,15.0,15.0,16.0,15,15,22.0,23.0,13.0,10.0,7.0,7.0,9.0,9.3,9,10.0,18.0,19.0
NA11894,EUR,CEU,10.0,10,13.0,19.3,11.0,14.0,17,20,14.0,16.0,13,12,13.0,10.0,13,8,14.0,15.0,17.3,23.0,8.0,12.0,9.0,12.0,12.0,14.0,14.0,14.0,11,16,22.0,19.0,10.0,12.0,10.0,12.0,7.0,7.0,10,11.0,16.0,17.0
NA11918,EUR,CEU,10.0,10,11.0,17.3,14.0,15.0,23,19,16.0,18.0,11,11,10.0,11.0,10,12,13.0,11.0,15.0,20.0,11.0,8.0,12.0,13.0,12.0,15.0,14.0,15.0,17,18,20.0,21.0,13.0,9.0,10.0,10.0,7.0,7.0,8,10.0,16.0,18.0
NA11919,EUR,CEU,10.0,11,13.0,13.0,10.0,10.0,17,18,16.0,17.0,12,11,8.0,9.0,12,14,15.0,16.0,18.0,24.0,11.0,12.0,12.0,12.0,14.0,16.0,13.0,15.0,15,16,24.0,24.0,13.0,13.0,12.0,14.0,6.0,9.3,11,11.0,14.0,15.0
NA11920,EUR,CEU,10.0,12,12.0,15.3,11.0,14.0,20,17,14.0,16.0,12,11,7.0,8.0,8,14,13.0,15.0,17.3,23.0,10.0,12.0,11.0,9.0,12.0,14.0,14.0,14.0,11,15,20.0,20.2,11.0,9.0,7.0,7.0,6.0,9.3,8,8.0,16.0,17.0
NA11930,EUR,CEU,13.0,12,11.0,12.0,10.0,10.0,17,18,15.0,18.0,12,8,9.0,12.0,14,15,14.0,16.0,15.0,18.0,9.0,13.0,12.0,12.0,15.0,20.0,13.0,13.0,11,16,20.0,26.0,13.0,12.0,10.0,12.0,6.0,9.0,9,9.0,17.0,18.0
NA11931,EUR,CEU,11.0,12,15.0,17.3,11.0,11.0,17,18,14.0,17.0,12,12,8.0,10.0,12,14,14.0,15.0,19.0,18.0,10.0,12.0,13.0,13.0,12.0,20.0,13.0,15.0,11,16,22.0,22.0,9.0,12.0,10.0,12.0,6.0,9.0,8,9.0,14.0,16.0
NA11932,EUR,CEU,10.0,10,14.0,15.0,11.0,14.0,17,24,14.0,16.0,11,12,8.0,12.0,14,16,13.0,14.0,17.3,22.0,11.0,12.0,9.0,13.0,14.0,14.0,14.0,13.0,17,16,19.0,23.0,11.0,12.0,10.0,10.0,8.0,9.3,8,11.0,17.0,19.0
NA11933,EUR,CEU,10.0,11,14.3,17.3,11.3,14.0,25,25,15.0,15.0,13,12,8.0,10.0,13,10,13.0,16.0,18.0,23.0,9.0,11.0,9.0,13.0,14.0,17.0,14.0,15.0,15,16,22.0,20.0,13.0,10.0,10.0,12.0,7.0,6.0,8,11.0,16.0,16.0
NA11992,EUR,CEU,10.0,11,14.0,15.3,11.0,13.0,17,18,15.0,18.0,10,11,10.0,12.0,13,15,14.0,14.0,20.0,22.0,12.0,12.0,11.0,12.0,14.0,17.0,13.0,13.0,15,15,22.0,21.0,13.0,9.0,12.0,12.0,8.0,9.3,9,11.0,16.0,16.0
NA11994,EUR,CEU,10.0,10,11.0,12.0,11.0,14.0,16,19,16.0,17.0,13,12,13.0,9.0,13,14,14.0,14.0,16.0,19.3,10.0,11.0,10.0,14.0,12.0,15.0,13.0,13.0,15,16,19.0,21.0,9.0,11.0,10.0,10.0,6.0,9.0,10,11.0,16.0,18.0
NA11995,EUR,CEU,13.0,12,11.0,18.3,11.0,11.0,17,19,15.0,16.0,13,13,8.0,10.0,10,14,13.0,14.0,22.0,22.0,11.0,8.0,13.0,13.0,14.0,14.0,13.0,17.2,15,15,25.0,25.0,13.0,10.0,10.0,12.0,6.0,8.0,8,8.0,16.0,18.0
NA12003,EUR,CEU,10.0,11,12.0,13.0,10.0,14.0,17,18,15.0,15.0,12,12,8.0,11.0,13,13,13.0,16.0,18.0,24.0,8.0,12.0,11.0,13.0,18.0,15.0,14.0,12.0,11,11,21.0,23.0,13.0,12.0,11.0,11.0,8.0,9.0,8,11.0,14.0,18.0
NA12004,EUR,CEU,10.0,10,16.0,17.3,14.0,14.0,16,19,13.0,15.0,9,11,11.0,12.0,8,15,13.0,16.0,19.0,22.0,11.0,13.0,12.0,13.0,14.0,15.0,14.0,13.0,16,16,21.0,24.0,13.0,9.0,10.0,12.0,9.0,9.3,8,9.0,15.0,16.0
NA12005,EUR,CEU,11.0,12,14.0,15.0,11.0,11.0,17,22,15.0,18.0,12,11,9.0,11.0,11,13,13.0,14.0,18.0,21.0,11.0,12.0,11.0,13.0,13.0,17.0,14.0,16.2,16,16,23.0,25.0,13.0,12.0,5.0,12.0,6.0,6.0,11,11.0,14.0,18.0
NA12006,EUR,CEU,10.0,12,11.0,17.3,11.0,14.0,16,25,15.0,16.0,12,12,8.0,12.0,12,14,14.0,14.0,19.0,20.0,11.0,10.0,12.0,13.0,13.0,16.0,12.0,17.0,16,16,21.0,21.0,13.0,9.0,12.0,13.0,7.0,9.0,8,12.0,17.0,18.0
NA12043,EUR,CEU,12.0,12,14.0,16.0,11.0,14.0,18,24,15.0,17.0,12,11,13.0,7.0,13,14,14.0,14.0,21.0,22.0,8.0,13.0,11.0,12.0,12.0,13.0,14.0,14.0,17,16,22.2,24.0,13.0,11.0,7.0,7.0,8.0,9.3,9,12.0,14.0,16.0
NA12044,EUR,CEU,12.0,12,16.0,17.3,11.0,15.0,17,20,14.0,15.0,13,12,10.0,11.0,13,11,13.0,14.0,19.0,17.0,11.0,14.0,11.0,12.0,18.0,16.0,14.0,14.0,17,17,20.0,23.0,13.0,14.2,12.0,15.0,7.0,8.0,11,11.0,17.0,17.0
NA12045,EUR,CEU,11.0,11,11.0,18.3,14.0,14.0,17,20,16.0,17.0,11,11,9.0,11.0,13,8,14.0,15.0,22.0,25.0,11.0,11.0,12.0,12.0,18.0,19.0,14.0,14.0,15,16,23.0,25.0,11.0,12.0,12.0,12.0,6.0,8.0,11,12.0,17.0,17.0
NA12046,EUR,CEU,13.0,11,17.3,15.3,11.0,14.0,22,25,17.0,18.0,13,11,7.0,8.0,10,12,13.0,14.0,18.0,25.0,9.0,12.0,12.0,13.0,14.0,16.0,12.0,14.2,16,16,19.0,20.0,10.0,12.0,10.0,16.0,9.0,10.0,11,11.0,15.0,20.0
NA12058,EUR,CEU,11.0,11,14.3,15.0,10.0,11.3,23,23,15.0,17.0,11,9,9.0,9.0,10,14,14.0,14.0,19.0,18.0,12.0,13.0,14.0,9.0,9.0,15.0,14.0,16.2,11,16,21.0,21.0,10.0,14.0,7.0,12.0,5.0,6.0,8,11.0,18.0,19.0
NA12144,EUR,CEU,11.0,12,11.0,18.3,10.0,11.0,17,20,16.0,17.0,12,12,9.0,10.0,13,11,13.0,15.0,17.0,21.0,9.0,12.0,13.0,10.0,14.0,14.0,13.0,16.0,17,14,19.0,21.0,10.0,12.0,7.0,7.0,7.0,6.0,8,11.0,17.0,18.0
NA12154,EUR,CEU,10.0,11,13.0,16.0,10.0,11.0,22,24,15.0,16.0,9,9,10.0,10.0,11,12,13.0,16.0,19.0,22.0,8.0,12.0,12.0,14.0,16.0,16.0,15.0,18.2,15,16,19.0,20.0,9.0,10.0,11.0,12.0,6.0,9.3,8,11.0,16.0,16.0
NA12155,EUR,CEU,10.0,12,13.0,17.3,11.0,14.0,16,17,17.0,17.0,12,11,8.0,10.0,13,12,15.0,15.0,16.0,23.0,11.0,11.0,11.0,11.0,15.0,16.0,12.0,15.2,15,16,22.0,24.0,12.0,14.0,14.0,14.0,6.0,9.3,8,9.0,18.0,19.0
NA12156,EUR,CEU,10.0,10,17.0,14.0,12.0,14.0,23,17,15.0,18.0,13,9,9.0,11.0,13,11,13.0,14.0,17.3,18.0,8.0,14.0,11.0,12.0,15.0,17.0,16.0,16.2,11,16,22.0,21.0,9.0,10.0,5.0,5.0,9.0,9.3,8,8.0,16.0,16.0
NA12234,EUR,CEU,13.0,12,17.0,16.0,11.0,11.0,17,17,15.0,17.0,12,12,10.0,8.0,8,14,12.0,14.0,20.0,21.0,11.0,13.0,11.0,12.0,14.0,14.0,14.0,14.0,12,15,22.0,19.0,13.0,10.0,12.0,12.0,9.0,9.0,8,8.0,17.0,18.0
NA12249,EUR,CEU,10.0,10,13.0,15.0,14.0,15.0,17,19,16.0,17.0,12,12,13.0,13.0,9,16,14.0,15.0,19.0,19.3,8.0,13.0,11.0,13.0,14.0,17.0,13.0,16.2,17,15,22.0,22.0,11.0,12.0,5.0,10.0,8.0,9.3,8,11.0,17.0,18.0
NA12272,EUR,CEU,10.0,12,15.0,15.0,10.0,14.0,19,24,14.0,16.0,12,11,9.0,11.0,10,14,14.0,16.0,18.0,18.0,8.0,12.0,11.0,9.0,15.0,16.0,14.0,13.0,17,16,22.0,20.0,9.0,12.0,13.0,13.0,9.3,9.3,8,9.0,16.0,18.0
NA12273,EUR,CEU,10.0,11,19.3,17.3,11.0,11.0,19,24,14.0,18.0,11,10,10.0,10.0,13,14,15.0,17.0,19.0,21.0,9.0,13.0,11.0,14.0,15.0,15.0,13.0,16.0,15,16,21.0,24.0,9.0,12.0,7.0,10.0,6.0,9.3,8,10.0,18.0,18.0
NA12275,EUR,CEU,10.0,11,16.0,16.3,11.0,14.0,17,19,15.0,17.0,12,12,10.0,9.0,12,15,13.0,11.0,19.0,23.0,11.0,11.0,12.0,14.0,12.0,19.0,14.0,15.0,11,16,22.0,20.0,10.0,12.0,13.0,12.0,6.0,9.3,8,11.0,14.0,19.0
NA12282,EUR,CEU,13.0,12,18.3,15.3,10.0,11.0,22,25,17.0,18.0,13,12,8.0,11.0,12,14,14.0,15.0,18.0,22.0,11.0,12.0,11.0,12.0,16.0,17.0,12.0,13.0,15,15,20.0,21.0,10.0,11.0,10.0,14.0,7.0,9.3,8,11.0,18.0,18.0
NA12283,EUR,CEU,11.0,12,14.0,18.3,12.0,14.0,17,19,14.0,16.0,11,11,8.0,11.0,13,17,14.0,14.0,18.0,21.0,11.0,13.0,12.0,13.0,13.0,17.0,14.0,12.0,17,11,22.0,20.0,12.0,14.0,5.0,10.0,7.0,9.3,8,8.0,14.0,18.0
NA12286,EUR,CEU,11.0,12,16.0,17.3,10.0,11.0,18,25,15.0,18.0,12,12,8.0,8.0,14,15,16.0,16.0,18.0,22.0,11.0,12.0,11.0,12.0,15.0,20.0,15.0,15.0,17,17,22.0,22.0,12.0,9.0,8.0,8.0,6.0,9.3,8,8.0,17.0,19.0
NA12287,EUR,CEU,10.0,14,13.0,13.0,10.0,15.0,17,17,16.0,18.0,11,12,11.0,12.0,13,10,12.0,17.0,18.0,22.0,12.0,13.0,12.0,12.0,12.0,19.0,14.0,13.0,16,18,22.0,22.2,9.0,11.0,12.0,12.0,7.0,9.3,8,8.0,15.0,19.0
NA12340,EUR,CEU,13.0,11,11.0,17.3,12.0,14.0,20,20,15.0,17.0,12,11,11.0,12.0,13,12,13.0,17.0,17.0,19.0,11.0,13.0,12.0,9.0,14.0,16.0,13.0,18.2,11,16,21.2,25.0,13.0,12.0,7.0,11.0,8.0,9.3,8,11.0,17.0,18.0
NA12341,EUR,CEU,10.0,12,16.0,18.3,11.0,16.0,16,17,15.0,16.0,12,11,10.0,11.0,13,14,13.0,12.0,19.0,25.0,12.0,13.0,11.0,9.0,17.0,19.0,14.0,13.0,17,17,20.0,25.0,12.0,15.0,5.0,14.0,9.0,9.3,8,11.0,17.0,18.0
NA12342,EUR,CEU,11.0,11,16.0,17.3,14.0,14.0,17,27,15.0,18.0,12,12,8.0,8.0,13,13,14.0,14.0,20.0,21.0,12.0,13.0,11.0,12.0,12.0,16.0,14.0,14.0,16,16,20.0,21.0,11.0,15.0,15.0,15.0,7.0,7.0,8,8.0,15.0,17.0
NA12347,EUR,CEU,11.0,12,12.0,15.0,11.0,14.0,20,24,16.0,17.0,11,12,12.0,8.0,12,15,13.0,16.0,17.0,23.0,11.0,12.0,11.0,12.0,13.0,15.0,15.0,16.0,17,14,24.0,25.0,13.0,10.0,10.0,12.0,6.0,9.0,8,8.0,14.0,17.0
NA12348,EUR,CEU,9.0,12,13.0,15.0,11.0,14.0,17,25,16.0,16.0,11,11,12.0,12.0,13,14,13.0,14.0,22.0,23.0,10.0,11.0,12.0,13.0,12.0,14.0,14.0,13.0,15,16,19.0,23.0,9.0,12.0,14.0,14.0,6.0,9.3,8,11.0,15.0,17.0
NA12383,EUR,CEU,10.0,10,14.3,18.3,11.0,11.0,23,19,14.0,15.0,13,9,13.0,8.0,13,16,16.0,17.0,16.0,17.0,11.0,12.0,11.0,9.0,14.0,14.0,14.0,13.0,15,16,22.0,22.0,8.0,14.0,10.0,11.0,7.0,9.3,8,8.0,15.0,19.0
NA12399,EUR,CEU,10.0,10,12.0,15.0,11.0,14.0,18,26,16.0,16.0,11,13,10.0,11.0,12,15,12.0,14.0,17.0,21.0,8.0,10.0,11.0,13.0,12.0,19.0,15.0,16.0,16,16,20.0,24.0,10.0,12.0,7.0,10.0,9.3,9.3,8,9.0,14.0,17.0
NA12400,EUR,CEU,10.0,11,13.0,13.0,11.0,11.0,19,25,16.0,17.0,10,11,10.0,8.0,9,15,13.0,15.0,19.0,21.0,11.0,13.0,11.0,12.0,16.0,16.0,12.0,15.0,11,11,22.0,22.0,10.0,12.0,11.0,14.0,9.0,9.3,11,11.0,16.0,18.0
NA12413,EUR,CEU,11.0,12,14.0,14.0,14.0,14.0,20,24,14.0,16.0,13,11,9.0,10.0,13,11,16.0,17.0,19.0,23.0,11.0,12.0,12.0,10.0,18.0,13.0,14.0,15.0,16,16,22.0,23.0,10.0,12.0,11.0,12.0,7.0,9.0,8,12.0,18.0,18.0
NA12414,EUR,CEU,10.0,10,12.0,12.0,11.0,13.0,20,22,15.0,16.0,11,11,8.0,12.0,13,15,13.0,13.0,19.0,19.0,11.0,12.0,12.0,13.0,14.0,16.0,13.0,13.0,11,16,24.0,24.0,13.0,14.0,10.0,12.0,6.0,9.3,8,11.0,16.0,17.0
NA12489,EUR,CEU,7.0,12,16.0,17.3,11.0,14.0,20,24,16.0,16.0,12,13,13.0,10.0,11,13,13.0,14.0,15.0,18.0,11.0,12.0,13.0,13.0,12.0,13.0,13.0,15.0,17,16,22.0,23.0,13.0,10.0,13.0,13.0,9.0,9.3,11,11.0,15.0,16.0
NA12546,EUR,CEU,10.0,11,12.0,18.3,12.0,11.0,17,20,14.0,17.0,11,12,8.0,9.0,12,13,14.0,15.0,19.0,21.0,8.0,13.0,11.0,11.0,12.0,15.0,15.0,15.0,11,15,23.0,24.0,10.0,15.0,10.0,10.0,9.3,9.3,11,11.0,16.0,19.0
NA12716,EUR,CEU,10.0,11,16.0,18.3,11.0,14.0,17,24,15.0,17.0,11,11,11.0,12.0,13,13,14.0,14.0,20.0,20.0,12.0,13.0,11.0,9.0,16.0,17.0,14.0,15.2,11,16,22.0,23.0,13.0,11.0,5.0,7.0,7.0,10.0,11,11.0,16.0,18.0
NA12717,EUR,CEU,12.0,12,16.3,15.3,10.0,15.0,18,19,15.0,18.0,11,12,8.0,12.0,13,14,13.0,13.0,19.0,20.0,11.0,10.0,11.0,13.0,15.0,16.0,13.0,15.0,14,16,19.0,20.0,12.0,12.0,10.0,10.0,7.0,9.0,9,11.0,16.0,17.0
NA12718,EUR,CEU,12.0,12,11.0,14.0,11.0,14.0,23,19,15.0,16.0,12,13,11.0,12.0,11,14,13.0,13.0,20.0,21.0,11.0,8.0,11.0,12.0,13.0,13.0,16.0,16.0,15,15,20.0,21.0,12.0,12.0,11.0,12.0,6.0,10.0,8,11.0,19.0,19.0
NA12748,EUR,CEU,10.0,12,11.0,12.0,11.0,11.0,20,26,15.0,18.0,12,11,13.0,10.0,11,12,13.0,14.0,19.0,22.0,9.0,12.0,13.0,11.0,12.0,14.0,12.0,13.0,11,15,23.0,24.0,13.0,11.0,10.0,10.0,9.3,9.3,9,12.0,16.0,19.0
NA12749,EUR,CEU,13.0,10,13.0,14.0,10.0,14.0,17,18,15.0,16.0,12,11,8.0,12.0,13,13,14.0,16.0,15.0,25.0,11.0,12.0,12.0,13.0,14.0,14.0,13.0,13.0,15,16,21.0,22.2,13.0,12.0,10.0,10.0,6.0,9.0,8,8.0,15.0,17.0
NA12750,EUR,CEU,11.0,11,17.3,16.3,11.0,14.0,20,25,14.0,16.0,12,8,7.0,12.0,13,12,13.0,14.0,20.0,23.0,11.0,12.0,11.0,12.0,18.0,13.0,14.0,14.0,15,15,25.0,26.0,12.0,14.0,7.0,12.0,6.0,6.0,8,11.0,16.0,17.0
NA12751,EUR,CEU,10.0,12,15.0,17.3,11.0,14.0,21,24,16.0,17.0,12,11,11.0,12.0,12,14,13.0,14.0,19.0,21.0,11.0,10.0,11.0,11.0,13.0,19.0,14.0,15.2,11,16,22.0,21.0,12.0,14.0,7.0,10.0,7.0,9.3,8,8.0,14.0,18.0
NA12760,EUR,CEU,13.0,11,17.0,14.0,14.0,14.0,19,20,18.0,19.0,11,12,10.0,11.0,13,13,13.0,14.0,22.0,23.0,8.0,12.0,11.0,12.0,12.0,19.0,13.0,15.0,16,16,21.0,25.0,11.0,12.0,10.0,13.0,9.0,9.3,8,11.0,18.0,19.0
NA12761,EUR,CEU,12.0,12,12.0,13.0,11.0,13.0,21,22,18.0,19.0,14,13,9.0,14.0,13,15,13.0,16.0,18.0,22.0,10.0,14.0,12.0,9.0,13.0,17.0,14.0,15.0,14,16,20.0,23.0,9.0,12.0,5.0,5.0,9.3,9.3,8,9.0,19.0,19.0
NA12762,EUR,CEU,13.0,11,14.0,15.0,14.0,14.0,23,20,14.0,17.0,11,12,10.0,11.0,11,13,14.0,16.0,18.0,22.0,9.0,12.0,11.0,9.0,18.0,18.0,14.0,13.0,11,15,21.0,21.0,13.0,13.0,5.0,12.0,6.0,8.0,8,10.0,16.0,18.0
NA12763,EUR,CEU,11.0,12,15.0,16.0,11.0,11.0,20,25,14.0,16.0,12,12,9.0,10.0,8,16,14.0,16.0,17.0,20.0,9.0,12.0,11.0,11.0,17.0,17.0,14.0,15.0,15,16,22.0,21.0,13.0,9.0,8.0,8.0,6.0,9.3,8,11.0,15.0,15.0
NA12775,EUR,CEU,10.0,12,11.0,11.0,10.0,10.0,22,24,17.0,17.0,11,11,11.0,11.0,13,11,13.0,15.0,18.0,23.0,8.0,11.0,13.0,13.0,14.0,17.0,14.0,14.2,14,15,20.0,24.0,13.0,13.0,13.0,13.0,9.3,9.3,8,8.0,14.0,19.0
NA12776,EUR,CEU,11.0,12,16.0,17.3,10.0,14.0,23,17,14.0,17.0,12,11,10.0,11.0,14,14,13.0,15.0,17.3,21.0,11.0,13.0,11.0,11.0,12.0,14.0,14.0,15.0,15,16,23.0,23.0,9.0,14.0,12.0,12.0,9.0,9.3,8,11.0,16.0,17.0
NA12777,EUR,CEU,10.0,11,13.0,17.3,11.0,11.3,20,22,14.0,18.0,13,10,7.0,8.0,12,14,13.0,14.0,19.0,18.0,11.0,8.0,11.0,10.0,13.0,14.0,13.0,16.0,11,16,23.0,25.0,9.0,11.0,10.0,14.0,7.0,6.0,8,12.0,14.0,19.0
NA12778,EUR,CEU,10.0,12,17.3,16.3,10.0,14.0,17,22,16.0,17.0,13,11,11.0,12.0,11,12,12.0,15.0,18.0,18.0,8.0,12.0,12.0,10.0,14.0,17.0,14.0,13.0,15,16,19.0,19.0,11.0,11.0,7.0,11.0,6.0,9.3,11,12.0,17.0,18.0
NA12812,EUR,CEU,7.3,11,13.0,16.3,11.0,11.0,18,26,16.0,18.0,11,12,10.0,10.0,13,12,13.0,14.0,18.0,19.0,8.0,12.0,12.0,14.0,15.0,16.0,13.0,15.0,15,16,19.0,20.0,13.0,9.0,12.0,13.0,7.0,9.3,9,11.0,14.0,18.0
NA12813,EUR,CEU,10.0,10,17.0,11.0,11.0,12.0,23,19,16.0,16.0,11,11,10.0,11.0,12,14,14.0,15.0,19.0,22.0,10.0,12.0,11.0,12.0,12.0,15.0,14.0,16.2,11,11,20.0,24.0,14.0,15.0,10.0,13.0,8.0,9.0,8,8.0,16.0,18.0
NA12814,EUR,CEU,13.0,10,18.3,16.3,11.0,11.0,17,17,16.0,18.0,12,11,10.0,10.0,13,14,14.0,14.0,18.0,23.0,8.0,10.0,11.0,12.0,14.0,15.0,14.0,14.0,15,15,22.0,23.0,13.0,11.0,5.0,7.0,6.0,6.0,8,11.0,16.0,16.0
NA12815,EUR,CEU,11.0,12,15.0,16.3,10.0,14.0,16,18,16.0,14.0,13,12,10.0,11.0,11,13,14.0,16.0,22.0,23.0,8.0,12.0,11.0,13.0,15.0,16.0,14.0,14.0,11,16,20.0,23.0,13.0,12.0,5.0,5.0,7.0,7.0,8,9.0,16.0,17.0
NA12827,EUR,CEU,10.0,10,12.0,15.3,10.0,11.0,23,24,17.0,18.0,12,9,8.0,11.0,13,15,13.0,15.0,21.0,21.0,10.0,13.0,11.0,12.0,12.0,19.0,14.0,13.0,16,16,22.0,20.0,13.0,10.0,5.0,12.0,7.0,9.3,8,11.0,14.0,17.0
NA12828,EUR,CEU,10.0,11,16.0,18.0,14.0,15.0,23,18,15.0,16.0,13,11,12.0,12.0,13,13,14.0,15.0,18.0,19.0,11.0,11.0,11.0,12.0,13.0,16.0,14.0,12.0,11,14,22.0,23.0,11.0,12.0,10.0,11.0,6.0,9.3,11,11.0,16.0,18.0
NA12829,EUR,CEU,11.0,12,16.0,18.3,9.0,10.0,17,25,16.0,18.0,13,12,8.0,11.0,13,13,13.0,15.0,21.0,22.0,8.0,8.0,11.0,12.0,15.0,16.0,14.0,15.0,17,14,23.0,25.0,13.0,12.0,12.0,12.0,7.0,9.3,8,8.0,16.0,18.0
NA12830,EUR,CEU,12.0,12,14.0,18.3,11.0,14.0,19,20,16.0,17.0,13,12,8.0,11.0,13,12,13.0,15.0,22.0,23.0,8.0,13.0,12.0,13.0,12.0,14.0,14.0,15.2,11,16,22.0,20.0,10.0,12.0,11.0,11.0,9.3,9.3,11,11.0,18.0,19.0
NA12842,EUR,CEU,12.0,12,15.0,17.3,11.0,11.0,23,25,18.0,18.0,12,12,9.0,10.0,13,14,14.0,16.0,19.0,16.0,12.0,12.0,11.0,11.0,13.0,16.0,12.0,15.0,11,15,21.0,23.0,9.0,12.0,12.0,12.0,9.3,9.3,8,8.0,16.0,18.0
NA12843,EUR,CEU,12.0,12,18.3,18.3,10.0,11.0,17,17,15.0,18.0,12,10,9.0,10.0,11,12,13.0,13.0,21.0,21.0,12.0,12.0,12.0,12.0,12.0,14.0,14.0,14.0,11,15,22.0,24.0,12.0,12.0,7.0,7.0,9.3,9.3,9,9.0,16.0,18.0
NA12872,EUR,CEU,12.0,12,17.3,15.3,11.0,11.0,17,24,14.0,17.0,11,13,10.0,11.0,13,13,12.0,14.0,18.0,22.0,8.0,9.0,8.0,12.0,18.0,13.0,14.0,13.0,16,16,21.0,23.0,13.0,9.0,5.0,10.0,7.0,9.3,8,8.0,15.0,17.0
NA12873,EUR,CEU,10.0,12,17.0,16.0,11.0,13.0,17,24,16.0,17.0,12,11,10.0,8.0,13,10,13.0,16.0,20.0,23.0,12.0,12.0,12.0,9.0,14.0,17.0,13.0,13.0,15,16,20.0,21.0,12.0,12.0,10.0,14.0,9.0,9.3,8,11.0,17.0,19.0
NA12874,EUR,CEU,11.0,12,17.0,17.0,10.0,14.0,16,19,16.0,16.0,12,12,11.0,12.0,12,14,13.0,16.0,23.0,24.0,11.0,12.0,12.0,12.0,15.0,17.0,14.0,13.0,11,15,22.0,20.0,13.0,9.0,5.0,7.0,7.0,9.0,8,8.0,14.0,17.0
NA12878,EUR,CEU,10.0,11,14.0,15.3,11.0,14.0,17,20,16.0,17.0,12,12,10.0,8.0,12,12,16.0,16.0,16.0,17.0,11.0,12.0,11.0,10.0,16.0,17.0,14.0,12.0,13,15,22.0,24.0,13.0,11.0,7.0,12.0,7.0,9.3,8,8.0,15.0,17.0
NA12889,EUR,CEU,10.0,11,15.0,16.3,10.0,10.0,23,20,16.0,16.0,10,11,10.0,10.0,13,14,13.0,14.0,18.0,20.0,8.0,13.0,11.0,12.0,15.0,17.0,13.0,16.2,15,15,20.0,24.0,9.0,12.0,5.0,7.0,7.0,10.0,8,9.0,18.0,19.0
NA12890,EUR,CEU,13.0,10,16.0,18.3,14.0,14.0,23,24,14.0,16.0,11,12,13.0,12.0,13,13,14.0,14.0,19.0,19.0,11.0,13.0,11.0,13.0,12.0,15.0,14.0,14.0,17,15,20.0,25.0,10.0,12.0,5.0,7.0,7.0,6.0,8,11.0,14.0,16.0
HG00171,EUR,FIN,11.0,12,11.0,17.3,10.0,14.0,23,20,14.0,15.0,12,13,10.0,12.0,11,14,14.0,15.0,19.0,20.0,10.0,14.0,13.0,13.0,16.0,19.0,14.0,14.0,11,15,22.0,21.0,8.0,9.0,5.0,10.0,6.0,9.3,9,10.0,16.0,17.0
HG00173,EUR,FIN,9.0,11,12.0,17.3,10.0,10.0,20,24,18.0,19.0,12,11,12.0,8.0,13,13,16.0,17.0,17.0,19.0,9.0,11.0,11.0,11.0,15.0,17.0,14.0,12.0,17,16,18.0,23.0,10.0,12.0,7.0,12.0,7.0,8.0,8,8.0,17.0,20.0
HG00174,EUR,FIN,10.0,12,12.0,19.3,10.0,14.0,20,25,14.0,14.0,13,11,10.0,10.0,11,13,13.0,13.0,18.0,19.0,12.0,13.0,11.0,12.0,16.0,17.0,13.0,15.0,17,11,22.0,21.0,9.0,11.0,10.0,10.0,6.0,9.3,8,11.0,15.0,18.0
HG00176,EUR,FIN,11.0,12,18.3,17.3,11.0,14.0,24,25,16.0,16.0,11,9,8.0,9.0,12,16,13.0,13.0,23.0,23.0,11.0,9.0,11.0,13.0,16.0,21.0,12.0,12.0,11,15,19.0,24.0,13.0,9.0,10.0,15.0,9.0,9.0,8,9.0,17.0,17.0
HG00177,EUR,FIN,13.0,12,11.0,18.3,10.0,11.0,24,25,18.0,18.0,12,12,9.0,10.0,13,14,16.0,16.0,18.0,22.0,11.0,12.0,12.0,10.0,19.0,19.0,14.0,13.0,15,15,23.0,24.0,12.0,15.0,7.0,12.0,9.3,9.3,8,8.0,16.0,16.0
HG00178,EUR,FIN,11.0,12,18.3,15.3,10.0,14.0,17,20,16.0,14.0,13,10,10.0,11.0,14,14,13.0,13.0,19.0,21.0,10.0,12.0,9.0,10.0,17.0,19.0,14.0,15.0,15,15,20.0,25.0,11.0,12.0,7.0,8.0,7.0,8.0,8,8.0,14.0,18.0
HG00179,EUR,FIN,12.0,12,11.0,15.0,10.0,14.0,20,24,18.0,17.0,12,11,11.0,12.0,11,12,13.0,14.0,18.0,20.0,9.0,11.0,13.0,10.0,12.0,13.0,13.0,16.0,14,15,20.0,23.0,11.0,14.0,11.0,12.0,7.0,9.0,10,11.0,14.0,14.0
HG00180,EUR,FIN,10.0,11,14.0,16.0,10.0,10.0,17,24,14.0,17.0,10,12,8.0,10.0,14,14,13.0,15.0,17.0,18.0,8.0,11.0,11.0,9.0,14.0,19.0,14.0,15.0,11,15,23.0,24.0,9.0,12.0,7.0,12.0,8.0,9.0,8,8.0,16.0,18.0
HG00181,EUR,FIN,10.0,12,17.0,12.0,10.0,10.0,17,18,16.0,18.0,13,13,9.0,10.0,11,14,13.0,14.0,18.0,23.0,11.0,11.0,11.0,11.0,12.0,20.0,14.0,16.2,11,14,23.0,25.0,9.0,14.0,13.0,13.0,7.0,8.0,9,9.0,16.0,18.0
HG00182,EUR,FIN,10.0,12,11.0,12.0,11.0,11.0,17,26,17.0,17.0,10,9,12.0,12.0,10,10,13.0,14.0,21.0,23.0,11.0,11.0,11.0,11.0,14.0,16.0,12.2,13.0,14,15,22.0,25.0,9.0,12.0,5.0,5.0,9.3,9.3,8,9.0,14.0,18.0
HG00183,EUR,FIN,10.0,12,11.0,17.3,10.0,14.0,20,24,14.0,18.0,12,11,10.0,8.0,11,14,13.0,13.0,21.0,21.0,8.0,8.0,13.0,14.0,13.0,16.0,14.0,13.0,15,16,22.0,25.0,13.0,9.0,13.0,12.0,8.0,9.3,11,11.0,16.0,17.0
HG00185,EUR,FIN,10.0,10,14.0,18.3,10.0,14.0,17,20,15.0,17.0,13,12,8.0,10.0,8,14,14.0,15.0,15.0,18.0,9.0,12.0,11.0,14.0,16.0,17.0,14.0,13.0,15,16,22.0,19.0,13.0,13.0,10.0,10.0,9.0,9.3,8,11.0,14.0,16.0
HG00186,EUR,FIN,11.0,12,11.0,12.0,10.0,11.0,17,25,17.0,17.0,12,10,12.0,12.0,13,15,13.0,14.0,19.0,17.0,10.0,11.0,11.0,13.0,12.0,14.0,14.0,14.0,16,16,22.0,20.0,9.0,12.0,7.0,12.0,7.0,9.3,8,11.0,15.0,17.0
HG00187,EUR,FIN,10.0,12,11.0,11.0,11.3,14.0,17,24,14.0,16.0,13,11,10.0,11.0,13,11,13.0,14.0,22.0,24.0,8.0,11.0,12.0,10.0,15.0,15.0,13.0,13.0,16,16,20.0,23.0,13.0,12.0,12.0,12.0,9.0,9.3,8,11.0,15.0,18.0
HG00188,EUR,FIN,11.0,11,15.3,15.3,11.0,11.0,17,21,15.0,16.0,10,13,13.0,10.0,13,15,13.0,15.0,20.0,24.0,10.0,11.0,12.0,12.0,13.0,14.0,13.0,15.0,15,16,20.0,24.0,13.0,12.0,10.0,16.0,9.0,9.3,8,11.0,15.0,17.0
HG00189,EUR,FIN,11.0,12,16.0,17.3,13.0,14.0,19,20,15.0,17.0,11,9,10.0,10.0,14,15,15.0,16.0,21.0,22.0,11.0,13.0,11.0,10.0,13.0,15.0,13.0,15.0,17,11,23.0,24.0,11.0,11.0,7.0,12.0,9.3,9.3,11,11.0,16.0,17.0
HG00190,EUR,FIN,12.0,12,17.0,17.3,11.0,11.3,23,25,15.0,18.0,12,11,11.0,12.0,12,14,13.0,16.0,19.0,15.0,11.0,12.0,11.0,12.0,16.0,17.0,14.0,14.0,15,16,22.0,18.0,6.0,12.0,13.0,13.0,6.0,9.3,8,11.0,18.0,18.0
HG00266,EUR,FIN,10.0,11,16.0,17.3,11.3,14.0,18,25,14.0,17.0,13,12,11.0,9.0,13,16,15.0,16.0,19.0,23.0,11.0,12.0,12.0,13.0,12.0,17.0,13.0,15.2,16,16,22.0,23.0,13.0,9.0,7.0,12.0,6.0,9.0,8,8.0,14.0,16.0
HG00267,EUR,FIN,12.0,15,11.0,17.3,14.0,14.0,19,20,14.0,15.0,12,12,13.0,12.0,13,13,13.0,11.0,17.0,18.0,11.0,11.0,11.0,9.0,19.0,20.0,14.0,12.0,11,16,22.0,22.0,13.0,13.0,7.0,7.0,9.0,9.3,8,9.0,15.0,17.0
HG00268,EUR,FIN,12.0,12,14.0,14.0,10.0,14.0,19,25,14.0,15.0,12,12,10.0,10.0,15,18,13.0,13.0,16.0,18.0,8.0,11.0,11.0,13.0,14.0,15.0,14.0,13.2,15,15,21.0,24.0,10.0,12.0,9.0,9.0,6.0,6.0,8,11.0,14.0,19.0
HG00269,EUR,FIN,11.0,12,11.0,16.3,11.0,14.0,18,20,16.0,18.0,12,11,11.0,11.0,12,14,14.0,16.0,17.0,18.0,11.0,12.0,11.0,12.0,12.0,12.0,14.0,15.0,11,15,22.0,23.0,10.0,9.0,9.0,15.0,7.0,9.0,11,11.0,18.0,18.0
HG00271,EUR,FIN,10.0,10,11.0,15.0,11.0,14.0,17,20,18.0,18.0,11,11,12.0,12.0,13,13,13.0,15.0,17.0,17.0,10.0,13.0,12.0,9.0,12.0,13.0,13.0,13.0,14,16,22.0,21.0,12.0,14.0,7.0,7.0,7.0,6.0,9,11.0,14.0,19.0
HG00272,EUR,FIN,10.0,11,14.0,18.3,11.0,11.0,17,20,15.0,17.0,11,12,11.0,8.0,13,10,13.0,13.0,19.0,19.0,10.0,10.0,11.0,11.0,17.0,17.0,14.0,13.0,15,16,20.0,25.0,13.0,9.0,7.0,13.0,7.0,9.3,8,8.0,17.0,17.0
HG00273,EUR,FIN,10.0,11,11.0,13.0,10.0,10.0,17,24,15.0,15.0,12,13,10.0,11.0,11,12,14.0,17.0,17.0,18.0,8.0,11.0,9.0,13.0,15.0,16.0,14.0,15.0,15,16,23.0,25.0,11.0,12.0,11.0,12.0,8.0,9.0,8,8.0,15.0,18.0
HG00274,EUR,FIN,10.0,12,13.0,15.0,10.0,14.0,24,25,14.0,16.0,13,12,10.0,11.0,13,13,13.0,14.0,20.0,20.0,11.0,11.0,13.0,12.0,18.0,14.0,15.0,15.0,17,17,19.0,24.2,12.0,14.0,5.0,5.0,6.0,6.0,8,11.0,15.0,17.0
HG00275,EUR,FIN,13.0,10,12.0,12.0,10.0,14.0,19,25,16.0,18.0,11,11,7.0,10.0,12,14,15.0,15.0,18.0,21.0,11.0,15.0,11.0,12.0,12.0,12.0,13.0,13.0,17,15,22.0,27.0,7.0,9.0,5.0,5.0,8.0,9.3,8,11.0,15.0,16.0
HG00276,EUR,FIN,11.0,12,14.0,17.3,11.3,14.0,20,24,16.0,17.0,12,12,8.0,11.0,13,12,13.0,13.0,17.0,19.0,9.0,12.0,12.0,9.0,18.0,14.0,14.0,12.0,17,11,22.0,22.0,10.0,11.0,7.0,7.0,9.0,9.3,10,11.0,14.0,20.0
HG00277,EUR,FIN,10.0,12,15.0,16.0,11.0,11.0,23,23,14.0,15.0,12,12,10.0,12.0,13,14,12.0,15.0,17.0,20.0,12.0,12.0,9.0,13.0,13.0,13.0,14.0,15.2,17,15,18.0,20.0,10.0,10.0,10.0,10.0,5.0,9.0,8,11.0,16.0,20.0
HG00278,EUR,FIN,11.0,12,11.0,18.3,10.0,10.0,17,20,15.0,15.0,12,11,10.0,12.0,13,10,14.0,14.0,17.0,26.0,9.0,9.0,11.0,13.0,15.0,15.0,13.0,15.0,16,16,18.0,21.0,11.0,12.0,10.0,12.0,9.0,9.0,9,11.0,17.0,18.0
HG00280,EUR,FIN,11.0,11,12.0,15.0,10.0,14.0,19,26,16.0,18.0,12,11,10.0,12.0,13,14,13.0,14.0,19.3,23.0,11.0,11.0,13.0,13.0,14.0,14.0,16.0,17.0,12,15,20.0,20.0,9.0,12.0,5.0,7.0,8.0,9.3,8,12.0,16.0,19.0
HG00281,EUR,FIN,11.0,12,11.0,12.0,11.0,14.0,24,26,16.0,16.0,11,12,10.0,10.0,13,14,13.0,16.0,17.0,24.0,11.0,11.0,13.0,13.0,10.0,12.0,15.0,15.2,15,16,20.0,21.0,9.0,12.0,10.0,12.0,9.0,9.3,8,11.0,17.0,18.0
HG00282,EUR,FIN,10.0,12,17.3,15.3,11.0,11.0,19,19,15.0,16.0,10,9,8.0,12.0,13,10,13.0,15.0,18.0,23.0,8.0,13.0,11.0,13.0,17.0,20.0,14.0,13.0,17,15,20.0,21.0,13.0,13.0,5.0,11.0,9.3,9.3,9,9.0,17.0,18.0
HG00284,EUR,FIN,10.0,11,12.0,15.0,11.0,14.0,24,24,15.0,16.0,9,11,9.0,10.0,13,14,13.0,14.0,19.0,19.0,8.0,10.0,9.0,12.0,18.0,14.0,15.0,16.0,15,16,19.0,23.0,13.0,9.0,5.0,13.0,6.0,9.3,8,8.0,18.0,18.0
HG00285,EUR,FIN,10.0,12,11.0,11.0,11.0,14.0,16,19,15.0,16.0,13,10,11.0,11.0,13,14,14.0,16.0,21.0,21.0,11.0,12.0,9.0,9.0,14.0,14.0,14.0,13.0,15,16,22.0,18.0,9.0,11.0,7.0,12.0,6.0,9.0,8,10.0,16.0,19.0
HG00288,EUR,FIN,11.0,12,11.0,13.0,11.0,11.0,17,18,17.0,18.0,13,11,11.0,12.0,13,14,13.0,16.0,23.0,26.0,12.0,13.0,11.0,12.0,15.0,15.0,14.0,12.0,17,15,22.0,22.0,8.0,12.0,7.0,14.0,9.0,9.3,8,11.0,14.0,17.0
HG00290,EUR,FIN,12.0,12,17.3,15.3,11.0,11.0,20,25,15.0,17.0,11,11,13.0,9.0,13,14,14.0,14.0,18.0,20.0,8.0,9.0,11.0,11.0,14.0,15.0,14.0,13.0,11,16,22.0,23.0,13.0,10.0,7.0,7.0,6.0,9.0,8,9.0,17.0,19.0
HG00304,EUR,FIN,10.0,12,15.0,17.3,12.0,10.0,24,26,14.0,18.0,12,12,12.0,12.0,14,17,12.0,15.0,18.0,18.0,11.0,9.0,11.0,13.0,12.0,19.0,15.0,15.0,11,16,23.0,28.0,9.0,12.0,7.0,12.0,9.0,9.3,8,11.0,14.0,16.0
HG00306,EUR,FIN,9.0,12,16.0,16.0,10.0,14.0,20,20,16.0,18.0,11,11,9.0,11.0,14,17,13.0,17.0,18.0,18.0,11.0,13.0,12.0,13.0,14.0,15.0,14.0,14.0,15,15,22.0,24.0,9.0,12.0,12.0,12.0,6.0,9.3,8,9.0,16.0,16.0
HG00308,EUR,FIN,12.0,12,11.0,13.0,11.3,14.0,23,17,14.0,16.0,11,11,11.0,12.0,13,16,13.0,14.0,20.0,22.0,8.0,11.0,11.0,12.0,12.0,17.0,14.0,16.0,16,16,20.0,24.0,11.0,12.0,9.0,9.0,8.0,10.0,8,8.0,17.0,17.0
HG00309,EUR,FIN,13.0,10,11.0,17.3,14.0,14.0,27,27,15.0,15.0,12,11,9.0,11.0,13,10,13.0,15.0,17.0,23.0,11.0,12.0,11.0,11.0,14.0,16.0,14.0,15.0,15,18,18.0,23.0,13.0,13.0,7.0,14.0,7.0,9.3,8,12.0,14.0,16.0
HG00310,EUR,FIN,11.0,11,12.0,14.0,11.0,14.0,17,19,14.0,17.0,12,11,11.0,12.0,13,10,14.0,16.0,17.0,18.0,11.0,9.0,12.0,13.0,14.0,20.0,14.0,15.0,11,16,22.0,18.0,11.0,11.0,7.0,7.0,9.0,9.3,8,8.0,18.0,18.0
HG00311,EUR,FIN,12.0,12,14.0,18.3,12.0,14.0,20,25,16.0,16.0,11,11,8.0,8.0,12,14,15.0,15.0,18.0,20.0,11.0,12.0,11.0,11.0,12.0,16.0,14.0,13.0,15,16,19.0,23.0,13.0,9.0,11.0,11.0,7.0,9.0,8,11.0,16.0,16.0
HG00313,EUR,FIN,11.0,12,11.0,14.0,11.0,15.0,18,24,15.0,15.0,11,11,8.0,11.0,13,12,14.0,17.0,19.0,17.0,9.0,10.0,11.0,9.0,13.0,20.0,13.0,13.0,17,16,24.0,24.0,10.0,11.0,7.0,10.0,6.0,9.3,8,11.0,16.0,17.0
HG00315,EUR,FIN,11.0,11,11.0,13.0,14.0,14.0,20,24,15.0,18.0,10,9,8.0,9.0,11,15,14.0,15.0,19.0,22.0,8.0,11.0,12.0,13.0,13.0,16.0,13.0,13.0,11,15,20.0,24.0,9.0,11.0,7.0,7.0,8.0,8.0,8,9.0,14.0,17.0
HG00318,EUR,FIN,10.0,12,11.0,11.0,14.0,14.0,19,25,17.0,18.0,12,11,13.0,11.0,10,14,13.0,15.0,19.0,23.0,11.0,11.0,12.0,9.0,14.0,17.0,14.0,15.0,17,17,24.0,24.0,9.0,9.0,7.0,7.0,9.3,9.3,8,11.0,17.0,18.0
HG00319,EUR,FIN,10.0,10,17.0,17.3,10.0,11.3,23,19,14.0,16.0,14,11,10.0,11.0,13,12,13.0,15.0,16.0,18.0,8.0,11.0,10.0,12.0,18.0,14.0,14.0,14.0,11,16,22.0,19.0,13.0,8.0,7.0,12.0,7.0,6.0,9,11.0,16.0,18.0
HG00320,EUR,FIN,11.0,11,15.0,15.3,10.0,10.0,17,24,15.0,16.0,13,11,11.0,12.0,13,14,14.0,17.0,18.0,18.0,8.0,12.0,11.0,9.0,13.0,15.0,14.2,15.0,15,15,23.0,24.0,9.0,11.0,7.0,12.0,7.0,7.0,8,9.0,16.0,17.0
HG00321,EUR,FIN,10.0,10,13.0,18.3,11.0,11.0,16,21,15.0,18.0,12,9,10.0,12.0,13,10,14.0,14.0,17.0,18.0,11.0,11.0,12.0,13.0,15.0,15.0,14.0,13.0,15,15,22.0,22.0,13.0,6.0,7.0,7.0,9.0,9.3,8,9.0,17.0,17.0
HG00323,EUR,FIN,10.0,12,12.0,17.3,11.0,14.0,18,26,15.0,15.0,11,12,9.0,11.0,13,10,14.0,17.0,19.0,23.0,11.0,11.0,11.0,14.0,15.0,15.0,13.0,15.0,15,15,20.0,24.0,12.0,14.0,10.0,10.0,6.0,9.0,8,8.0,14.0,15.0
HG00324,EUR,FIN,12.0,12,11.0,14.0,10.0,11.0,17,24,14.0,16.0,13,13,9.0,10.0,13,11,13.0,18.0,18.0,19.0,11.0,8.0,12.0,14.0,14.0,15.0,14.0,13.0,17,17,21.0,25.0,13.0,12.0,7.0,12.0,7.0,6.0,9,11.0,16.0,17.0
HG00325,EUR,FIN,11.0,12,11.0,17.3,11.3,11.3,26,28,15.0,18.0,12,10,9.0,12.0,13,12,13.0,13.0,18.0,19.0,8.0,11.0,11.0,12.0,13.0,15.0,12.0,15.0,17,16,23.0,23.0,12.0,12.0,7.0,12.0,9.0,9.3,8,11.0,15.0,19.0
HG00326,EUR,FIN,11.0,12,11.0,16.0,13.0,14.0,20,25,16.0,17.0,11,11,10.0,12.0,13,10,14.0,15.0,17.0,23.0,10.0,12.0,9.0,10.0,18.0,17.0,13.0,13.2,11,15,22.0,22.0,13.0,10.0,14.0,15.0,8.0,9.3,8,8.0,16.0,19.0
HG00327,EUR,FIN,10.0,12,17.3,16.3,14.0,14.0,23,20,14.0,18.0,11,12,8.0,9.0,8,15,13.0,15.0,19.0,19.0,11.0,12.0,11.0,12.0,18.0,13.0,14.0,13.0,17,15,20.0,21.0,10.0,14.0,11.0,11.0,9.3,9.3,11,11.0,14.0,18.0
HG00328,EUR,FIN,12.0,12,14.0,14.0,11.0,11.0,21,22,14.0,15.0,14,13,11.0,8.0,13,10,13.0,17.0,19.0,21.0,12.0,12.0,11.0,11.0,12.0,14.0,14.0,13.0,15,16,22.0,20.0,8.0,12.0,9.0,10.0,7.0,9.3,8,9.0,18.0,19.0
HG00329,EUR,FIN,11.0,11,14.0,18.3,11.0,11.0,25,26,15.0,17.0,11,9,10.0,10.0,13,17,14.0,15.0,19.0,22.0,8.0,11.0,11.0,12.0,14.0,15.0,14.0,15.0,15,15,22.0,26.0,9.0,12.0,5.0,12.0,8.0,9.3,9,11.0,17.0,18.0
HG00330,EUR,FIN,10.0,12,15.0,17.3,11.0,14.0,19,19,15.0,17.0,10,13,10.0,11.0,10,13,12.0,15.0,17.0,18.0,12.0,12.0,12.0,14.0,17.0,17.0,14.0,15.0,17,15,23.0,23.0,9.0,10.0,5.0,10.0,9.3,9.3,9,11.0,18.0,18.0
HG00331,EUR,FIN,10.0,11,13.0,15.0,11.0,14.0,18,26,16.0,18.0,11,12,12.0,12.0,12,14,13.0,15.0,20.0,23.0,9.0,12.0,11.0,13.0,12.0,12.0,14.0,13.2,17,15,23.0,23.0,9.0,9.0,11.0,15.0,9.3,9.3,8,11.0,17.0,17.0
HG00332,EUR,FIN,12.0,12,14.0,16.0,13.0,14.0,23,26,14.0,15.0,13,13,10.0,11.0,13,14,15.0,15.0,15.0,22.0,8.0,11.0,11.0,13.0,18.0,16.0,14.0,13.2,15,16,20.0,23.0,9.0,14.0,5.0,5.0,7.0,9.3,8,8.0,16.0,17.0
HG00334,EUR,FIN,11.0,14,15.0,17.3,11.0,14.0,19,25,14.0,15.0,13,12,10.0,12.2,13,11,13.0,14.0,20.0,20.0,11.0,11.0,14.0,9.0,10.0,14.0,14.0,15.2,11,15,21.0,23.0,6.0,14.0,10.0,10.0,8.0,9.3,8,8.0,17.0,18.0
HG00335,EUR,FIN,13.0,10,11.0,17.3,10.0,11.0,20,21,14.0,16.0,12,12,8.0,10.0,13,14,13.0,12.0,16.0,18.0,12.0,14.0,11.0,11.0,14.0,16.0,12.0,16.2,11,16,22.0,24.0,13.0,9.0,12.0,15.0,7.0,9.0,11,12.0,17.0,18.0
HG00336,EUR,FIN,11.0,12,15.0,17.3,11.0,11.0,18,19,14.0,17.0,12,11,7.0,10.0,13,10,15.0,15.0,23.0,23.0,9.0,12.0,12.0,13.0,16.0,19.0,14.0,13.2,11,15,23.0,24.0,9.0,11.0,11.0,12.0,6.0,6.0,8,11.0,18.0,20.0
HG00337,EUR,FIN,13.0,12,18.3,17.3,10.0,11.0,17,17,15.0,18.0,12,11,10.0,8.0,14,15,15.0,15.0,18.0,19.0,8.0,9.0,12.0,9.0,13.0,19.0,14.0,15.2,16,16,22.0,25.0,9.0,9.0,12.0,12.0,7.0,6.0,8,8.0,19.0,20.0
HG00338,EUR,FIN,10.0,11,17.3,15.3,11.0,14.0,17,20,15.0,15.0,12,12,11.0,12.0,10,12,13.0,14.0,19.0,23.0,11.0,12.0,11.0,12.0,13.0,20.0,14.0,12.0,16,16,23.0,23.0,10.0,12.0,5.0,11.0,6.0,9.3,8,8.0,14.0,19.0
HG00339,EUR,FIN,13.0,12,14.0,14.0,10.0,15.0,21,25,15.0,16.0,12,12,10.0,12.0,13,16,13.0,16.0,15.0,19.0,12.0,13.0,11.0,11.0,13.0,13.0,14.0,16.2,16,16,21.0,23.0,13.0,11.0,7.0,10.0,7.0,9.3,8,8.0,16.0,17.0
HG00341,EUR,FIN,11.0,12,18.3,18.3,11.0,14.0,17,20,14.0,17.0,12,10,9.0,11.0,11,14,16.0,16.0,18.3,23.0,9.0,11.0,12.0,14.0,14.0,19.0,14.0,15.0,17,14,21.0,24.0,10.0,14.0,12.0,12.0,7.0,9.3,8,8.0,14.0,14.0
HG00342,EUR,FIN,12.0,12,12.0,15.0,11.0,14.0,23,19,15.0,16.0,12,11,13.0,10.0,10,12,14.0,14.0,19.0,21.0,12.0,12.0,12.0,12.0,16.0,21.0,15.0,17.0,15,16,22.0,20.0,13.0,14.0,12.0,12.0,6.0,8.0,8,8.0,16.0,18.0
HG00343,EUR,FIN,11.0,12,12.0,15.0,11.0,11.0,24,25,15.0,16.0,13,11,11.0,12.0,11,18,14.0,16.0,17.0,18.0,9.0,11.0,11.0,12.0,18.0,15.0,13.0,13.0,15,15,22.0,25.0,9.0,12.0,12.0,12.0,9.0,9.3,11,11.0,17.0,18.0
HG00344,EUR,FIN,12.0,12,18.3,15.3,11.3,14.0,18,19,16.0,16.0,11,11,9.0,11.0,15,15,13.0,15.0,22.0,23.0,10.0,12.0,11.0,12.0,18.0,16.0,14.0,13.0,17,16,22.0,20.0,11.0,12.0,7.0,12.0,8.0,9.3,8,8.0,16.0,19.0
HG00345,EUR,FIN,12.0,12,17.3,17.3,11.0,11.3,23,21,15.0,16.0,13,12,10.0,12.0,13,8,14.0,15.0,15.0,18.0,11.0,8.0,11.0,12.0,13.0,15.0,15.0,15.0,11,16,22.0,25.0,9.0,12.0,7.0,12.0,7.0,9.3,8,11.0,16.0,18.0
HG00346,EUR,FIN,12.0,12,15.0,16.0,10.0,14.0,16,25,17.0,18.0,12,11,10.0,11.0,13,16,13.0,14.0,18.0,22.0,11.0,12.0,12.0,9.0,14.0,16.0,14.0,12.0,17,15,21.0,25.0,10.0,12.0,10.0,11.0,7.0,9.0,8,8.0,16.0,16.0
HG00349,EUR,FIN,10.0,10,12.0,15.0,10.0,14.0,20,25,15.0,17.0,13,11,12.0,8.0,11,14,13.0,15.0,16.0,22.0,8.0,8.0,11.0,12.0,13.0,14.0,14.0,13.0,11,15,21.0,23.0,9.0,12.0,7.0,12.0,6.0,8.0,9,11.0,18.0,19.0
HG00350,EUR,FIN,11.0,12,15.0,15.3,10.0,14.0,20,25,16.0,16.0,11,12,13.0,10.0,13,13,15.0,15.0,18.0,18.0,11.0,12.0,11.0,10.0,14.0,14.0,13.0,15.0,15,16,22.0,23.0,12.0,12.0,7.0,12.0,6.0,8.0,8,8.0,18.0,18.0
HG00351,EUR,FIN,10.0,12,17.3,17.3,10.0,14.0,19,24,15.0,16.0,13,10,8.0,8.0,12,13,14.0,16.0,20.0,21.0,11.0,13.0,11.0,11.0,15.0,19.0,14.0,14.2,17,12,20.0,23.0,11.0,11.0,10.0,10.0,8.0,8.0,8,11.0,17.0,19.0
HG00353,EUR,FIN,13.0,10,17.3,17.3,10.0,10.0,17,19,15.0,16.0,12,7,10.0,12.0,13,13,14.0,15.0,23.0,23.0,12.0,13.0,11.0,12.0,13.0,13.0,14.0,13.0,16,16,22.0,25.0,12.0,12.0,12.0,12.0,8.0,9.3,8,8.0,14.0,17.0
HG00355,EUR,FIN,11.0,12,16.0,16.0,11.0,14.0,21,25,15.0,17.0,13,12,9.0,11.2,13,10,14.0,15.0,15.0,22.0,10.0,11.0,12.0,14.0,12.0,20.0,14.0,14.0,17,16,20.0,23.0,13.0,12.0,10.0,10.0,6.0,9.0,11,11.0,16.0,17.0
HG00356,EUR,FIN,9.0,10,11.0,17.3,10.0,14.0,17,25,16.0,16.0,13,12,9.0,11.0,10,14,15.0,16.0,18.0,19.0,10.0,11.0,12.0,9.0,13.0,14.0,15.0,16.2,16,16,21.0,24.0,13.0,12.0,7.0,12.0,9.0,9.0,8,8.0,17.0,17.0
HG00357,EUR,FIN,11.0,12,16.0,15.3,14.0,14.0,17,24,14.0,16.0,12,12,11.0,8.0,13,14,13.0,14.0,17.0,21.0,11.0,11.0,12.0,13.0,16.0,16.0,12.0,13.0,11,16,22.0,20.0,13.0,14.0,7.0,11.0,7.0,9.3,8,9.0,14.0,14.0
HG00358,EUR,FIN,12.0,12,13.0,15.0,11.0,11.3,25,25,15.0,17.0,13,9,7.0,8.0,12,16,13.0,13.0,18.0,19.0,11.0,11.0,11.0,13.0,12.0,13.0,13.0,17.0,17,17,22.0,20.0,11.0,12.0,7.0,12.0,6.0,9.0,8,11.0,14.0,17.0
HG00360,EUR,FIN,11.0,12,16.0,17.3,10.0,10.0,17,17,16.0,15.0,12,11,7.0,8.0,13,13,14.0,15.0,20.0,21.0,11.0,13.0,11.0,9.0,14.0,15.0,14.0,13.0,15,15,22.0,26.0,9.0,9.0,7.0,7.0,7.0,9.3,8,11.0,17.0,18.0
HG00361,EUR,FIN,12.0,12,17.0,16.0,11.0,11.3,16,25,15.0,17.0,12,11,10.0,11.0,13,11,14.0,14.0,19.0,22.0,11.0,11.0,11.0,9.0,13.0,15.0,15.0,15.0,15,16,23.0,25.0,13.0,13.0,10.0,11.0,7.0,9.0,8,8.0,14.0,16.0
HG00362,EUR,FIN,10.0,12,11.0,17.0,11.0,14.0,19,25,16.0,18.0,10,11,8.0,11.0,12,18,12.0,14.0,18.0,20.0,9.0,9.0,11.0,12.0,12.0,14.0,14.0,14.0,15,16,18.0,20.0,9.0,12.0,7.0,7.0,7.0,6.0,8,11.0,16.0,19.0
HG00364,EUR,FIN,12.0,12,15.0,17.3,11.0,11.3,23,19,15.0,15.0,12,12,10.0,11.0,8,13,13.0,14.0,17.0,17.0,9.0,11.0,9.0,12.0,14.0,14.0,13.0,14.2,15,16,22.0,24.0,13.0,11.0,10.0,10.0,6.0,9.3,8,12.0,16.0,17.0
HG00365,EUR,FIN,11.0,12,14.0,14.0,14.0,14.0,17,25,16.0,17.0,13,12,9.0,12.0,10,10,12.0,14.0,15.0,23.0,11.0,12.0,12.0,12.0,15.0,19.0,13.0,13.0,15,16,22.0,18.0,13.0,7.0,7.0,12.0,7.0,9.3,8,11.0,18.0,18.0
HG00366,EUR,FIN,11.0,12,17.0,15.0,11.0,14.0,20,24,15.0,15.0,11,12,11.0,12.0,14,14,15.0,16.0,18.0,19.0,12.0,12.0,13.0,15.0,18.0,14.0,15.0,15.0,15,16,23.0,25.0,9.0,12.0,13.0,11.0,7.0,9.3,8,11.0,19.0,19.0
HG00367,EUR,FIN,11.0,11,12.0,15.0,11.0,11.0,15,25,15.0,16.0,11,12,9.0,10.0,13,10,14.0,14.0,15.0,23.0,9.0,9.0,10.0,10.0,18.0,14.0,14.0,13.2,15,15,23.0,24.0,12.0,12.0,11.0,14.0,9.3,10.0,8,8.0,16.0,17.0
HG00368,EUR,FIN,10.0,10,13.0,18.3,10.0,11.3,20,24,16.0,17.0,10,12,10.0,11.0,11,13,13.0,14.0,19.0,23.0,10.0,11.0,11.0,12.0,14.0,19.0,14.0,13.0,11,15,21.0,26.0,9.0,14.0,5.0,5.0,9.3,9.3,8,8.0,13.0,17.0
HG00369,EUR,FIN,13.0,12,11.0,17.3,14.0,14.0,18,25,15.0,15.0,11,11,11.0,12.0,12,16,15.0,15.0,17.0,25.0,9.0,13.0,13.0,14.0,13.0,19.0,14.0,15.0,11,15,23.0,23.0,9.0,9.0,7.0,12.0,9.3,9.3,8,8.0,15.0,16.0
HG00371,EUR,FIN,13.0,11,13.0,17.3,10.0,11.0,17,19,17.0,17.0,11,11,13.0,10.0,13,13,15.0,15.0,17.3,18.0,11.0,8.0,12.0,12.0,18.0,15.0,15.0,15.0,15,16,20.0,20.0,9.0,10.0,5.0,5.0,9.0,9.3,11,11.0,16.0,17.0
HG00372,EUR,FIN,13.0,10,14.0,17.3,11.3,14.0,18,24,15.0,16.0,12,11,11.0,11.0,11,14,13.0,13.0,18.0,19.0,11.0,9.0,9.0,12.0,16.0,19.0,14.0,13.0,17,15,20.0,21.0,9.0,10.0,12.0,12.0,7.0,6.0,8,9.0,18.0,18.0
HG00373,EUR,FIN,9.0,12,12.0,13.0,10.0,14.0,19,20,16.0,16.0,10,12,9.0,8.0,10,12,13.0,13.0,18.0,19.0,11.0,14.0,12.0,9.0,19.0,19.0,13.0,15.0,15,16,22.0,24.0,9.0,12.0,11.0,11.0,7.0,9.3,8,11.0,17.0,19.0
HG00375,EUR,FIN,10.0,12,14.0,15.0,11.0,14.0,17,25,16.0,16.0,13,11,11.0,12.0,13,12,13.0,15.0,19.0,21.0,11.0,11.0,11.0,13.0,16.0,19.0,14.0,14.0,15,16,20.0,26.0,13.0,12.0,11.0,11.0,6.0,6.0,9,10.0,14.0,19.0
HG00376,EUR,FIN,11.0,12,14.0,18.3,11.0,14.0,19,26,14.0,17.0,12,9,8.0,11.2,13,8,15.0,15.0,16.0,18.0,11.0,13.0,11.0,12.0,15.0,16.0,14.0,13.0,16,16,22.0,23.0,9.0,9.0,15.0,15.0,7.0,8.0,8,8.0,14.0,17.0
HG00378,EUR,FIN,10.0,11,15.0,19.3,11.0,14.0,19,25,15.0,18.0,13,11,9.0,11.0,13,12,15.0,15.0,15.0,16.0,8.0,11.0,9.0,12.0,15.0,16.0,14.0,16.0,15,16,21.0,25.0,11.0,11.0,10.0,10.0,6.0,9.3,8,11.0,16.0,17.0
HG00379,EUR,FIN,10.0,12,13.0,17.3,10.0,14.0,20,25,16.0,18.0,13,12,10.0,8.0,13,14,15.0,16.0,19.0,17.0,9.0,10.0,11.0,12.0,14.0,19.0,14.0,16.2,11,16,22.0,22.0,9.0,11.0,7.0,11.0,6.0,9.3,11,11.0,17.0,17.0
HG00380,EUR,FIN,13.0,12,12.0,14.0,11.0,13.0,17,17,16.0,16.0,12,11,11.0,12.0,10,11,13.0,14.0,18.0,18.0,11.0,14.0,11.0,12.0,12.0,13.0,13.0,15.0,15,15,22.0,24.0,9.0,11.0,10.0,10.0,7.0,8.0,8,11.0,18.0,20.0
HG00381,EUR,FIN,13.0,11,11.0,15.0,10.0,14.0,24,25,15.0,17.0,13,11,10.0,11.0,12,17,13.0,17.0,19.0,19.0,11.0,11.0,13.0,10.0,16.0,16.0,14.0,14.2,15,16,20.0,24.0,11.0,11.0,7.0,12.0,7.0,7.0,8,9.0,16.0,20.0
HG00382,EUR,FIN,10.0,11,11.0,16.0,14.0,14.0,20,25,16.0,16.0,12,11,10.0,11.0,12,13,13.0,15.0,17.0,17.3,11.0,11.0,11.0,13.0,13.0,16.0,15.0,16.0,15,16,22.2,24.0,9.0,12.0,7.0,12.0,9.3,9.3,8,8.0,17.0,20.0
HG00383,EUR,FIN,13.0,10,11.0,15.0,10.0,11.0,19,19,15.0,17.0,13,12,9.0,9.0,13,14,14.0,17.0,19.0,19.0,11.0,11.0,11.0,12.0,18.0,14.0,14.2,15.0,11,15,21.0,23.0,12.0,12.0,7.0,12.0,9.3,9.3,8,8.0,17.0,20.0
HG00384,EUR,FIN,13.0,10,11.0,17.3,11.0,11.0,19,25,15.0,15.0,12,11,11.0,11.0,11,13,14.0,16.0,18.0,22.0,11.0,13.0,13.0,9.0,18.0,13.0,13.0,15.0,15,19,18.0,23.0,9.0,9.0,7.0,12.0,6.0,9.0,8,11.0,16.0,19.0
HG00096,EUR,GBR,10.0,12,14.0,15.3,10.0,11.0,19,20,14.0,16.0,11,11,9.0,10.0,10,13,13.0,13.0,18.0,18.0,12.0,12.0,11.0,13.0,14.0,16.0,14.0,13.0,11,15,22.0,23.0,13.0,13.0,10.0,10.0,7.0,9.3,8,11.0,17.0,17.0
HG00097,EUR,GBR,12.0,12,15.0,17.3,10.0,14.0,22,24,15.0,16.0,11,11,13.0,10.0,13,10,15.0,15.0,22.0,23.0,11.0,14.0,11.0,11.0,14.0,14.0,13.0,13.0,16,16,22.0,23.0,9.0,12.0,7.0,7.0,7.0,6.0,8,11.0,17.0,17.0
HG00099,EUR,GBR,10.0,12,15.0,18.0,10.0,14.0,20,22,15.0,18.0,13,12,10.0,11.0,13,12,13.0,15.0,18.0,22.0,12.0,12.0,13.0,10.0,15.0,16.0,12.0,17.0,16,16,22.0,20.0,10.0,10.0,7.0,7.0,6.0,6.0,9,11.0,14.0,17.0
HG00100,EUR,GBR,11.0,12,18.3,17.3,10.0,14.0,18,22,15.0,17.0,10,10,8.0,9.0,13,12,13.0,13.0,17.0,18.0,12.0,12.0,9.0,13.0,14.0,14.0,14.0,13.0,17,15,22.0,23.0,9.0,11.0,10.0,10.0,9.0,9.3,8,11.0,17.0,18.0
HG00101,EUR,GBR,10.0,12,13.0,16.0,10.0,15.0,20,24,14.0,15.0,11,15,10.0,10.0,12,14,13.0,14.0,17.0,20.0,12.0,12.0,11.0,12.0,12.0,17.0,14.0,14.0,16,16,23.0,24.0,9.0,12.0,12.0,14.0,7.0,9.3,8,9.0,14.0,18.0
HG00102,EUR,GBR,12.0,12,14.0,14.0,14.0,15.0,17,25,14.0,17.0,12,14,10.0,11.0,10,15,13.0,14.0,19.0,22.0,10.0,11.0,12.0,10.0,13.0,14.0,14.0,16.0,14,15,21.0,23.0,13.0,9.0,15.0,15.0,9.0,9.3,8,8.0,14.0,18.0
HG00103,EUR,GBR,11.0,12,12.0,16.0,11.0,11.0,19,25,17.0,17.0,12,10,9.0,10.0,13,15,13.0,16.0,20.0,22.0,8.0,11.0,11.0,12.0,16.0,17.0,14.0,14.0,15,15,22.0,24.0,9.0,12.0,12.0,14.0,7.0,9.3,11,12.0,15.0,16.0
HG00105,EUR,GBR,10.0,12,17.3,15.3,10.0,11.3,17,24,15.0,16.0,12,9,8.0,10.0,10,15,14.0,16.0,16.0,17.0,11.0,13.0,12.0,13.0,18.0,14.0,13.0,15.0,15,16,19.0,20.0,13.0,12.0,11.0,15.0,6.0,9.3,8,9.0,16.0,19.0
HG00106,EUR,GBR,10.0,12,18.3,18.3,11.0,13.0,17,21,16.0,17.0,12,12,10.0,11.0,13,12,14.0,14.0,19.0,21.0,11.0,12.0,12.0,13.0,14.0,16.0,14.0,14.2,16,16,20.0,23.0,13.0,12.0,7.0,11.0,6.0,9.3,8,11.0,15.0,17.0
HG00107,EUR,GBR,11.0,11,14.0,15.0,11.0,14.0,18,25,17.0,17.0,11,12,8.0,11.0,10,14,13.0,16.0,16.0,19.0,12.0,12.0,12.0,12.0,18.0,15.0,14.0,13.0,15,16,21.0,23.0,13.0,13.0,5.0,12.0,7.0,9.3,8,8.0,15.0,17.0
HG00108,EUR,GBR,10.0,11,17.0,14.0,10.0,11.0,17,26,14.0,15.0,10,11,11.0,11.0,13,15,13.0,13.0,17.0,22.0,11.0,13.0,11.0,9.0,12.0,15.0,13.0,15.0,15,16,22.0,21.0,13.0,11.0,5.0,7.0,7.0,9.3,8,11.0,16.0,18.0
HG00109,EUR,GBR,10.0,11,11.0,15.3,11.0,14.0,17,20,15.0,16.0,11,12,12.0,14.0,11,15,14.0,14.0,17.0,20.0,9.0,12.0,12.0,13.0,18.0,17.0,14.0,14.0,15,16,22.0,24.0,13.0,11.0,12.0,15.0,7.0,9.3,8,9.0,17.0,20.0
HG00110,EUR,GBR,10.0,12,14.0,14.0,10.0,11.0,23,17,14.0,15.0,13,11,11.0,12.0,13,15,13.0,14.0,19.0,18.0,12.0,12.0,11.0,12.0,14.0,14.0,14.0,14.0,15,16,19.0,24.0,9.0,9.0,12.0,12.0,7.0,9.3,10,11.0,15.0,15.0
HG00111,EUR,GBR,13.0,10,12.0,18.3,14.0,14.0,19,25,14.0,17.0,11,11,10.0,11.0,10,14,14.0,14.0,18.3,21.0,12.0,12.0,11.0,12.0,16.0,17.0,14.0,16.0,15,16,23.0,24.0,11.0,11.0,11.0,11.0,9.3,9.3,8,8.0,14.0,16.0
HG00112,EUR,GBR,13.0,11,17.3,15.3,11.0,11.3,23,18,16.0,17.0,13,11,11.0,8.0,14,15,15.0,16.0,18.3,20.0,11.0,12.0,9.0,10.0,16.0,17.0,14.0,12.0,11,15,23.0,23.0,9.0,10.0,10.0,10.0,8.0,9.3,8,11.0,16.0,18.0
HG00113,EUR,GBR,10.0,12,11.0,13.0,10.0,13.0,20,17,14.0,14.0,11,13,8.0,10.0,13,10,13.0,15.0,20.0,21.0,11.0,9.0,11.0,8.0,14.0,15.0,14.0,12.0,16,16,21.0,24.0,10.0,14.0,13.0,13.0,7.0,9.3,9,11.0,14.0,16.0
HG00114,EUR,GBR,11.0,12,17.3,15.3,11.0,11.3,17,20,16.0,18.0,13,11,9.0,10.0,13,15,13.0,11.0,18.0,19.0,9.0,9.0,12.0,13.0,18.0,12.0,14.0,15.2,15,16,22.0,24.0,11.0,12.0,7.0,7.0,7.0,9.3,8,11.0,17.0,19.0
HG00115,EUR,GBR,10.0,11,14.0,15.3,11.0,14.0,20,25,15.0,15.0,12,9,12.0,8.0,10,13,13.0,13.0,19.0,23.0,8.0,9.0,9.0,12.0,12.0,13.0,14.0,15.0,15,16,22.0,21.0,9.0,12.0,7.0,12.0,7.0,9.3,8,11.0,17.0,18.0
HG00116,EUR,GBR,10.0,12,12.0,16.0,14.0,14.0,25,25,15.0,16.0,13,10,9.0,10.0,10,11,14.0,15.0,21.0,22.0,9.0,14.0,12.0,13.0,12.0,15.0,14.0,15.0,15,15,20.0,26.0,9.0,15.0,5.0,7.0,7.0,7.0,8,11.0,14.0,18.0
HG00117,EUR,GBR,13.0,10,11.0,17.3,10.0,11.0,25,26,15.0,15.0,13,13,10.0,10.0,13,13,13.0,13.0,18.0,23.0,11.0,11.0,13.0,13.0,14.0,17.0,14.0,13.0,15,16,20.0,21.0,9.0,12.0,11.0,13.0,9.0,9.3,8,11.0,14.0,16.0
HG00118,EUR,GBR,10.0,11,14.0,15.3,11.0,14.0,18,25,14.0,17.0,13,12,9.0,11.0,10,13,14.0,14.0,18.0,22.0,11.0,12.0,12.0,12.0,12.0,15.0,12.0,16.2,16,18,20.0,25.0,13.0,12.0,7.0,12.0,7.0,9.3,8,9.0,14.0,17.0
HG00119,EUR,GBR,10.0,12,12.0,17.3,12.0,14.0,17,25,14.0,15.0,12,11,8.0,8.0,13,9,13.0,14.0,23.0,26.0,11.0,8.0,11.0,10.0,11.0,14.0,14.0,13.0,17,16,22.0,20.0,13.0,9.0,10.0,12.0,7.0,9.0,8,11.0,14.0,18.75
HG00120,EUR,GBR,11.0,12,12.0,16.3,10.0,14.0,20,20,16.0,16.0,12,11,9.0,12.0,10,10,14.0,16.0,18.0,19.0,9.0,9.0,12.0,13.0,12.0,13.0,14.0,16.0,11,15,23.0,23.0,9.0,12.0,7.0,7.0,6.0,6.0,8,8.0,16.0,17.0
HG00121,EUR,GBR,13.0,10,17.3,15.3,10.0,15.0,17,19,15.0,16.0,12,10,8.0,9.0,10,11,14.0,15.0,19.0,18.0,8.0,13.0,12.0,12.0,12.0,15.0,14.0,13.0,17,15,19.0,23.0,8.0,9.0,12.0,12.0,9.0,9.3,8,8.0,16.0,18.0
HG00122,EUR,GBR,10.0,10,17.3,15.3,12.0,14.0,17,20,15.0,17.0,10,11,9.0,10.0,10,14,14.0,15.0,20.0,20.0,12.0,12.0,11.0,12.0,11.0,14.0,14.0,14.0,15,16,24.0,25.0,9.0,11.0,10.0,14.0,6.0,9.3,8,11.0,14.0,17.0
HG00123,EUR,GBR,11.0,12,15.0,19.3,10.0,10.0,20,25,15.0,15.0,11,11,9.0,11.0,13,11,15.0,15.0,17.3,23.0,10.0,11.0,12.0,10.0,12.0,13.0,14.0,14.0,15,16,19.0,26.0,11.0,12.0,12.0,14.0,9.3,9.3,9,11.0,14.0,15.0
HG00125,EUR,GBR,10.0,11,12.0,17.3,11.0,14.0,18,24,15.0,15.0,12,11,9.0,10.0,14,15,14.0,15.0,17.0,18.0,11.0,12.0,11.0,14.0,14.0,16.0,12.0,13.0,15,15,22.0,20.0,11.0,11.0,8.0,8.0,6.0,6.0,8,10.0,16.0,17.0
HG00126,EUR,GBR,13.0,11,14.0,15.0,11.0,15.0,18,19,15.0,17.0,13,11,11.0,12.0,13,14,14.0,15.0,16.0,16.0,10.0,12.0,11.0,11.0,18.0,16.0,14.0,13.0,11,16,20.0,23.0,9.0,9.0,11.0,11.0,7.0,7.0,8,10.0,16.0,16.0
HG00127,EUR,GBR,12.0,12,14.0,18.3,13.0,14.0,20,25,16.0,18.0,11,11,11.0,12.0,13,15,13.0,13.0,17.0,22.0,11.0,11.0,12.0,12.0,12.0,17.0,14.0,15.0,17,11,20.0,21.0,10.0,14.0,7.0,14.0,9.3,9.3,8,8.0,17.0,20.0
HG00128,EUR,GBR,11.0,11,13.0,17.3,10.0,14.0,23,23,17.0,18.0,13,12,11.0,8.0,13,12,13.0,16.0,19.0,22.0,10.0,12.0,11.0,12.0,14.0,16.0,12.0,13.0,16,16,19.0,19.0,9.0,12.0,7.0,12.0,7.0,9.3,8,11.0,17.0,18.0
HG00129,EUR,GBR,11.0,11,14.0,19.3,14.0,15.0,20,26,15.0,18.0,13,15,11.0,8.0,8,14,13.0,16.0,19.0,23.0,8.0,11.0,12.0,13.0,10.0,20.0,14.0,13.0,11,16,22.0,24.0,11.0,11.0,10.0,16.0,6.0,9.0,8,12.0,14.0,18.0
HG00130,EUR,GBR,10.0,11,15.0,15.0,10.0,14.0,23,24,17.0,17.0,13,11,8.0,10.0,10,12,13.0,16.0,19.0,19.0,10.0,12.0,11.0,12.0,13.0,15.0,15.0,15.0,11,15,19.0,25.0,11.0,11.0,7.0,12.0,7.0,5.0,8,8.0,15.0,16.0
HG00131,EUR,GBR,8.0,10,13.0,15.0,11.0,14.0,21,24,15.0,19.0,12,11,10.0,10.0,13,15,12.0,14.0,15.0,20.0,8.0,12.0,11.0,11.0,15.0,19.0,14.0,15.0,16,16,22.0,22.0,11.0,12.0,7.0,11.0,6.0,6.0,8,8.0,15.0,17.0
HG00132,EUR,GBR,12.0,12,12.0,15.0,14.0,15.0,17,20,15.0,17.0,11,12,9.0,10.0,13,12,13.0,14.0,16.0,22.0,11.0,12.0,12.0,13.0,12.0,16.0,14.0,13.0,16,16,21.0,25.0,9.0,12.0,13.0,13.0,9.0,9.3,8,12.0,16.0,16.0
HG00133,EUR,GBR,11.0,11,13.0,17.3,13.0,14.0,24,25,15.0,17.0,10,11,10.0,11.0,12,12,16.0,18.0,15.0,22.0,11.0,8.0,11.0,12.0,12.0,13.0,13.0,15.0,12,14,21.0,26.0,13.0,11.0,10.0,12.0,8.0,9.3,8,8.0,14.0,16.0
HG00136,EUR,GBR,10.0,12,13.0,16.0,11.0,14.0,17,25,17.0,18.0,12,11,8.0,9.0,13,14,15.0,16.0,18.0,22.0,8.0,14.0,12.0,12.0,14.0,17.0,14.0,13.0,14,16,24.0,24.0,13.0,13.0,5.0,5.0,6.0,8.0,8,9.0,16.0,17.0
HG00137,EUR,GBR,9.0,11,15.0,16.0,14.0,14.0,17,17,14.0,16.0,13,12,9.0,10.0,9,14,15.0,15.0,18.0,18.0,11.0,12.0,11.0,11.0,12.0,14.0,14.0,14.0,16,16,22.0,24.0,11.0,12.0,7.0,12.0,6.0,6.0,11,11.0,16.0,17.0
HG00138,EUR,GBR,13.0,10,11.0,14.0,11.0,14.0,24,24,14.0,17.0,11,12,12.0,8.0,10,14,14.0,16.0,17.0,17.3,12.0,13.0,12.0,13.0,14.0,15.0,14.0,14.0,17,16,22.0,25.0,11.0,15.0,14.0,14.0,7.0,9.3,8,11.0,17.0,20.0
HG00139,EUR,GBR,10.0,12,12.0,12.0,10.0,14.0,17,19,16.0,16.0,13,11,10.0,10.0,14,14,15.0,15.0,21.0,24.0,10.0,12.0,12.0,13.0,13.0,15.0,14.0,14.0,15,15,25.0,25.0,9.0,9.0,7.0,7.0,7.0,10.0,8,8.0,14.0,18.0
HG00140,EUR,GBR,11.0,12,14.0,15.0,11.0,14.0,17,25,14.0,17.0,11,12,8.0,8.0,13,13,12.0,16.0,19.0,20.0,11.0,8.0,11.0,12.0,15.0,16.0,12.0,13.0,14,16,22.0,22.0,9.0,11.0,13.0,13.0,6.0,9.3,8,8.0,15.0,17.0
HG00141,EUR,GBR,10.0,11,15.0,16.3,14.0,14.0,25,26,16.0,17.0,12,12,9.0,10.0,11,12,16.0,16.0,21.0,21.0,9.0,11.0,11.0,9.0,15.0,17.0,13.0,15.0,11,16,22.0,25.0,13.0,9.0,7.0,12.0,6.0,9.3,8,8.0,16.0,16.0
HG00142,EUR,GBR,13.0,10,12.0,15.3,10.0,14.0,17,25,17.0,19.0,12,12,8.0,10.0,10,14,13.0,14.0,19.3,21.0,11.0,8.0,11.0,13.0,13.0,19.0,14.0,14.0,15,16,18.0,21.0,13.0,13.0,7.0,12.0,7.0,9.0,8,10.0,14.0,15.0
HG00143,EUR,GBR,13.0,12,17.0,18.3,14.0,15.0,17,20,15.0,18.0,13,10,12.0,14.0,13,15,15.0,17.0,18.0,22.0,12.0,12.0,11.0,13.0,14.0,16.0,13.0,15.2,15,16,24.0,24.0,9.0,9.0,5.0,12.0,7.0,9.3,8,11.0,14.0,18.0
HG00145,EUR,GBR,12.0,12,16.0,16.3,10.0,10.0,20,25,16.0,17.0,12,12,8.0,10.0,12,14,14.0,16.0,18.0,18.0,10.0,13.0,13.0,13.0,18.0,17.0,14.0,13.0,15,16,22.0,21.0,9.0,11.0,7.0,12.0,8.0,9.0,8,11.0,17.0,18.0
HG00146,EUR,GBR,10.0,11,11.0,15.3,14.0,15.0,17,24,14.0,15.0,9,11,9.0,11.0,13,14,14.0,16.0,20.0,23.0,9.0,11.0,13.0,9.0,13.0,16.0,12.0,13.0,15,15,23.0,24.0,13.0,12.0,13.0,13.0,7.0,7.0,8,11.0,17.0,20.0
HG00148,EUR,GBR,11.0,14,11.0,15.0,14.0,15.0,17,24,15.0,18.0,13,12,10.0,14.0,13,13,13.0,14.0,18.0,20.0,11.0,12.0,11.0,13.0,13.0,15.0,14.0,14.0,11,15,22.2,24.0,11.0,12.0,7.0,12.0,7.0,9.3,8,10.0,13.0,18.0
HG00149,EUR,GBR,13.0,10,15.0,17.3,10.0,11.0,17,20,17.0,18.0,11,12,9.0,12.0,12,12,14.0,14.0,23.0,24.0,11.0,13.0,12.0,12.0,15.0,16.0,13.0,15.0,17,16,23.0,26.0,9.0,14.0,10.0,12.0,7.0,7.0,11,11.0,18.0,19.0
HG00150,EUR,GBR,10.0,12,17.0,11.0,10.0,14.0,17,21,15.0,15.0,11,11,10.0,14.0,10,11,14.0,15.0,20.0,21.0,12.0,13.0,12.0,12.0,15.0,16.0,14.0,15.0,14,16,22.0,21.0,13.0,9.0,12.0,12.0,6.0,9.3,8,10.0,14.0,18.0
HG00151,EUR,GBR,9.0,11,16.3,15.3,11.0,13.0,17,25,17.0,18.0,11,13,10.0,11.0,13,14,13.0,15.0,19.0,25.0,9.0,11.0,12.0,10.0,18.0,20.0,14.0,16.2,11,15,22.0,21.0,13.0,13.0,12.0,15.0,7.0,9.0,8,8.0,17.0,18.0
HG00154,EUR,GBR,10.0,14,15.0,16.0,11.0,14.0,17,20,15.0,18.0,13,12,10.0,12.0,12,14,13.0,14.0,17.0,18.0,11.0,12.0,9.0,10.0,13.0,14.0,14.0,13.0,15,16,22.0,19.0,13.0,13.0,12.0,13.0,7.0,6.0,11,11.0,16.0,17.0
HG00155,EUR,GBR,11.0,12,14.0,17.3,11.0,14.0,18,25,15.0,16.0,11,11,10.0,12.0,13,16,13.0,13.0,17.0,22.0,11.0,9.0,11.0,13.0,12.0,15.0,13.0,13.0,16,18,21.0,24.0,9.0,10.0,5.0,5.0,9.0,9.3,8,8.0,15.0,16.0
HG00157,EUR,GBR,11.0,12,9.0,16.0,11.0,14.0,17,20,15.0,15.0,12,11,9.0,12.0,13,10,13.0,13.0,17.0,18.0,12.0,12.0,12.0,14.0,12.0,15.0,14.0,15.0,16,16,21.0,21.0,10.0,11.0,7.0,7.0,8.0,8.0,8,8.0,16.0,16.0
HG00158,EUR,GBR,10.0,12,13.0,15.0,11.0,15.0,19,25,15.0,16.0,12,12,9.0,11.0,13,13,14.0,15.0,23.0,25.0,11.0,9.0,11.0,10.0,18.0,15.0,14.0,16.0,15,16,18.0,23.0,10.0,11.0,12.0,12.0,7.0,6.0,8,11.0,16.0,18.0
HG00159,EUR,GBR,12.0,12,14.0,17.3,11.0,11.0,18,19,15.0,17.0,12,11,9.0,10.0,15,15,13.0,14.0,21.0,23.0,12.0,13.0,11.0,12.0,15.0,16.0,13.0,15.0,14,15,20.0,21.0,11.0,12.0,5.0,12.0,8.0,8.0,8,8.0,14.0,20.0
HG00160,EUR,GBR,13.0,11,12.0,16.0,10.0,14.0,18,25,15.0,15.0,13,13,8.0,10.0,13,13,13.0,15.0,18.0,22.0,11.0,13.0,11.0,12.0,17.0,19.0,14.0,13.0,11,16,22.0,23.0,9.0,10.0,7.0,13.0,8.0,9.3,8,8.0,17.0,18.0
HG00231,EUR,GBR,11.0,12,15.3,15.3,11.0,14.0,20,24,17.0,18.0,11,9,9.0,10.0,12,15,14.0,15.0,21.0,24.0,11.0,13.0,11.0,10.0,18.0,18.0,14.0,12.0,15,15,23.0,23.0,13.0,11.0,5.0,7.0,6.0,9.3,8,11.0,14.0,16.0
HG00232,EUR,GBR,10.0,10,15.0,15.3,14.0,14.0,21,25,15.0,18.0,12,11,8.0,10.0,10,11,13.0,15.0,18.3,20.0,9.0,12.0,12.0,13.0,14.0,15.0,14.0,13.0,16,16,22.0,24.0,10.0,15.0,12.0,12.0,6.0,6.0,8,8.0,14.0,18.0
HG00233,EUR,GBR,10.0,11,13.0,18.3,11.0,11.0,21,24,16.0,18.0,12,11,10.0,11.0,11,14,13.0,15.0,17.0,22.0,8.0,10.0,11.0,12.0,13.0,15.0,14.0,14.0,16,16,20.0,21.0,13.0,12.0,5.0,11.0,9.3,9.3,9,12.0,14.0,17.0
HG00234,EUR,GBR,9.0,12,17.0,15.0,11.0,13.0,17,17,15.0,18.0,13,11,10.0,8.0,13,12,13.0,14.0,20.0,20.0,11.0,8.0,9.0,13.0,13.0,14.0,13.0,15.0,17,16,22.0,24.0,9.0,12.0,12.0,12.0,7.0,6.0,8,11.0,15.0,15.0
HG00235,EUR,GBR,10.0,10,11.0,16.3,11.0,14.0,18,20,15.0,17.0,11,11,9.0,10.0,11,12,14.0,16.0,16.0,18.0,8.0,13.0,9.0,12.0,13.0,15.0,13.0,15.2,11,15,24.0,25.0,11.0,12.0,7.0,7.0,8.0,9.3,8,9.0,16.0,18.0
HG00236,EUR,GBR,10.0,11,17.0,16.3,13.0,13.0,19,25,14.0,15.0,11,11,7.0,10.0,13,11,15.0,15.0,15.0,17.0,11.0,11.0,11.0,11.0,15.0,16.0,14.0,14.0,16,16,19.0,20.0,10.0,12.0,12.0,12.0,9.0,9.3,8,11.0,16.0,17.0
HG00237,EUR,GBR,13.0,12,13.0,15.3,10.0,14.0,17,20,14.0,14.0,9,11,13.0,12.0,13,13,15.0,16.0,19.0,24.0,9.0,12.0,11.0,13.0,15.0,15.0,15.0,15.2,17,16,19.0,21.0,9.0,12.0,5.0,12.0,6.0,6.0,8,8.0,14.0,17.0
HG00238,EUR,GBR,10.0,12,13.0,16.3,10.0,14.0,17,17,15.0,16.0,13,11,11.0,11.0,12,15,14.0,14.0,18.0,24.0,12.0,12.0,11.0,9.0,13.0,20.0,13.0,13.0,14,16,20.0,21.0,9.0,12.0,5.0,7.0,6.0,9.0,8,8.0,14.0,18.0
HG00239,EUR,GBR,10.0,12,16.0,15.3,10.0,11.3,16,18,14.0,16.0,11,13,8.0,10.0,8,12,15.0,16.0,22.0,22.0,12.0,14.0,9.0,10.0,12.0,14.0,14.0,14.0,15,15,20.0,23.0,11.0,14.0,12.0,12.0,9.3,9.3,8,8.0,16.0,17.0
HG00240,EUR,GBR,12.0,12,15.0,18.3,14.0,15.0,21,23,14.0,15.0,9,11,10.0,10.0,13,12,13.0,14.0,19.0,24.0,8.0,8.0,12.0,13.0,11.0,15.0,14.0,14.0,15,16,20.0,20.0,13.0,9.0,7.0,12.0,7.0,7.0,8,8.0,14.0,16.0
HG00242,EUR,GBR,10.0,12,14.0,16.0,11.0,14.0,17,25,16.0,15.0,11,12,10.0,11.0,11,14,13.0,17.0,16.0,23.0,8.0,12.0,11.0,9.0,14.0,13.0,14.0,12.0,15,15,21.0,24.0,13.0,11.0,14.0,15.0,8.0,9.3,8,8.0,15.0,19.0
HG00243,EUR,GBR,10.0,11,13.0,14.0,11.0,14.0,17,22,16.0,17.0,12,12,9.0,11.0,10,12,13.0,16.0,18.3,22.0,8.0,11.0,11.0,13.0,14.0,16.0,14.0,15.0,15,15,21.0,26.0,11.0,12.0,5.0,7.0,7.0,9.3,12,12.0,18.0,19.0
HG00244,EUR,GBR,11.0,11,12.0,19.3,11.0,15.0,23,20,15.0,16.0,12,12,11.0,11.0,14,14,14.0,15.0,19.0,23.0,12.0,12.0,12.0,13.0,15.0,16.0,14.0,14.0,15,15,23.0,25.0,11.0,12.0,5.0,11.0,8.0,9.3,9,10.0,16.0,17.0
HG00245,EUR,GBR,10.0,12,11.0,13.0,10.0,11.0,19,20,15.0,16.0,13,12,9.0,10.0,13,11,13.0,15.0,17.0,20.0,9.0,11.0,12.0,13.0,18.0,13.0,13.0,13.0,16,16,22.0,23.0,10.0,10.0,12.0,13.0,6.0,9.3,8,11.0,16.0,19.0
HG00246,EUR,GBR,10.0,12,12.0,15.3,11.0,14.0,20,25,14.0,16.0,11,12,10.0,11.0,12,13,14.0,14.0,18.0,21.0,11.0,8.0,11.0,9.0,15.0,17.0,14.0,12.0,15,16,21.0,25.0,13.0,13.0,7.0,11.0,9.0,9.3,8,11.0,16.0,18.0
HG00250,EUR,GBR,11.0,12,11.0,11.0,11.0,14.0,20,21,16.0,18.0,12,11,8.0,11.0,10,10,13.0,13.0,17.3,22.0,9.0,11.0,11.0,12.0,14.0,15.0,14.0,15.0,17,16,20.0,23.0,13.0,9.0,11.0,12.0,7.0,9.3,8,8.0,14.0,17.0
HG00251,EUR,GBR,13.0,11,15.0,15.3,11.0,14.0,17,19,15.0,20.0,12,11,9.0,11.0,13,9,14.0,14.0,18.0,18.3,12.0,13.0,11.0,13.0,13.0,15.0,12.0,13.0,15,15,19.0,21.0,10.0,12.0,5.0,8.0,9.0,9.3,9,11.0,16.0,17.0
HG00252,EUR,GBR,10.0,11,17.0,16.3,12.0,14.0,17,19,18.0,18.0,11,12,11.0,12.0,11,12,13.0,14.0,21.0,22.0,8.0,9.0,12.0,13.0,18.0,15.0,14.0,13.0,17,16,23.0,26.0,11.0,11.0,7.0,7.0,6.0,6.0,8,9.0,14.0,15.0
HG00253,EUR,GBR,12.0,12,13.0,15.0,13.0,14.0,17,25,15.0,15.0,12,12,10.0,12.0,13,15,16.0,16.0,20.0,23.0,12.0,12.0,12.0,12.0,13.0,13.0,14.0,13.0,17,15,22.0,21.0,13.0,9.0,7.0,7.0,9.0,9.0,8,8.0,17.0,17.0
HG00254,EUR,GBR,11.0,12,15.0,15.0,11.0,14.0,20,25,16.0,17.0,12,11,10.0,10.0,9,14,13.0,12.0,20.0,21.0,8.0,14.0,13.0,13.0,12.0,12.0,13.0,13.0,16,16,23.0,24.0,13.0,12.0,10.0,12.0,9.0,9.3,8,12.0,16.0,19.0
HG00255,EUR,GBR,10.0,12,12.0,14.0,13.0,14.0,21,21,16.0,18.0,12,11,10.0,11.0,11,14,15.0,15.0,18.0,22.0,11.0,12.0,11.0,13.0,14.0,16.0,14.0,15.0,17,16,22.0,21.0,9.0,14.0,10.0,12.0,7.0,9.0,8,11.0,16.0,16.0
HG00256,EUR,GBR,12.0,12,14.0,15.0,10.0,11.0,17,24,14.0,18.0,10,10,9.0,11.0,14,15,13.0,14.0,20.0,21.0,12.0,12.0,11.0,9.0,13.0,17.0,14.0,15.0,15,15,22.0,20.0,11.0,14.0,12.0,14.0,7.0,6.0,8,9.0,18.0,19.0
HG00257,EUR,GBR,10.0,12,15.0,17.3,11.3,14.0,17,25,14.0,15.0,11,9,10.0,12.0,13,14,13.0,14.0,19.0,18.3,12.0,13.0,11.0,10.0,16.0,17.0,14.0,15.2,16,16,20.0,23.0,13.0,12.0,7.0,7.0,8.0,9.0,8,8.0,14.0,18.0
HG00258,EUR,GBR,11.0,11,16.3,16.3,11.0,11.0,16,25,14.0,15.0,11,12,8.0,11.0,13,14,13.0,15.0,20.0,21.0,11.0,12.0,11.0,12.0,14.0,20.0,13.0,15.2,17,16,20.0,24.0,9.0,11.0,7.0,12.0,7.0,6.0,8,11.0,15.0,16.0
HG00259,EUR,GBR,10.0,10,17.0,11.0,10.0,11.0,23,26,15.0,15.0,12,12,9.0,11.0,13,10,13.0,13.0,18.0,19.0,11.0,11.0,9.0,12.0,13.0,13.0,14.0,13.0,17,16,23.2,23.0,13.0,13.0,7.0,12.0,7.0,10.0,8,11.0,17.0,18.0
HG00260,EUR,GBR,11.0,12,17.0,12.0,12.0,14.0,23,24,15.0,17.0,12,11,8.0,8.0,13,14,14.0,15.0,20.0,21.0,8.0,11.0,11.0,12.0,13.0,21.0,15.0,16.0,15,15,21.0,21.0,13.0,10.0,10.0,12.0,7.0,9.0,9,11.0,16.0,18.0
HG00261,EUR,GBR,13.0,11,17.0,13.0,12.0,14.0,24,24,14.0,15.0,11,12,10.0,10.0,10,13,14.0,14.0,17.0,24.0,11.0,12.0,11.0,12.0,13.0,16.0,14.0,14.0,15,16,20.0,26.0,10.0,12.0,7.0,14.0,6.0,9.0,8,11.0,14.0,16.0
HG00262,EUR,GBR,11.0,12,12.0,15.3,10.0,14.0,20,25,15.0,17.0,11,12,12.0,12.0,13,13,13.0,15.0,15.0,24.0,8.0,12.0,12.0,13.0,16.0,19.0,14.0,15.0,16,16,22.0,21.0,9.0,12.0,7.0,10.0,6.0,9.3,8,8.0,14.0,18.0
HG00263,EUR,GBR,10.0,12,15.0,18.3,10.0,14.0,18,20,16.0,18.0,11,13,9.0,9.0,12,17,13.0,14.0,18.0,22.0,11.0,9.0,11.0,12.0,12.0,16.0,15.0,16.0,15,16,23.0,24.0,9.0,15.0,7.0,12.0,9.3,9.3,9,11.0,16.0,19.0
HG00264,EUR,GBR,10.0,12,18.3,17.3,10.0,10.0,19,20,15.0,18.0,12,11,8.0,11.0,13,13,14.0,14.0,20.0,21.0,11.0,13.0,12.0,12.0,13.0,17.0,14.0,13.0,16,16,22.0,22.0,13.0,11.0,7.0,12.0,9.0,9.3,8,8.0,16.0,17.0
HG00265,EUR,GBR,10.0,12,13.0,16.3,11.0,14.0,17,18,16.0,18.0,12,12,11.0,11.0,13,16,16.0,16.0,17.0,21.0,11.0,12.0,12.0,12.0,12.0,15.0,14.0,14.0,15,16,22.0,21.0,9.0,9.0,5.0,5.0,9.3,9.3,8,8.0,16.0,18.0
HG01334,EUR,GBR,10.0,11,14.0,15.3,11.0,11.0,19,20,16.0,17.0,14,12,7.0,9.0,13,12,14.0,14.0,18.3,23.0,10.0,12.0,14.0,14.0,14.0,14.0,13.0,15.0,17,16,21.0,25.0,13.0,13.0,5.0,7.0,9.0,9.3,8,11.0,17.0,18.0
HG01789,EUR,GBR,10.0,11,15.0,16.0,10.0,11.0,18,20,14.0,17.0,8,11,10.0,8.0,14,14,15.0,16.0,18.3,20.0,11.0,11.0,12.0,13.0,15.0,20.0,14.2,17.2,16,16,21.0,23.0,9.0,12.0,7.0,10.0,7.0,9.3,11,11.0,15.0,16.0
HG01790,EUR,GBR,13.0,12,14.0,16.0,11.0,14.0,22,25,15.0,15.0,13,9,9.0,12.0,12,14,15.0,17.0,21.0,24.0,13.0,14.0,12.0,13.0,18.0,14.0,12.0,15.0,16,16,22.0,25.0,9.0,9.0,7.0,12.0,6.0,6.0,8,11.0,14.0,14.0
HG01791,EUR,GBR,9.0,10,12.0,15.3,12.0,14.0,21,25,14.0,16.0,11,11,11.0,8.0,11,12,14.0,14.0,17.3,21.0,9.0,10.0,11.0,12.0,12.0,13.0,14.0,14.0,15,16,20.0,21.0,13.0,9.0,7.0,12.0,8.0,9.3,8,11.0,14.0,17.0
HG02215,EUR,GBR,10.0,12,15.0,15.3,10.0,14.0,23,18,16.0,16.0,11,11,8.0,9.0,10,13,13.0,15.0,21.0,21.0,8.0,14.0,13.0,10.0,14.0,16.0,13.0,13.0,14,15,22.0,24.0,13.0,8.0,12.0,13.0,6.0,9.3,11,11.0,18.0,20.0
HG01500,EUR,IBS,10.0,12,12.0,13.0,11.0,11.0,17,19,17.0,17.0,11,11,8.0,10.0,11,15,14.0,15.0,18.0,19.3,11.0,14.0,13.0,13.0,12.0,16.0,14.0,16.0,17,16,25.0,25.0,9.0,9.0,7.0,12.0,7.0,9.3,8,11.0,17.0,17.0
HG01501,EUR,IBS,11.0,12,12.0,16.3,10.0,14.0,20,25,15.0,16.0,13,12,11.0,8.0,13,14,15.0,17.0,19.0,22.0,13.0,14.0,11.0,12.0,15.0,16.0,14.0,13.0,17,15,22.0,25.0,10.0,12.0,7.0,12.0,9.0,9.0,9,11.0,14.0,16.0
HG01503,EUR,IBS,11.0,14,15.0,18.3,11.0,11.0,17,17,15.0,15.0,11,11,11.0,8.0,9,14,14.0,14.0,22.0,23.0,11.0,13.0,11.0,12.0,14.0,15.0,13.0,13.0,15,16,22.0,21.0,9.0,12.0,11.0,11.0,6.0,9.0,8,11.0,15.0,16.0
HG01504,EUR,IBS,11.0,12,17.3,16.3,13.0,14.0,17,20,14.0,16.0,12,11,13.0,8.0,13,13,13.0,13.0,18.0,20.0,10.0,11.0,8.0,13.0,12.0,17.0,12.0,13.0,14,15,20.0,21.0,13.0,10.0,7.0,7.0,9.0,9.3,11,11.0,14.0,18.0
HG01506,EUR,IBS,10.0,10,11.0,16.3,11.3,14.0,18,20,16.0,18.0,12,11,11.0,8.0,11,14,13.0,13.0,17.3,21.0,12.0,14.0,11.0,9.0,14.0,17.0,14.0,15.2,11,15,22.0,25.0,7.0,12.0,7.0,7.0,8.0,8.0,11,11.0,15.0,17.0
HG01507,EUR,IBS,11.0,12,15.0,15.0,11.0,14.0,24,25,15.0,16.0,13,13,10.0,8.0,11,15,14.0,16.0,17.0,21.0,10.0,10.0,12.0,9.0,16.0,17.0,14.0,12.0,15,15,21.0,24.0,11.0,9.0,10.0,12.0,7.0,8.0,10,11.0,14.0,17.0
HG01509,EUR,IBS,10.0,11,14.3,16.0,10.0,11.0,16,22,14.0,15.0,13,11,9.0,10.0,8,12,13.0,15.0,17.0,23.0,12.0,13.0,10.0,12.0,12.0,19.0,14.0,15.2,14,16,21.0,23.0,12.0,12.0,9.0,10.0,6.0,9.3,8,8.0,16.0,18.0
HG01510,EUR,IBS,13.0,11,14.0,15.0,11.0,11.3,17,24,14.0,15.0,11,11,8.0,10.0,13,13,13.0,14.0,17.0,22.0,11.0,12.0,12.0,13.0,18.0,16.0,13.0,13.0,16,16,21.0,21.0,10.0,11.0,12.0,15.0,8.0,9.3,8,9.0,14.0,17.0
HG01512,EUR,IBS,11.0,12,12.0,15.0,14.0,14.0,23,23,14.0,18.0,11,9,8.0,10.0,9,14,14.0,16.0,15.0,24.0,11.0,11.0,11.0,11.0,14.0,19.0,13.0,16.0,11,15,22.0,21.0,12.0,12.0,11.0,14.0,6.0,9.3,8,11.0,17.0,17.0
HG01513,EUR,IBS,11.0,11,17.0,11.0,10.0,14.0,21,26,16.0,18.0,13,10,10.0,12.0,13,14,13.0,17.0,17.0,18.0,10.0,11.0,11.0,11.0,12.0,14.0,13.0,15.0,16,16,22.0,24.0,11.0,12.0,12.0,11.0,8.0,9.0,8,8.0,14.0,14.0
HG01515,EUR,IBS,13.0,10,16.0,17.3,10.0,14.0,17,23,14.0,18.0,12,12,10.0,11.0,13,14,12.0,16.0,18.0,21.0,12.0,13.0,13.0,10.0,18.0,11.0,14.0,14.0,15,16,22.0,20.0,9.0,12.0,13.0,14.0,6.0,9.3,8,9.0,17.0,17.0
HG01516,EUR,IBS,10.0,12,15.0,15.0,14.0,15.0,17,17,14.0,18.0,12,10,10.0,11.0,13,15,14.0,16.0,16.0,19.0,10.0,11.0,11.0,13.0,17.0,17.0,12.0,15.2,10,16,20.0,25.0,11.0,12.0,12.0,13.0,9.0,9.3,8,8.0,16.0,17.0
HG01518,EUR,IBS,10.0,11,11.0,14.0,11.0,14.0,23,17,16.0,17.0,11,11,9.0,11.0,13,13,13.0,14.0,18.0,22.0,8.0,8.0,8.0,9.0,14.0,15.0,12.0,13.0,15,16,22.0,24.0,12.0,12.0,7.0,12.0,9.0,9.0,11,12.0,15.0,16.0
HG01519,EUR,IBS,10.0,12,17.0,17.3,11.0,11.0,17,17,16.0,17.0,9,11,10.0,11.0,13,13,14.0,15.0,21.0,22.0,8.0,12.0,11.0,12.0,12.0,16.0,14.0,15.0,15,15,19.0,23.0,11.0,12.0,8.0,8.0,7.0,9.3,8,11.0,17.0,17.0
HG01521,EUR,IBS,10.0,12,17.0,14.0,10.0,16.0,17,20,16.0,17.0,12,11,7.0,11.0,10,14,14.0,15.0,20.0,20.0,11.0,8.0,12.0,12.0,17.0,19.0,14.0,14.0,17,15,23.0,24.0,13.0,15.0,13.0,13.0,6.0,9.3,8,10.0,17.0,18.0
HG01522,EUR,IBS,11.0,11,16.0,16.0,11.0,16.0,16,16,14.0,15.0,13,12,9.0,9.0,13,15,13.0,14.0,22.0,22.0,11.0,12.0,12.0,12.0,12.0,17.0,14.0,13.0,15,16,22.0,20.0,9.0,14.0,5.0,11.0,7.0,9.0,8,11.0,14.0,15.0
HG01524,EUR,IBS,10.0,12,12.0,17.3,11.0,14.0,16,17,15.0,17.0,12,11,8.0,8.0,11,17,15.0,15.0,18.0,18.0,12.0,12.0,11.0,12.0,12.0,14.0,14.0,14.0,17,15,21.0,25.0,13.0,9.0,12.0,13.0,7.0,9.3,8,11.0,17.0,18.0
HG01525,EUR,IBS,10.0,11,12.0,15.0,10.0,14.0,16,21,16.0,17.0,12,11,8.0,9.0,13,11,14.0,16.0,17.0,21.0,11.0,12.0,11.0,12.0,12.0,12.0,14.0,14.0,15,16,22.0,24.0,9.0,12.0,10.0,12.0,6.0,9.3,8,8.0,17.0,17.0
HG01527,EUR,IBS,10.0,10,17.3,17.3,10.0,11.0,17,24,15.0,15.0,13,12,11.0,12.0,13,13,14.0,15.0,21.0,23.0,12.0,13.0,14.0,14.0,12.0,17.0,15.0,16.0,15,16,19.0,20.0,12.0,8.0,11.0,12.0,6.0,6.0,8,8.0,15.0,15.0
HG01528,EUR,IBS,11.0,12,12.0,15.3,11.0,11.3,22,24,15.0,17.0,12,11,10.0,12.0,14,14,16.0,16.0,15.0,24.0,11.0,12.0,13.0,10.0,12.0,15.0,14.0,12.0,16,16,19.0,21.0,13.0,13.0,10.0,12.0,9.0,9.3,8,12.0,14.0,18.0
HG01530,EUR,IBS,12.0,12,16.0,15.3,10.0,14.0,17,19,14.0,17.0,12,12,9.0,10.0,13,12,13.0,15.0,19.0,17.3,11.0,12.0,13.0,13.0,18.0,14.0,13.0,15.0,15,16,22.0,23.0,13.0,9.0,7.0,8.0,7.0,9.0,8,8.0,18.0,20.0
HG01531,EUR,IBS,11.0,12,12.0,15.3,11.0,11.0,23,24,17.0,17.0,13,11,10.0,11.0,11,12,12.0,14.0,21.0,23.0,10.0,12.0,9.0,13.0,12.0,12.0,14.0,13.0,17,15,21.2,23.0,9.0,11.0,10.0,10.0,6.0,9.3,11,11.0,14.0,17.0
HG01536,EUR,IBS,11.0,12,13.0,18.3,14.0,16.0,19,25,18.0,19.0,13,12,9.0,10.0,10,15,13.0,17.0,15.0,20.0,9.0,11.0,9.0,12.0,12.0,16.0,14.0,13.0,16,16,22.0,23.0,13.0,10.0,6.0,6.0,9.0,9.0,8,8.0,16.0,17.0
HG01537,EUR,IBS,10.0,11,12.0,18.3,11.0,14.0,17,25,14.0,18.0,12,9,10.0,11.0,12,14,13.0,15.0,18.0,20.0,11.0,11.0,10.0,10.0,13.0,13.0,13.0,15.2,17,15,21.0,24.0,12.0,14.0,7.0,12.0,8.0,9.0,8,11.0,18.0,18.0
HG01602,EUR,IBS,10.0,10,12.0,18.3,11.0,14.0,18,20,15.0,17.0,12,12,8.0,11.0,13,13,14.0,14.0,17.0,22.0,11.0,9.0,12.0,13.0,13.0,16.0,14.0,12.0,15,15,18.3,19.0,11.0,12.0,7.0,7.0,9.3,10.0,8,11.0,16.0,17.0
HG01603,EUR,IBS,13.0,14,12.0,17.3,11.0,15.0,19,24,17.0,17.0,13,12,13.0,8.0,13,11,13.0,17.0,18.0,19.0,11.0,13.0,11.0,13.0,9.0,14.0,13.0,15.2,11,15,19.0,27.0,13.0,14.0,12.0,14.0,6.0,8.0,8,8.0,14.0,15.0
HG01605,EUR,IBS,10.0,11,17.3,16.3,10.0,10.0,17,20,17.0,18.0,11,13,9.0,10.0,12,15,13.0,13.0,15.0,17.0,11.0,11.0,13.0,13.0,15.0,17.0,14.0,13.0,14,15,22.0,21.0,13.0,14.0,5.0,10.0,6.0,9.0,9,10.0,17.0,17.0
HG01606,EUR,IBS,11.0,11,15.0,15.0,11.0,11.0,19,25,14.0,15.0,13,12,11.0,8.0,13,15,14.0,16.0,15.0,20.0,11.0,11.0,11.0,11.0,12.0,15.0,12.0,15.2,11,16,24.0,24.0,13.0,12.0,11.0,11.0,6.0,8.0,8,8.0,15.0,16.0
HG01607,EUR,IBS,10.0,11,15.0,15.0,10.0,11.0,18,21,16.0,18.0,10,11,10.0,11.0,11,14,13.0,14.0,21.0,23.0,11.0,11.0,11.0,11.0,15.0,17.0,14.0,12.0,14,16,21.0,24.0,10.0,11.0,7.0,12.0,6.0,9.3,8,8.0,16.0,17.0
HG01608,EUR,IBS,11.0,11,13.0,16.3,11.0,11.0,17,18,18.0,18.0,13,11,13.0,9.0,12,12,12.0,16.0,17.0,19.0,11.0,12.0,11.0,12.0,14.0,15.0,13.0,15.0,15,16,20.0,23.0,12.0,12.0,7.0,12.0,9.0,10.0,10,11.0,16.0,18.0
HG01610,EUR,IBS,11.0,15,16.3,15.3,11.3,11.3,16,17,15.0,17.0,13,8,10.0,11.0,13,16,13.0,14.0,19.0,20.0,8.0,12.0,11.0,11.0,15.0,17.0,12.0,13.0,15,16,21.0,23.0,8.0,8.0,7.0,12.0,7.0,6.0,8,11.0,16.0,18.0
HG01612,EUR,IBS,11.0,15,14.0,16.3,11.3,15.0,16,24,15.0,15.0,12,13,9.0,12.0,14,16,14.0,17.0,15.0,17.3,9.0,11.0,12.0,14.0,12.0,17.0,13.0,15.0,14,15,20.0,20.0,9.0,10.0,12.0,12.0,6.0,9.3,8,10.0,14.0,18.0
HG01613,EUR,IBS,10.0,12,15.0,16.3,12.0,11.0,23,25,14.0,15.0,12,10,10.0,10.0,13,15,13.0,13.0,17.0,18.0,8.0,14.0,13.0,10.0,11.0,12.0,13.0,13.0,15,15,22.0,21.0,9.0,11.0,5.0,5.0,7.0,7.0,8,11.0,14.0,15.0
HG01615,EUR,IBS,12.0,12,16.0,15.3,11.0,14.0,17,20,15.0,17.0,12,13,9.0,11.0,13,15,14.0,15.0,18.0,18.0,11.0,11.0,12.0,9.0,15.0,16.0,14.0,12.0,17,15,20.0,23.0,11.0,11.0,12.0,12.0,6.0,9.3,8,11.0,16.0,18.0
HG01617,EUR,IBS,7.0,9,11.0,16.3,14.0,15.0,23,24,15.0,16.0,13,13,10.0,8.0,13,14,12.0,14.0,19.0,19.0,10.0,12.0,12.0,12.0,16.0,17.0,13.0,13.0,12,16,19.0,26.0,10.0,11.0,12.0,13.0,8.0,8.0,8,11.0,17.0,17.0
HG01618,EUR,IBS,11.0,11,12.0,17.3,11.0,14.0,17,26,15.0,17.0,12,11,10.0,11.0,10,16,13.0,12.0,17.0,17.0,9.0,12.0,11.0,13.0,14.0,21.0,14.0,15.0,17,15,22.0,19.0,7.0,12.0,7.0,12.0,7.0,6.0,8,8.0,14.0,17.0
HG01619,EUR,IBS,13.0,11,12.0,18.3,11.3,14.0,17,21,15.0,15.0,13,11,11.0,11.0,13,10,14.0,17.0,18.0,18.0,8.0,11.0,12.0,13.0,13.0,14.0,14.0,14.0,11,15,23.0,24.0,12.0,12.0,12.0,12.0,8.0,9.0,9,10.0,16.0,17.0
HG01620,EUR,IBS,10.0,10,11.0,15.0,10.0,14.0,20,22,15.0,15.0,11,12,10.0,12.0,10,12,13.0,15.0,18.0,22.0,9.0,11.0,11.0,11.0,14.0,15.0,15.0,16.2,16,16,22.0,24.0,13.0,12.0,7.0,10.0,7.0,9.3,8,12.0,17.0,18.0
HG01623,EUR,IBS,13.0,11,11.0,15.3,10.0,10.0,17,20,16.0,18.0,12,11,9.0,12.0,12,14,13.0,16.0,19.0,21.0,10.0,12.0,11.0,13.0,16.0,16.0,14.0,12.0,11,16,20.0,23.0,9.0,12.0,13.0,14.0,8.0,8.0,8,9.0,17.0,18.0
HG01624,EUR,IBS,13.0,10,15.0,15.3,11.0,11.3,17,20,15.0,16.0,12,11,11.0,12.0,13,15,14.0,15.0,19.3,24.0,12.0,13.0,12.0,13.0,15.0,17.0,13.0,15.2,15,16,21.0,24.0,11.0,12.0,13.0,14.0,7.0,9.0,8,9.0,17.0,18.0
HG01625,EUR,IBS,10.0,10,11.0,16.0,10.0,14.0,19,24,16.0,17.0,12,11,11.0,11.0,11,13,13.0,14.0,17.3,17.3,8.0,8.0,12.0,13.0,15.0,15.0,14.0,15.0,15,15,21.0,24.0,13.0,11.0,11.0,11.0,8.0,9.0,8,11.0,14.0,15.0
HG01626,EUR,IBS,13.0,12,12.0,16.0,11.0,11.3,17,25,15.0,15.0,11,12,11.0,12.0,13,11,13.0,14.0,18.0,20.0,11.0,9.0,9.0,12.0,15.0,15.0,14.0,15.2,16,16,21.0,24.0,10.0,10.0,12.0,12.0,8.0,9.3,8,11.0,14.0,19.0
HG01628,EUR,IBS,11.0,11,11.0,16.3,11.0,11.0,17,19,17.0,18.0,13,11,8.0,11.0,12,13,12.0,14.0,19.0,22.0,12.0,13.0,11.0,12.0,13.0,14.0,14.0,12.0,15,15,22.0,20.0,13.0,10.0,7.0,12.0,7.0,8.0,9,12.0,17.0,18.0
HG01630,EUR,IBS,10.0,12,11.0,17.3,10.0,11.3,23,17,15.0,15.0,12,11,7.0,12.0,11,14,13.0,14.0,20.0,22.0,11.0,10.0,11.0,12.0,13.0,15.0,13.0,14.2,15,16,22.0,21.0,13.0,11.0,10.0,12.0,7.0,9.3,9,9.0,16.0,17.0
HG01631,EUR,IBS,10.0,12,17.0,16.0,11.0,13.0,17,17,15.0,18.0,12,11,10.0,8.0,12,14,14.0,15.0,19.0,20.0,11.0,8.0,9.0,9.0,12.0,14.0,13.0,14.2,15,16,22.0,20.0,9.0,10.0,7.0,13.0,7.0,9.3,8,11.0,16.0,17.0
HG01632,EUR,IBS,10.0,12,16.0,17.3,11.0,11.0,16,24,15.0,15.0,13,11,7.0,10.0,13,13,14.0,16.0,18.0,20.0,11.0,13.0,11.0,12.0,18.0,14.0,14.0,13.0,15,16,22.0,20.0,9.0,11.0,11.0,11.0,7.0,9.0,8,8.0,17.0,17.0
HG01668,EUR,IBS,10.0,12,15.0,15.3,11.3,14.0,23,18,17.0,18.0,13,13,10.0,11.0,14,15,13.0,16.0,20.0,23.0,8.0,12.0,11.0,10.0,12.0,16.0,12.0,15.0,15,16,22.0,23.0,8.0,12.0,13.0,13.0,6.0,6.0,8,11.0,17.0,17.0
HG01669,EUR,IBS,13.0,11,19.3,17.3,11.3,14.0,17,24,15.0,16.0,11,11,10.0,10.0,14,16,12.0,17.0,19.3,20.0,11.0,12.0,13.0,10.0,13.0,14.0,15.0,16.2,17,16,24.0,26.0,7.0,11.0,5.0,7.0,9.3,9.3,9,11.0,15.0,17.0
HG01670,EUR,IBS,11.0,12,16.0,16.0,11.0,14.0,17,18,14.0,17.0,12,12,8.0,8.0,13,10,16.0,16.0,18.0,18.3,8.0,10.0,12.0,13.0,13.0,20.0,14.0,14.0,17,15,17.0,23.0,13.0,13.0,10.0,10.0,7.0,9.3,11,11.0,14.0,17.0
HG01672,EUR,IBS,11.0,12,14.0,18.3,10.0,11.3,17,22,16.0,18.0,13,13,9.0,11.0,13,10,13.0,13.0,18.0,21.0,8.0,9.0,13.0,14.0,14.0,17.0,14.0,13.0,17,16,23.0,23.0,13.0,12.0,7.0,12.0,9.0,9.0,8,11.0,16.0,16.0
HG01673,EUR,IBS,10.0,11,12.0,16.3,14.0,14.0,16,24,14.0,15.0,11,9,9.0,11.0,11,12,13.0,16.0,18.0,23.0,11.0,11.0,12.0,13.0,14.0,17.0,14.0,13.0,15,15,22.0,19.0,9.0,9.0,10.0,10.0,6.0,9.0,9,10.0,17.0,19.0
HG01675,EUR,IBS,11.0,12,16.3,15.3,11.0,14.0,17,24,16.0,17.0,12,12,9.0,10.0,13,14,13.0,16.0,16.0,18.0,8.0,12.0,9.0,12.0,13.0,19.0,14.0,12.0,11,16,22.0,20.0,13.0,13.0,7.0,7.0,7.0,9.0,8,8.0,15.0,17.0
HG01676,EUR,IBS,11.0,12,12.0,15.3,10.0,11.0,17,20,15.0,15.0,12,13,10.0,8.0,11,12,13.0,14.0,20.0,20.0,11.0,14.0,11.0,11.0,14.0,19.0,14.0,16.0,16,16,22.0,23.0,9.0,9.0,7.0,7.0,7.0,9.0,8,11.0,17.0,19.0
HG01678,EUR,IBS,10.0,12,17.0,17.3,14.0,15.0,20,20,14.0,18.0,13,13,9.0,10.0,10,12,13.0,14.0,18.3,22.0,11.0,12.0,11.0,13.0,13.0,15.0,12.0,13.0,15,16,20.0,20.0,10.0,10.0,7.0,10.0,9.0,9.0,8,13.0,14.0,17.0
HG01679,EUR,IBS,9.0,10,11.0,17.0,10.0,11.0,20,20,16.0,18.0,12,11,10.0,11.0,10,14,14.0,14.0,22.0,22.0,11.0,8.0,11.0,12.0,13.0,14.0,11.0,13.0,11,15,21.0,24.0,9.0,12.0,7.0,7.0,7.0,6.0,8,8.0,16.0,18.0
HG01680,EUR,IBS,11.0,11,16.0,16.3,11.0,11.0,16,18,16.0,17.0,12,10,9.0,10.0,10,12,13.0,17.0,18.3,21.0,8.0,10.0,9.0,12.0,18.0,17.0,14.0,12.0,16,16,22.0,22.0,9.0,9.0,11.0,11.0,8.0,9.3,10,11.0,16.0,18.0
HG01682,EUR,IBS,13.0,12,14.0,17.3,11.0,11.0,19,20,15.0,15.0,12,11,9.0,11.0,12,15,14.0,15.0,15.0,23.0,8.0,10.0,11.0,13.0,12.0,17.0,15.0,15.0,17,16,21.0,23.0,9.0,11.0,5.0,7.0,6.0,9.0,9,11.0,17.0,18.0
HG01684,EUR,IBS,11.0,11,12.0,15.0,10.0,14.0,19,19,14.0,15.0,12,10,10.0,12.0,13,13,15.0,16.0,20.0,22.0,9.0,10.0,11.0,12.0,16.0,17.0,14.0,14.0,11,15,19.0,21.0,13.0,9.0,7.0,11.0,8.0,10.0,8,11.0,14.0,18.0
HG01685,EUR,IBS,11.0,12,17.0,16.0,10.0,10.0,17,25,15.0,16.0,10,11,10.0,11.0,10,15,14.0,14.0,22.0,23.0,12.0,12.0,11.0,12.0,18.0,17.0,12.0,15.0,16,16,21.0,23.0,11.0,11.0,12.0,12.0,6.0,9.3,8,8.0,16.0,19.0
HG01686,EUR,IBS,10.0,12,16.0,19.3,11.0,14.0,23,20,16.0,17.0,13,12,13.0,10.0,10,11,13.0,13.0,17.0,18.0,12.0,12.0,8.0,13.0,14.0,15.0,13.0,13.0,15,15,23.0,23.0,10.0,12.0,11.0,12.0,6.0,9.0,8,11.0,16.0,17.0
HG01694,EUR,IBS,10.0,12,17.0,18.3,14.0,14.0,16,17,15.0,17.0,14,11,7.0,8.0,10,13,12.0,16.0,19.0,19.0,13.0,14.0,13.0,10.0,10.0,14.0,14.0,13.2,15,15,21.0,21.0,10.0,11.0,7.0,10.0,7.0,9.0,8,11.0,16.0,16.0
HG01695,EUR,IBS,10.0,11,17.3,16.3,10.0,14.0,17,17,15.0,15.0,13,13,8.0,11.0,12,14,14.0,14.0,19.0,18.0,11.0,12.0,11.0,11.0,18.0,15.0,13.0,13.0,17,15,24.0,25.0,11.0,11.0,12.0,13.0,7.0,8.0,8,11.0,16.0,19.0
HG01697,EUR,IBS,10.0,10,12.0,15.3,10.0,11.0,17,19,15.0,18.0,13,13,10.0,12.0,10,11,13.0,13.0,15.0,23.0,12.0,12.0,11.0,13.0,13.0,14.0,14.0,7.0,15,16,20.0,20.0,13.0,14.0,7.0,7.0,6.0,9.0,9,11.0,14.0,17.0
HG01699,EUR,IBS,10.0,11,17.3,15.3,11.0,14.0,24,25,15.0,17.0,12,11,10.0,12.0,13,15,13.0,15.0,19.3,21.0,10.0,12.0,9.0,13.0,13.0,14.0,14.0,13.2,15,15,20.0,23.0,13.0,12.0,7.0,12.0,7.0,9.0,8,11.0,18.0,18.0
HG01700,EUR,IBS,11.0,11,17.3,16.3,10.0,14.0,17,26,14.0,15.0,12,12,11.0,12.0,13,8,14.0,14.0,23.0,24.0,12.0,12.0,11.0,13.0,18.0,14.0,12.0,13.0,17,16,17.0,21.0,13.0,9.0,5.0,10.0,7.0,8.0,8,8.0,18.0,18.0
HG01702,EUR,IBS,10.0,11,16.0,16.3,10.0,14.0,23,27,15.0,18.0,9,11,9.0,10.0,14,14,14.0,14.0,18.0,18.0,9.0,12.0,11.0,13.0,17.0,17.0,13.0,13.0,15,16,19.0,25.0,10.0,12.0,7.0,7.0,9.0,9.0,11,11.0,14.0,14.0
HG01704,EUR,IBS,13.0,12,12.0,16.3,11.0,11.0,20,24,16.0,17.0,12,11,10.0,12.0,10,14,13.0,15.0,20.0,23.0,11.0,13.0,12.0,11.0,14.0,17.0,13.0,15.0,15,16,22.0,21.0,13.0,12.0,9.0,11.0,8.0,9.3,8,8.0,14.0,17.0
HG01705,EUR,IBS,10.0,11,16.0,17.3,11.0,14.0,17,17,14.0,18.0,12,11,8.0,10.0,14,14,14.0,17.0,18.0,18.3,8.0,10.0,13.0,13.0,18.0,12.0,14.0,15.2,15,15,24.0,24.0,13.0,12.0,5.0,11.0,7.0,9.3,8,11.0,17.0,18.0
HG01707,EUR,IBS,11.0,14,12.0,15.0,11.3,14.0,25,25,15.0,17.0,11,11,10.0,10.0,13,11,13.0,14.0,18.0,22.0,11.0,12.0,12.0,13.0,14.0,16.0,14.0,16.0,17,16,19.0,23.0,10.0,12.0,10.0,12.0,7.0,9.0,8,11.0,16.0,19.0
HG01708,EUR,IBS,12.0,12,14.0,17.3,11.0,11.3,19,25,17.0,18.0,12,11,9.0,10.0,14,14,13.0,14.0,20.0,20.0,11.0,12.0,12.0,13.0,15.0,17.0,14.0,14.0,11,15,22.0,23.0,9.0,9.0,13.0,6.0,9.0,9.3,8,8.0,17.0,19.0
HG01709,EUR,IBS,10.0,11,11.0,17.3,11.0,11.3,18,25,15.0,15.0,13,12,8.0,10.0,13,13,14.0,15.0,15.0,17.0,10.0,11.0,11.0,13.0,12.0,17.0,14.0,13.2,11,11,22.0,23.0,9.0,12.0,5.0,14.0,9.0,9.3,8,11.0,17.0,19.0
HG01710,EUR,IBS,10.0,11,11.0,14.0,14.0,14.0,17,17,17.0,18.0,11,12,9.0,12.0,13,10,13.0,17.0,17.0,18.0,11.0,12.0,11.0,13.0,15.0,20.0,14.0,14.0,15,15,21.0,25.0,9.0,11.0,8.0,8.0,6.0,6.0,8,11.0,17.0,19.0
HG01746,EUR,IBS,10.0,12,12.0,16.0,10.0,11.0,17,19,16.0,15.0,13,11,7.0,12.0,13,15,13.0,15.0,17.0,20.0,8.0,10.0,11.0,13.0,14.0,16.0,14.0,14.0,16,16,24.0,24.0,10.0,10.0,7.0,13.0,8.0,9.0,8,9.0,17.0,17.0
HG01747,EUR,IBS,10.0,11,13.0,17.3,11.0,14.0,16,17,14.0,15.0,13,9,9.0,10.0,10,15,14.0,15.0,18.0,22.0,11.0,12.0,12.0,12.0,13.0,16.0,14.0,13.0,11,15,21.0,24.0,13.0,9.0,5.0,7.0,6.0,9.3,8,11.0,17.0,18.0
HG01756,EUR,IBS,10.0,11,15.0,15.3,11.0,13.0,19,20,17.0,17.0,12,12,10.0,12.0,12,15,13.0,14.0,17.0,18.3,11.0,11.0,11.0,12.0,14.0,17.0,14.0,15.0,10,16,20.0,21.0,10.0,11.0,5.0,12.0,9.3,9.3,8,12.0,17.0,18.0
HG01757,EUR,IBS,11.0,12,15.0,15.3,12.0,13.0,21,24,14.0,17.0,11,11,9.0,9.0,13,13,15.0,16.0,18.0,21.0,11.0,11.0,14.0,9.0,14.0,16.0,14.0,13.0,17,16,20.0,23.0,13.0,9.0,13.0,13.0,7.0,9.3,11,11.0,18.0,18.0
HG01761,EUR,IBS,11.0,12,12.0,15.0,14.0,14.0,17,21,17.0,17.0,13,11,10.0,10.0,13,13,13.0,15.0,18.0,18.3,9.0,12.0,11.0,12.0,13.0,14.0,13.0,16.0,16,16,24.0,25.0,11.0,12.0,11.0,11.0,9.0,9.3,8,12.0,17.0,18.0
HG01762,EUR,IBS,10.0,11,16.0,16.3,11.0,13.0,19,23,14.0,14.0,12,12,9.0,11.0,13,9,16.0,16.0,20.0,21.0,8.0,11.0,12.0,13.0,19.0,20.0,14.0,15.2,15,15,22.0,25.0,13.0,14.0,7.0,12.0,9.0,9.3,8,12.0,14.0,16.0
HG01765,EUR,IBS,11.0,12,15.0,16.0,14.0,14.0,19,20,16.0,19.0,13,11,11.0,14.0,13,9,13.0,15.0,21.0,21.0,9.0,10.0,9.0,12.0,14.0,17.0,14.0,15.0,15,15,21.0,26.0,13.0,12.0,12.0,12.0,7.0,8.0,8,11.0,16.0,18.0
HG01766,EUR,IBS,10.0,12,11.0,12.0,11.0,14.0,17,20,16.0,17.0,12,12,8.0,11.0,13,11,14.0,14.0,17.0,18.3,11.0,11.0,13.0,10.0,12.0,14.0,14.0,14.0,15,16,22.0,20.0,12.0,15.0,11.0,12.0,6.0,8.0,9,11.0,16.0,18.0
HG01767,EUR,IBS,10.0,10,12.0,14.0,12.0,11.0,17,20,14.0,15.0,11,10,8.0,9.0,10,12,13.0,13.0,17.0,18.0,10.0,13.0,12.0,12.0,16.0,17.0,14.0,16.0,15,15,21.0,25.0,9.0,14.0,5.0,12.0,7.0,6.0,8,8.0,16.0,17.0
HG01768,EUR,IBS,10.0,11,12.0,20.3,14.0,14.0,23,20,16.0,18.0,12,9,10.0,10.0,13,10,13.0,13.0,17.0,18.0,10.0,11.0,11.0,8.0,14.0,16.0,13.0,16.0,11,11,19.0,24.0,10.0,12.0,10.0,14.0,6.0,8.0,8,12.0,14.0,17.0
HG01770,EUR,IBS,11.0,11,12.0,16.0,11.0,14.0,23,23,16.0,18.0,12,11,7.0,11.0,11,14,13.0,13.0,17.0,23.0,8.0,11.0,11.0,9.0,13.0,16.0,14.0,15.0,17,16,23.0,24.0,9.0,12.0,12.0,12.0,7.0,6.0,8,9.0,15.0,17.0
HG01771,EUR,IBS,10.0,11,12.0,16.0,11.0,14.0,17,20,15.0,18.0,9,11,8.0,11.0,14,15,13.0,13.0,15.0,23.0,11.0,11.0,9.0,14.0,11.0,13.0,14.0,14.0,15,16,21.0,24.0,13.0,14.0,7.0,12.0,7.0,9.3,8,11.0,14.0,16.0
HG01773,EUR,IBS,13.0,11,13.0,13.0,11.0,15.0,17,19,14.0,17.0,12,9,8.0,11.0,11,15,14.0,16.0,22.0,25.0,11.0,12.0,12.0,13.0,13.0,15.0,12.0,15.2,15,16,21.0,21.0,9.0,11.0,8.0,11.0,8.0,8.0,8,8.0,15.0,20.0
HG01775,EUR,IBS,11.0,12,15.0,18.3,11.0,11.0,23,20,14.0,15.0,11,11,8.0,11.0,11,14,14.0,14.0,15.0,22.0,11.0,13.0,11.0,13.0,16.0,16.0,14.0,13.0,13,16,21.0,25.0,13.0,10.0,11.0,14.0,6.0,9.3,8,9.0,16.0,19.0
HG01776,EUR,IBS,10.0,10,17.3,17.3,11.0,14.0,17,20,17.0,18.0,9,13,12.0,12.0,13,15,13.0,17.0,18.0,18.0,11.0,8.0,12.0,13.0,13.0,15.0,14.0,14.0,15,16,24.0,25.0,11.0,16.0,10.0,11.0,6.0,9.3,8,11.0,14.0,14.0
HG01777,EUR,IBS,10.0,11,17.0,15.3,10.0,11.0,23,18,14.0,16.0,12,11,7.0,10.0,13,15,13.0,14.0,19.0,15.0,12.0,13.0,11.0,12.0,13.0,13.0,14.0,15.0,11,16,22.0,23.0,14.0,14.0,10.0,10.0,6.0,6.0,11,11.0,16.0,18.0
HG01779,EUR,IBS,10.0,11,12.0,13.0,14.0,14.0,16,21,15.0,16.0,11,10,8.0,11.0,13,13,16.0,16.0,18.0,21.0,8.0,9.0,12.0,9.0,16.0,17.0,13.0,13.0,14,16,23.0,23.0,13.0,9.0,12.0,12.0,7.0,7.0,8,12.0,14.0,17.0
HG01781,EUR,IBS,10.0,11,11.0,17.3,14.0,14.0,17,19,16.0,20.0,11,13,11.0,8.0,10,12,14.0,14.0,17.0,20.0,12.0,12.0,12.0,10.0,14.0,16.0,14.0,13.0,15,16,21.0,23.0,13.0,12.0,5.0,10.0,9.0,9.3,8,11.0,15.0,16.0
HG01783,EUR,IBS,11.0,12,15.0,15.3,11.0,13.0,17,24,14.0,16.0,11,11,10.0,11.0,10,14,13.0,14.0,17.0,17.3,11.0,11.0,12.0,12.0,12.0,16.0,14.0,15.2,15,15,20.0,20.0,9.0,9.0,5.0,10.0,7.0,9.3,8,8.0,15.0,16.0
HG01784,EUR,IBS,11.0,12,12.0,13.0,10.0,15.0,17,17,14.0,15.0,12,12,13.0,8.0,13,13,13.0,13.0,16.0,23.0,9.0,9.0,11.0,12.0,18.0,20.0,16.0,16.0,15,15,20.0,21.0,13.0,9.0,11.0,16.0,9.3,9.3,8,8.0,17.0,18.0
HG01785,EUR,IBS,10.0,11,12.0,16.3,10.0,11.0,23,23,17.0,17.0,13,12,12.0,8.0,13,12,12.0,15.0,15.0,23.0,11.0,12.0,11.0,13.0,11.0,16.0,15.0,15.2,11,15,24.0,24.0,9.0,10.0,5.0,11.0,7.0,7.0,11,11.0,16.0,17.0
HG01786,EUR,IBS,11.0,12,15.0,15.0,10.0,14.0,17,17,16.0,18.0,12,9,10.0,10.0,14,14,14.0,15.0,20.0,22.0,11.0,12.0,12.0,12.0,10.0,12.0,14.0,12.0,11,16,24.0,25.0,9.0,10.0,8.0,8.0,6.0,8.0,11,11.0,16.0,17.0
HG02219,EUR,IBS,11.0,12,16.3,15.3,10.0,11.0,16,25,17.0,18.0,13,11,8.0,12.0,13,9,13.0,14.0,17.0,19.0,10.0,12.0,12.0,12.0,14.0,14.0,13.0,13.2,15,16,20.0,24.0,10.0,11.0,5.0,7.0,6.0,9.3,8,8.0,14.0,15.0
HG02220,EUR,IBS,10.0,12,15.0,17.3,11.0,11.0,16,19,15.0,18.0,12,12,11.0,11.0,10,10,13.0,14.0,20.0,21.0,9.0,12.0,9.0,12.0,16.0,17.0,14.0,14.2,15,16,22.0,20.0,13.0,9.0,11.0,11.0,6.0,8.0,8,11.0,16.0,17.0
HG02221,EUR,IBS,12.0,12,17.0,15.3,11.0,14.0,19,21,16.0,18.0,11,11,9.0,11.0,13,14,13.0,15.0,19.0,23.0,11.0,12.0,11.0,13.0,15.0,17.0,12.0,13.0,15,16,22.0,23.0,12.0,12.0,8.0,12.0,7.0,7.0,8,11.0,16.0,17.0
HG02223,EUR,IBS,10.0,11,18.3,17.3,11.0,14.0,19,24,17.0,18.0,13,11,10.0,8.0,12,12,13.0,15.0,16.0,18.0,11.0,13.0,13.0,13.0,18.0,15.0,12.0,16.2,15,16,20.0,25.0,13.0,10.0,7.0,7.0,9.3,9.3,11,12.0,19.0,19.0
HG02224,EUR,IBS,11.0,12,11.0,12.0,11.0,14.0,24,24,15.0,18.0,13,11,10.0,11.0,10,11,14.0,15.0,23.0,25.0,10.0,13.0,9.0,13.0,12.0,16.0,13.0,13.0,15,16,20.0,23.0,13.0,9.0,11.0,11.0,8.0,8.0,8,11.0,18.0,19.0
HG02230,EUR,IBS,11.0,12,12.0,17.3,13.0,14.0,23,19,17.0,18.0,13,10,11.0,12.0,11,14,14.0,16.0,15.0,17.3,9.0,12.0,11.0,13.0,18.0,16.0,13.0,16.0,11,16,20.0,20.0,12.0,12.0,7.0,12.0,7.0,9.0,8,8.0,17.0,18.0
HG02231,EUR,IBS,11.0,11,12.0,16.0,11.0,14.0,18,19,14.0,18.0,11,13,10.0,8.0,13,12,12.0,15.0,16.0,20.0,11.0,12.0,12.0,13.0,12.0,14.0,14.0,15.0,11,11,20.0,23.0,9.0,12.0,14.0,14.0,9.0,9.3,11,11.0,16.0,17.0
HG02232,EUR,IBS,11.0,12,15.0,18.3,11.0,11.0,17,22,17.0,18.0,12,12,8.0,12.0,13,10,15.0,16.0,20.0,21.0,8.0,13.0,11.0,13.0,13.0,17.0,14.0,14.0,15,15,22.0,18.0,10.0,12.0,13.0,11.0,9.0,9.3,8,8.0,17.0,18.0
HG02233,EUR,IBS,13.0,12,16.0,16.3,11.0,14.0,23,17,16.0,17.0,13,12,13.0,12.0,14,15,15.0,15.0,20.0,22.0,11.0,11.0,11.0,8.0,18.0,13.0,14.2,15.2,15,16,22.0,24.0,9.0,10.0,12.0,12.0,7.0,9.0,8,9.0,14.0,17.0
HG02235,EUR,IBS,11.0,11,15.0,16.0,10.0,10.0,17,25,18.0,18.0,13,13,7.0,9.0,14,15,14.0,14.0,18.0,20.0,11.0,13.0,11.0,14.0,14.0,16.0,13.0,16.0,14,15,21.0,26.0,13.0,11.0,10.0,10.0,6.0,8.0,9,9.0,16.0,18.0
HG02236,EUR,IBS,10.0,10,12.0,14.0,10.0,11.3,23,16,16.0,18.0,13,12,9.0,10.0,13,10,13.0,15.0,15.0,19.0,8.0,12.0,13.0,9.0,13.0,19.0,14.0,13.0,17,15,21.0,23.0,9.0,10.0,10.0,12.0,6.0,9.3,8,11.0,17.0,17.0
HG02238,EUR,IBS,10.0,11,14.0,18.3,10.0,11.3,17,17,16.0,18.0,13,13,11.0,12.0,12,14,13.0,14.0,19.0,15.0,12.0,12.0,11.0,11.0,14.0,17.0,14.0,13.0,15,16,22.0,23.0,13.0,14.0,7.0,7.0,9.0,9.0,8,11.0,16.0,18.0
HG02239,EUR,IBS,10.0,11,15.0,16.0,11.0,11.0,20,25,17.0,18.0,13,11,9.0,11.0,13,13,16.0,16.0,17.0,22.0,11.0,12.0,11.0,12.0,12.0,15.0,14.0,15.2,15,16,22.0,20.0,7.0,11.0,10.0,14.0,7.0,9.0,11,12.0,17.0,17.0
NA20502,EUR,TSI,10.0,12,13.0,15.3,10.0,14.0,17,25,15.0,16.0,10,10,10.0,12.0,8,13,13.0,15.0,20.0,24.0,11.0,9.0,12.0,12.0,13.0,14.0,13.0,16.0,15,16,20.0,23.0,11.0,15.0,10.0,10.0,7.0,9.0,8,8.0,14.0,15.0
NA20503,EUR,TSI,10.0,11,15.0,16.0,11.0,14.0,17,22,14.0,18.0,11,11,10.0,11.0,14,15,12.0,15.0,19.0,25.0,11.0,13.0,12.0,12.0,15.0,19.0,15.0,15.0,15,16,22.0,23.0,13.0,10.0,7.0,12.0,6.0,9.3,8,9.0,17.0,17.0
NA20504,EUR,TSI,10.0,12,11.0,13.0,10.0,11.3,19,18,16.0,18.0,10,10,9.0,12.0,14,15,15.0,15.0,20.0,23.0,12.0,12.0,11.0,12.0,12.0,16.0,14.0,15.0,17,17,23.0,25.0,13.0,13.0,7.0,13.0,6.0,9.3,8,10.0,16.0,18.0
NA20505,EUR,TSI,10.0,11,14.0,17.3,11.0,11.3,19,25,15.0,17.0,11,12,10.0,11.0,12,14,14.0,14.0,18.0,18.0,8.0,12.0,12.0,13.0,18.0,12.0,14.2,15.0,15,15,25.0,26.0,9.0,9.0,5.0,7.0,6.0,9.3,8,11.0,14.0,15.0
NA20506,EUR,TSI,10.0,12,12.0,16.0,14.0,15.0,17,17,15.0,17.0,11,11,8.0,10.0,11,12,14.0,14.0,19.0,18.0,8.0,12.0,11.0,8.0,12.0,14.0,12.0,15.0,15,16,19.0,19.0,11.0,15.0,12.0,12.0,6.0,9.3,10,11.0,17.0,17.0
NA20507,EUR,TSI,10.0,11,12.0,16.3,11.0,11.0,23,21,15.0,17.0,11,12,9.0,10.0,11,14,15.0,16.0,18.0,23.0,11.0,11.0,11.0,9.0,11.0,14.0,15.2,16.0,15,18,19.0,25.0,10.0,12.0,12.0,12.0,6.0,9.3,9,9.0,16.0,18.0
NA20508,EUR,TSI,12.0,12,15.0,16.0,11.0,13.0,16,19,16.0,17.0,12,12,10.0,12.0,15,15,14.0,17.0,17.0,20.0,11.0,11.0,12.0,13.0,12.0,13.0,14.0,13.0,15,16,20.0,25.0,13.0,10.0,7.0,15.0,7.0,6.0,11,11.0,16.0,17.0
NA20509,EUR,TSI,11.0,12,11.0,18.3,11.3,14.0,17,18,14.0,15.0,11,10,8.0,11.0,12,14,13.0,14.0,17.0,17.0,9.0,10.0,10.0,9.0,11.0,17.0,14.0,15.2,11,15,20.0,25.0,9.0,14.0,5.0,11.0,6.0,9.0,9,10.0,17.0,18.0
NA20510,EUR,TSI,10.0,10,11.0,15.0,12.0,16.0,23,25,15.0,17.0,13,10,10.0,12.0,13,13,14.0,15.0,19.0,23.0,9.0,12.0,11.0,13.0,18.0,12.0,14.0,14.2,17,16,20.0,24.0,13.0,13.0,7.0,11.0,9.0,9.3,10,11.0,16.0,19.0
NA20511,EUR,TSI,10.0,11,14.0,15.0,12.0,14.0,17,19,16.0,17.0,12,13,8.0,10.0,13,14,13.0,16.0,19.0,21.0,8.0,12.0,11.0,11.0,13.0,17.0,12.0,13.0,16,16,23.0,23.0,13.0,9.0,5.0,5.0,8.0,9.3,8,11.0,15.0,18.0
NA20512,EUR,TSI,11.0,12,12.0,13.0,11.0,14.0,17,18,15.0,16.0,13,13,10.0,10.0,13,15,14.0,15.0,21.0,21.0,11.0,8.0,11.0,15.0,13.0,15.0,14.0,11.0,15,15,22.0,22.0,13.0,9.0,11.0,11.0,9.3,9.3,8,11.0,15.0,16.0
NA20513,EUR,TSI,10.0,11,11.0,16.0,10.0,14.0,19,24,14.0,16.0,12,11,9.0,12.0,13,13,14.0,14.0,18.0,19.0,11.0,11.0,11.0,11.0,12.0,16.0,12.0,13.0,11,16,23.0,24.0,10.0,11.0,10.0,10.0,9.3,9.3,8,8.0,13.0,17.0
NA20514,EUR,TSI,10.0,11,14.0,16.0,11.0,11.0,17,19,16.0,17.0,12,11,10.0,12.0,13,15,15.0,15.0,19.0,20.0,8.0,11.0,11.0,13.0,13.0,16.0,13.0,15.0,15,15,22.0,21.0,10.0,11.0,7.0,12.0,9.0,9.3,8,11.0,18.0,19.0
NA20515,EUR,TSI,9.0,12,17.0,13.0,14.0,15.0,23,17,14.0,16.0,12,12,8.0,10.0,13,14,15.0,15.0,21.0,22.0,11.0,12.0,8.0,13.0,12.0,14.0,13.0,14.2,14,15,23.0,25.0,12.0,14.0,12.0,11.0,9.0,10.0,8,8.0,14.0,16.0
NA20516,EUR,TSI,11.0,12,13.0,16.0,12.0,11.0,23,24,15.0,15.0,13,11,11.0,12.0,11,12,13.0,14.0,18.0,18.3,12.0,12.0,11.0,12.0,15.0,20.0,13.0,13.0,14,16,20.0,24.0,11.0,12.0,7.0,7.0,6.0,9.3,8,10.0,15.0,16.0
NA20517,EUR,TSI,11.0,12,13.0,16.0,14.0,15.0,23,25,16.0,17.0,12,11,8.0,11.0,11,14,14.0,14.0,18.0,23.0,9.0,12.0,11.0,13.0,12.0,15.0,14.0,15.0,16,16,24.0,24.0,9.0,11.0,7.0,7.0,9.3,9.3,8,9.0,16.0,17.0
NA20518,EUR,TSI,11.0,11,11.0,12.0,10.0,14.0,23,18,14.0,15.0,11,12,8.0,8.0,13,15,14.0,17.0,20.0,24.0,11.0,12.0,9.0,11.0,14.0,15.0,14.0,13.2,14,16,20.0,20.0,13.0,10.0,7.0,13.0,6.0,9.3,8,10.0,14.0,15.0
NA20519,EUR,TSI,9.0,10,13.0,15.3,11.0,15.0,19,22,16.0,17.0,12,11,9.0,12.0,9,14,14.0,17.0,18.0,20.0,12.0,12.0,11.0,11.0,12.0,14.0,13.0,14.2,16,16,22.0,24.0,13.0,15.0,7.0,12.0,6.0,9.0,11,11.0,16.0,18.0
NA20520,EUR,TSI,10.0,12,17.3,17.3,11.0,14.0,17,25,16.0,18.0,12,12,8.0,10.0,13,16,13.0,15.0,17.0,18.0,12.0,12.0,11.0,12.0,14.0,16.0,13.0,16.0,15,15,19.0,21.0,13.0,10.0,10.0,12.0,6.0,9.3,8,8.0,14.0,18.0
NA20521,EUR,TSI,10.0,12,12.0,18.3,12.0,11.0,23,20,16.0,16.0,12,12,7.0,12.0,13,15,13.0,15.0,15.0,21.0,9.0,13.0,10.0,12.0,12.0,21.0,14.0,14.0,15,16,20.0,21.0,10.0,11.0,13.0,13.0,7.0,6.0,8,11.0,15.0,16.0
NA20522,EUR,TSI,10.0,11,11.0,16.3,10.0,10.0,19,24,16.0,18.0,12,11,8.0,11.0,12,15,15.0,17.0,18.0,22.0,11.0,11.0,11.0,10.0,14.0,19.0,15.0,15.0,17,16,22.0,24.0,13.0,13.0,8.0,12.0,7.0,9.3,8,11.0,15.0,17.0
NA20524,EUR,TSI,13.0,11,12.0,17.3,11.3,14.0,17,24,16.0,18.0,12,12,8.0,8.0,13,14,15.0,15.0,15.0,19.0,11.0,11.0,10.0,12.0,18.0,17.0,12.0,13.0,17,15,20.0,25.0,10.0,12.0,10.0,11.0,9.0,9.0,8,8.0,16.0,18.0
NA20525,EUR,TSI,11.0,12,15.0,17.3,13.0,14.0,17,25,16.0,18.0,11,9,10.0,10.0,12,15,16.0,16.0,17.0,22.0,11.0,11.0,11.0,9.0,16.0,14.0,14.0,15.0,17,16,23.0,25.0,11.0,14.0,12.0,12.0,9.3,9.3,8,9.0,16.0,17.0
NA20527,EUR,TSI,11.0,12,12.0,13.0,12.0,11.0,17,17,15.0,16.0,12,11,9.0,12.0,11,14,14.0,14.0,18.0,20.0,8.0,12.0,13.0,13.0,18.0,12.0,14.0,17.0,17,16,23.0,24.0,11.0,15.0,11.0,15.0,6.0,9.3,8,8.0,15.0,19.0
NA20528,EUR,TSI,13.0,12,16.0,15.3,11.0,14.0,18,18,15.0,17.0,13,10,11.0,8.0,10,14,13.0,14.0,17.0,22.0,11.0,11.0,12.0,12.0,18.0,15.0,14.0,16.0,11,16,22.0,23.0,13.0,14.0,7.0,12.0,6.0,6.0,8,11.0,16.0,18.0
NA20529,EUR,TSI,10.0,11,15.0,15.3,11.0,15.0,17,24,15.0,19.0,11,11,11.0,12.0,11,14,13.0,13.0,18.0,18.0,12.0,14.0,10.0,13.0,12.0,12.0,13.0,13.0,15,15,23.0,23.0,13.0,10.0,10.0,10.0,7.0,9.3,8,11.0,14.0,17.0
NA20530,EUR,TSI,12.0,12,14.0,15.0,12.0,14.0,23,24,15.0,16.0,13,12,10.0,12.0,10,12,15.0,17.0,18.3,21.0,8.0,11.0,13.0,13.0,13.0,13.0,13.0,13.0,17,15,22.0,21.0,13.0,12.0,11.0,12.0,6.0,9.3,8,11.0,17.0,18.0
NA20531,EUR,TSI,13.0,12,16.3,16.3,10.0,11.0,17,17,16.0,18.0,11,11,10.0,11.0,11,14,13.0,14.0,19.0,20.0,11.0,12.0,11.0,11.0,13.0,17.0,14.0,15.0,16,16,19.0,21.0,11.0,12.0,5.0,8.0,9.3,9.3,9,10.0,15.0,16.0
NA20532,EUR,TSI,11.0,12,15.0,15.0,11.3,14.0,20,22,15.0,15.0,12,10,13.0,10.0,11,12,15.0,15.0,15.0,16.0,11.0,8.0,11.0,13.0,17.0,17.0,14.0,15.0,11,15,22.0,23.0,10.0,14.0,7.0,7.0,9.3,9.3,10,11.0,16.0,17.0
NA20533,EUR,TSI,11.0,12,12.0,16.0,10.0,11.0,17,19,15.0,17.0,12,12,9.0,11.0,13,14,14.0,15.0,18.0,20.0,8.0,8.0,13.0,13.0,18.0,16.0,12.0,13.0,11,16,19.0,24.0,10.0,11.0,7.0,7.0,6.0,9.3,10,11.0,14.0,15.0
NA20534,EUR,TSI,9.0,11,12.0,15.0,11.0,11.3,18,24,14.0,18.0,11,11,12.0,14.0,13,12,13.0,15.0,20.0,22.0,11.0,13.0,11.0,12.0,12.0,15.0,15.0,15.2,14,15,21.0,25.0,13.0,12.0,12.0,12.0,9.3,9.3,11,12.0,16.0,17.0
NA20535,EUR,TSI,10.0,12,18.3,16.3,11.0,14.0,22,24,14.0,17.0,13,13,11.0,11.0,14,15,13.0,12.0,18.3,21.0,9.0,12.0,12.0,12.0,18.0,16.0,14.0,12.0,15,16,19.0,21.0,13.0,9.0,12.0,16.0,8.0,9.0,9,11.0,14.0,17.0
NA20536,EUR,TSI,11.0,11,18.3,15.3,14.0,14.0,20,20,18.0,18.0,12,12,8.0,10.0,11,14,13.0,14.0,19.0,21.0,12.0,12.0,12.0,13.0,18.0,16.0,13.0,13.0,11,15,23.0,24.0,8.0,11.0,5.0,12.0,7.0,7.0,8,8.0,16.0,17.0
NA20538,EUR,TSI,12.0,12,12.0,17.3,12.0,11.3,23,23,15.0,15.0,12,13,8.0,12.0,13,16,15.0,16.0,18.0,19.0,11.0,13.0,8.0,10.0,11.0,20.0,14.0,13.0,11,16,23.0,25.0,10.0,12.0,8.0,8.0,9.0,9.3,8,9.0,14.0,15.0
NA20539,EUR,TSI,10.0,12,14.3,17.3,11.0,11.0,19,24,16.0,17.0,9,11,8.0,7.0,12,14,16.0,18.0,19.3,23.0,11.0,13.0,11.0,12.0,11.0,13.0,13.0,14.2,16,16,22.0,20.0,11.0,14.0,7.0,7.0,6.0,9.0,8,8.0,15.0,17.0
NA20540,EUR,TSI,10.0,12,15.0,17.3,10.0,11.0,23,20,17.0,18.0,11,11,8.0,8.0,13,14,14.0,16.0,17.0,23.0,11.0,11.0,12.0,12.0,18.0,15.0,14.0,12.0,15,15,19.0,24.0,11.0,12.0,5.0,11.0,8.0,9.0,8,11.0,17.0,19.0
NA20541,EUR,TSI,10.0,12,17.0,11.0,14.0,16.0,23,25,14.0,17.0,13,13,11.0,11.0,10,12,16.0,16.0,18.0,21.0,9.0,11.0,11.0,11.0,15.0,17.0,15.0,15.0,15,16,21.0,24.0,10.0,16.0,5.0,12.0,7.0,6.0,9,11.0,17.0,18.0
NA20542,EUR,TSI,12.0,12,16.0,17.3,11.3,14.0,18,25,15.0,18.0,12,11,11.0,12.0,13,12,13.0,15.0,17.0,21.0,8.0,12.0,11.0,12.0,12.0,12.0,14.0,13.0,15,15,22.0,21.0,11.0,12.0,12.0,12.0,9.3,9.3,8,10.0,18.0,19.0
NA20543,EUR,TSI,11.0,12,12.0,14.0,14.0,14.0,17,20,16.0,19.0,12,9,10.0,8.0,11,12,13.0,15.0,17.0,19.0,11.0,9.0,11.0,8.0,18.0,10.0,12.0,15.0,16,16,20.0,25.0,14.0,14.0,12.0,15.0,9.3,10.0,8,8.0,14.0,17.0
NA20544,EUR,TSI,10.0,12,16.0,15.3,12.0,10.0,23,20,17.0,19.0,10,10,11.0,11.0,10,14,14.0,15.0,18.0,20.0,12.0,13.0,12.0,13.0,12.0,16.0,11.0,12.0,16,16,20.0,23.0,9.0,10.0,12.0,13.0,9.0,9.3,8,11.0,16.0,17.0
NA20581,EUR,TSI,11.0,12,14.0,15.0,11.0,11.3,17,19,15.0,15.0,11,12,10.0,11.0,11,14,14.0,16.0,21.0,23.0,11.0,12.0,11.0,12.0,16.0,17.0,13.0,15.0,15,15,22.0,23.0,12.0,9.0,12.0,12.0,9.0,9.3,8,9.0,16.0,19.0
NA20582,EUR,TSI,10.0,12,17.3,16.3,11.0,14.0,21,25,14.0,16.0,12,12,8.0,10.0,13,11,13.0,14.0,20.0,25.0,12.0,12.0,12.0,13.0,10.0,19.0,14.0,16.0,15,15,21.0,21.0,13.0,13.0,7.0,12.0,9.0,9.0,8,11.0,14.0,19.0
NA20585,EUR,TSI,13.0,12,12.0,17.3,11.0,14.0,20,24,16.0,18.0,12,10,10.0,10.0,11,14,14.0,14.0,19.0,22.0,9.0,13.0,11.0,9.0,12.0,12.0,13.0,15.0,11,16,22.0,24.0,13.0,12.0,7.0,13.0,6.0,8.0,9,10.0,15.0,15.0
NA20586,EUR,TSI,12.0,12,11.0,12.0,10.0,11.0,23,17,14.0,15.0,9,11,8.0,10.0,13,14,14.0,15.0,18.0,22.0,11.0,11.0,11.0,14.0,14.0,15.0,14.2,16.0,15,16,23.0,23.2,13.0,11.0,5.0,10.0,9.0,9.3,10,11.0,15.0,16.0
NA20587,EUR,TSI,10.0,12,15.0,15.0,11.0,14.0,18,23,15.0,16.0,10,12,10.0,12.0,13,15,13.0,15.0,17.0,24.0,11.0,12.0,12.0,13.0,12.0,15.0,13.0,15.0,16,16,22.0,23.0,13.0,14.0,5.0,12.0,6.0,9.0,9,11.0,15.0,18.0
NA20588,EUR,TSI,11.0,12,12.0,16.3,11.0,11.0,23,19,14.0,16.0,13,11,11.0,12.0,13,10,16.0,16.0,18.0,19.0,10.0,12.0,13.0,13.0,12.0,13.0,14.2,15.2,15,15,20.0,23.0,12.0,12.0,7.0,12.0,7.0,9.0,11,11.0,14.0,20.0
NA20589,EUR,TSI,11.0,12,13.0,18.3,10.0,14.0,19,21,15.0,17.0,13,12,10.0,11.0,10,11,13.0,15.0,18.0,22.0,11.0,14.0,12.0,13.0,18.0,17.0,13.0,13.2,15,16,21.0,26.0,12.0,14.0,13.0,13.0,7.0,7.0,8,9.0,17.0,18.0
NA20752,EUR,TSI,11.0,11,17.3,15.3,11.0,11.3,20,24,17.0,17.0,13,13,9.0,12.0,13,9,13.0,14.0,18.3,20.0,9.0,11.0,12.0,12.0,13.0,17.0,14.0,13.0,11,15,25.0,25.0,13.0,10.0,12.0,13.0,7.0,9.3,11,11.0,15.0,18.0
NA20753,EUR,TSI,12.0,12,15.0,17.3,14.0,14.0,19,24,14.0,18.0,13,12,8.0,12.0,14,14,14.0,16.0,16.0,23.0,8.0,9.0,11.0,11.0,19.0,20.2,14.0,12.0,15,16,20.0,24.0,10.0,11.0,10.0,10.0,8.0,10.0,8,8.0,16.0,17.0
NA20754,EUR,TSI,13.0,10,13.0,17.3,11.0,11.3,20,24,16.0,17.0,11,12,8.0,10.0,14,14,13.0,15.0,18.0,23.0,11.0,12.0,11.0,13.0,12.0,15.0,13.0,13.0,15,16,20.0,23.0,11.0,16.0,5.0,11.0,6.0,9.3,8,11.0,15.0,15.0
NA20755,EUR,TSI,10.0,12,17.0,18.3,14.0,14.0,17,21,17.0,18.0,11,11,10.0,11.0,13,12,15.0,16.0,22.0,22.0,8.0,11.0,9.0,13.0,12.0,16.0,13.0,13.2,17,16,22.0,24.0,9.0,9.0,13.0,13.0,9.0,9.3,9,9.0,14.0,15.0
NA20756,EUR,TSI,10.0,12,11.0,13.0,10.0,14.0,23,17,17.0,18.0,12,12,10.0,11.0,13,13,13.0,15.0,19.0,20.0,8.0,9.0,11.0,12.0,12.0,16.0,14.0,14.0,11,14,23.0,23.0,9.0,12.0,11.0,11.0,6.0,9.3,8,8.0,16.0,18.0
NA20757,EUR,TSI,10.0,12,14.0,17.3,11.0,14.0,17,21,15.0,16.0,13,9,10.0,8.0,13,14,13.0,14.0,20.0,22.0,8.0,12.0,11.0,13.0,14.0,15.0,14.0,13.0,15,16,24.0,24.0,9.0,12.0,11.0,15.0,6.0,9.3,8,8.0,17.0,17.0
NA20758,EUR,TSI,11.0,12,15.0,18.3,11.0,11.0,17,20,17.0,18.0,11,13,8.0,10.0,13,15,15.0,15.0,20.0,22.0,10.0,12.0,12.0,12.0,12.0,16.0,14.0,13.0,15,16,19.0,21.0,13.0,10.0,13.0,13.0,6.0,9.3,8,11.0,15.0,17.0
NA20759,EUR,TSI,11.0,12,12.0,16.0,10.0,14.0,17,19,17.0,17.0,13,11,12.0,8.0,13,13,13.0,16.0,19.0,19.0,9.0,11.0,11.0,12.0,12.0,15.0,14.0,13.0,11,14,23.0,25.0,10.0,12.0,10.0,14.0,9.3,9.3,8,11.0,16.0,17.0
NA20760,EUR,TSI,9.0,11,12.0,16.3,11.0,14.0,23,17,14.0,15.0,12,12,8.0,10.0,13,14,16.0,16.0,20.0,20.0,10.0,11.0,9.0,13.0,14.0,17.0,13.0,14.2,11,15,22.0,20.0,13.0,9.0,7.0,10.0,6.0,9.3,8,9.0,15.0,16.0
NA20761,EUR,TSI,11.0,12,11.0,16.0,10.0,14.0,17,23,16.0,17.0,13,12,8.0,12.0,13,14,13.0,16.0,18.0,21.0,11.0,12.0,11.0,10.0,14.0,15.0,14.0,15.0,16,16,22.0,20.0,9.0,10.0,12.0,11.0,7.0,9.3,10,10.0,16.0,17.0
NA20762,EUR,TSI,10.0,11,12.0,17.3,10.0,11.3,18,24,17.0,18.0,13,10,11.0,11.0,12,14,13.0,13.0,18.0,20.0,11.0,12.0,11.0,12.0,12.0,12.0,13.0,15.2,11,15,23.0,24.0,13.0,9.0,7.0,15.0,9.0,9.3,9,11.0,14.0,19.0
NA20763,EUR,TSI,13.0,10,12.0,17.3,11.3,14.0,17,21,14.0,18.0,12,11,8.0,8.0,13,9,14.0,17.0,18.0,18.0,8.0,14.0,11.0,12.0,12.0,17.0,12.0,15.0,15,16,20.0,21.0,10.0,11.0,13.0,13.0,7.0,6.0,8,8.0,16.0,17.0
NA20764,EUR,TSI,12.0,12,15.0,18.3,11.0,14.0,21,22,16.0,17.0,13,12,8.0,8.0,11,14,14.0,14.0,19.0,22.0,11.0,11.0,11.0,13.0,14.0,17.0,12.0,12.0,16,16,22.0,22.0,10.0,11.0,12.0,12.0,6.0,9.0,8,8.0,16.0,18.0
NA20765,EUR,TSI,10.0,12,14.0,16.3,11.3,15.0,17,19,18.0,18.0,11,14,11.0,11.0,13,14,14.0,15.0,19.3,23.0,10.0,11.0,11.0,11.0,12.0,16.0,15.0,16.0,15,16,22.0,23.0,10.0,10.0,5.0,12.0,9.0,9.3,8,11.0,15.0,15.0
NA20766,EUR,TSI,13.0,11,15.0,15.0,14.0,14.0,17,19,16.0,17.0,9,11,10.0,10.0,10,13,13.0,14.0,15.0,18.0,8.0,12.0,13.0,13.0,13.0,17.0,15.0,15.2,16,16,19.0,26.0,9.0,12.0,12.0,12.0,7.0,9.3,8,10.0,17.0,19.0
NA20767,EUR,TSI,9.0,11,16.0,15.3,11.0,11.0,16,17,15.0,17.0,11,12,11.0,12.0,12,14,15.0,16.0,20.0,22.0,8.0,11.0,11.0,9.0,11.0,15.0,13.0,13.0,17,16,20.0,24.0,11.0,12.0,7.0,14.0,7.0,7.0,8,11.0,16.0,18.0
NA20768,EUR,TSI,10.0,12,15.0,17.3,14.0,14.0,17,24,14.0,18.0,11,12,8.0,10.0,13,15,13.0,15.0,17.0,22.0,9.0,10.0,11.0,11.0,18.0,13.0,14.0,15.2,16,16,23.0,24.0,13.0,10.0,12.0,12.0,6.0,9.0,8,8.0,18.0,18.0
NA20769,EUR,TSI,11.0,11,12.0,16.3,11.3,14.0,20,24,17.0,18.0,12,11,10.0,11.0,12,14,13.0,14.0,16.0,21.0,8.0,12.0,11.0,11.0,16.0,16.0,14.0,15.2,15,16,22.0,22.0,10.0,10.0,11.0,12.0,8.0,9.0,9,12.0,17.0,17.0
NA20770,EUR,TSI,10.0,12,10.0,15.3,11.3,14.0,17,20,15.0,18.0,11,11,10.0,11.0,12,13,13.0,13.0,18.3,19.0,9.0,12.0,11.0,13.0,13.0,14.0,14.0,14.0,14,15,21.0,24.0,11.0,12.0,5.0,12.0,6.0,6.0,8,10.0,15.0,18.0
NA20771,EUR,TSI,10.0,12,12.0,18.3,12.0,11.3,17,25,16.0,17.0,10,11,10.0,11.0,11,15,15.0,16.0,17.0,19.0,8.0,13.0,11.0,11.0,14.0,15.0,14.0,15.0,17,15,20.0,23.0,13.0,9.0,5.0,12.0,6.0,9.0,8,8.0,15.0,18.0
NA20772,EUR,TSI,11.0,12,11.0,13.0,11.0,14.0,16,22,15.0,16.0,11,13,8.0,11.0,9,13,13.0,15.0,19.0,20.0,12.0,14.0,11.0,12.0,15.0,16.0,13.0,15.2,15,16,22.0,25.0,11.0,12.0,7.0,10.0,7.0,6.0,11,11.0,14.0,18.0
NA20773,EUR,TSI,11.0,12,15.0,17.3,10.0,14.0,16,20,18.0,18.0,12,11,11.0,11.0,13,13,13.0,15.0,19.0,23.0,11.0,11.0,11.0,8.0,12.0,13.0,14.0,15.2,17,15,19.0,24.0,11.0,14.0,5.0,5.0,7.0,6.0,8,11.0,17.0,19.0
NA20774,EUR,TSI,10.0,11,12.0,18.3,12.0,10.0,23,20,16.0,16.0,11,11,13.0,9.0,12,14,13.0,14.0,17.0,19.0,8.0,11.0,11.0,11.0,12.0,14.0,13.0,16.2,16,16,20.0,21.0,9.0,14.0,13.0,13.0,7.0,9.3,9,10.0,17.0,18.0
NA20775,EUR,TSI,11.0,11,17.3,15.3,11.0,14.0,17,17,14.0,17.0,12,12,8.0,8.0,11,14,16.0,16.0,18.0,23.0,8.0,10.0,11.0,11.0,13.0,14.0,12.0,16.0,11,15,21.0,23.0,11.0,14.0,13.0,13.0,9.0,9.3,8,9.0,17.0,19.0
NA20778,EUR,TSI,11.0,12,13.0,17.3,10.0,11.0,17,19,16.0,18.0,11,13,8.0,10.0,13,14,15.0,15.0,18.0,23.0,9.0,11.0,12.0,14.0,12.0,12.0,14.0,13.0,15,16,20.0,20.0,13.0,12.0,7.0,12.0,9.0,9.3,8,11.0,17.0,17.0
NA20783,EUR,TSI,10.0,11,17.3,16.3,14.0,14.0,16,26,13.0,17.0,13,11,9.0,11.0,10,17,14.0,16.0,18.0,19.0,11.0,13.0,11.0,13.0,15.0,16.0,14.0,15.0,11,16,21.0,24.0,8.0,12.0,14.0,14.0,6.0,9.0,8,9.0,15.0,17.0
NA20785,EUR,TSI,11.0,11,12.0,14.0,11.0,11.0,16,19,15.0,16.0,12,13,9.0,11.0,12,13,13.0,15.0,23.0,25.0,8.0,10.0,10.0,10.0,13.0,22.0,14.0,15.0,11,16,21.0,23.0,12.0,14.0,7.0,7.0,9.3,9.3,8,11.0,16.0,16.0
NA20786,EUR,TSI,11.0,12,14.0,14.3,11.0,14.0,16,18,14.0,16.0,12,11,10.0,11.0,13,14,13.0,17.0,15.0,18.0,8.0,12.0,11.0,12.0,13.0,16.0,12.0,13.0,16,16,22.0,21.0,8.0,10.0,14.0,14.0,7.0,8.0,9,12.0,14.0,16.0
NA20787,EUR,TSI,11.0,12,17.3,16.3,10.0,11.0,17,17,15.0,16.0,12,10,9.0,10.0,13,13,16.0,17.0,18.0,18.0,8.0,11.0,11.0,12.0,13.0,15.0,14.0,14.0,17,15,21.0,27.0,12.0,12.0,7.0,7.0,7.0,6.0,8,8.0,16.0,16.0
NA20790,EUR,TSI,10.0,14,17.0,16.3,11.0,14.0,17,25,15.0,17.0,13,9,8.0,10.0,8,15,13.0,15.0,17.0,20.0,11.0,11.0,9.0,13.0,13.0,17.0,14.0,13.0,15,15,19.0,24.0,13.0,15.0,13.0,13.0,9.0,9.3,8,8.0,17.0,17.0
NA20792,EUR,TSI,13.0,11,12.0,18.3,10.0,11.0,17,17,14.0,19.0,12,11,11.0,12.0,14,15,14.0,14.0,19.0,21.0,11.0,11.0,11.0,9.0,13.0,14.0,14.0,13.0,11,15,21.0,23.0,13.0,12.0,11.0,12.0,7.0,9.3,8,12.0,14.0,17.0
NA20795,EUR,TSI,11.0,12,17.0,16.0,10.0,11.3,23,25,15.0,16.0,12,11,9.0,10.0,12,14,13.0,14.0,21.0,22.0,12.0,12.0,11.0,11.0,12.0,15.0,14.0,15.0,11,14,22.0,21.0,13.0,11.0,11.0,11.0,6.0,9.3,8,11.0,14.0,17.0
NA20796,EUR,TSI,9.0,12,15.0,16.0,10.0,10.0,17,25,16.0,18.0,14,11,10.0,8.0,13,14,13.0,14.0,18.0,23.0,11.0,9.0,12.0,12.0,10.0,12.0,14.0,14.0,16,16,22.0,19.0,11.0,12.0,10.0,12.0,9.0,9.3,8,9.0,18.0,18.0
NA20797,EUR,TSI,10.0,12,13.0,17.3,10.0,11.0,23,20,16.0,17.0,12,9,11.0,8.0,13,13,13.0,15.0,18.0,19.0,11.0,12.0,11.0,14.0,16.0,17.0,13.0,15.0,15,16,22.0,22.0,13.0,13.0,14.0,14.0,6.0,9.0,8,8.0,14.0,17.0
NA20798,EUR,TSI,10.0,11,16.0,17.3,11.0,16.0,17,17,14.0,17.0,12,10,11.0,11.0,10,15,13.0,14.0,20.0,25.0,8.0,9.0,11.0,13.0,18.0,12.0,14.0,12.0,15,15,22.0,20.0,13.0,12.0,11.0,13.0,6.0,8.0,9,9.0,16.0,17.0
NA20799,EUR,TSI,10.0,11,15.0,17.3,11.3,14.0,23,17,16.0,18.0,10,11,10.0,10.0,12,12,13.0,13.0,21.0,21.0,11.0,13.0,12.0,14.0,11.0,17.0,13.0,15.2,15,16,22.0,23.0,12.0,12.0,7.0,12.0,6.0,6.0,8,9.0,16.0,17.0
NA20800,EUR,TSI,10.0,10,12.0,13.0,11.0,14.0,23,25,16.0,18.0,12,12,10.0,8.0,9,13,12.0,15.0,18.0,18.3,11.0,11.0,11.0,9.0,14.0,21.0,14.0,15.2,16,16,22.0,20.0,9.0,11.0,12.0,12.0,9.3,9.3,11,11.0,17.0,19.0
NA20801,EUR,TSI,10.0,12,11.0,16.0,10.0,11.0,17,21,14.0,16.0,12,11,8.0,9.0,13,11,14.0,16.0,21.0,22.0,11.0,11.0,12.0,13.0,15.0,16.0,12.0,16.0,15,15,23.0,23.0,13.0,13.0,12.0,16.0,6.0,9.3,10,11.0,14.0,17.0
NA20802,EUR,TSI,11.0,12,15.0,15.0,11.0,11.3,18,20,16.0,17.0,9,11,8.0,8.0,13,11,15.0,16.0,19.0,21.0,12.0,12.0,12.0,12.0,13.0,15.0,16.2,18.2,11,15,21.0,21.0,10.0,14.0,11.0,11.0,9.0,9.0,8,10.0,18.0,18.0
NA20803,EUR,TSI,12.0,12,14.0,16.0,11.0,11.0,17,17,14.0,15.0,13,13,11.0,8.0,13,15,14.0,16.0,18.0,20.0,9.0,12.0,8.0,12.0,14.0,16.0,14.0,12.0,16,16,23.0,23.0,13.0,9.0,7.0,10.0,9.0,9.3,8,8.0,16.0,17.0
NA20804,EUR,TSI,12.0,12,15.0,16.3,10.0,14.0,17,24,15.0,17.0,14,12,11.0,11.0,10,15,13.0,14.0,19.0,19.0,11.0,11.0,11.0,12.0,12.0,14.0,14.0,13.0,15,16,22.0,19.0,13.0,9.0,7.0,12.0,6.0,9.3,8,8.0,17.0,18.0
NA20805,EUR,TSI,10.0,12,12.0,15.0,10.0,11.0,17,24,14.0,17.0,12,11,10.0,10.0,10,11,13.0,13.0,18.0,18.3,12.0,12.0,11.0,12.0,12.0,15.0,12.0,12.0,15,16,21.0,23.0,9.0,9.0,5.0,5.0,8.0,9.0,8,11.0,15.0,17.0
NA20806,EUR,TSI,12.0,12,15.0,15.0,11.3,14.0,19,25,15.0,15.0,11,11,10.0,8.0,14,15,13.0,14.0,17.0,19.0,11.0,14.0,12.0,13.0,15.0,16.0,12.0,13.0,15,16,24.0,24.0,14.0,15.0,5.0,12.0,7.0,7.0,8,9.0,14.0,16.0
NA20807,EUR,TSI,10.0,12,12.0,15.3,11.0,11.3,17,20,17.0,17.0,12,9,9.0,8.0,13,10,14.0,16.0,20.0,23.0,12.0,13.0,13.0,9.0,13.0,14.0,14.0,13.0,11,15,22.0,23.0,13.0,13.0,7.0,7.0,6.0,9.0,8,11.0,14.0,17.0
NA20808,EUR,TSI,13.0,11,12.0,15.0,10.0,11.0,18,16,16.0,18.0,12,12,11.0,8.0,13,15,14.0,16.0,19.0,22.0,8.0,12.0,8.0,13.0,18.0,14.0,14.0,15.0,15,16,23.0,24.0,11.0,15.0,7.0,12.0,7.0,6.0,8,11.0,15.0,17.0
NA20809,EUR,TSI,13.0,11,13.0,15.3,10.0,15.0,23,17,15.0,17.0,12,11,12.0,12.0,13,10,14.0,16.0,15.0,20.0,12.0,14.0,9.0,13.0,10.0,13.0,14.0,13.0,15,16,19.0,21.0,13.0,13.0,7.0,7.0,6.0,9.3,8,9.0,17.0,19.0
NA20810,EUR,TSI,11.0,11,14.0,16.0,11.3,14.0,19,24,15.0,17.0,11,10,10.0,11.0,12,12,13.0,16.0,21.0,24.0,11.0,12.0,12.0,12.0,15.0,16.0,13.0,15.0,15,16,22.0,20.0,13.0,9.0,5.0,13.0,7.0,9.3,8,9.0,16.0,16.0
NA20811,EUR,TSI,13.0,10,16.0,16.0,11.0,14.0,16,19,15.0,16.0,13,13,11.0,12.0,12,13,13.0,15.0,19.0,20.0,11.0,12.0,12.0,13.0,13.0,15.0,14.0,13.0,15,15,22.0,20.0,13.0,9.0,13.0,12.0,7.0,6.0,8,8.0,14.0,17.0
NA20812,EUR,TSI,10.0,12,12.0,16.0,10.0,14.0,20,20,17.0,17.0,12,11,9.0,11.0,10,15,12.0,16.0,20.0,23.0,11.0,12.0,13.0,14.0,15.0,16.0,13.2,15.0,16,16,21.0,23.0,10.0,12.0,13.0,14.0,6.0,6.0,9,11.0,17.0,17.0
NA20813,EUR,TSI,11.0,11,11.0,15.0,11.3,14.0,20,20,14.0,15.0,12,11,11.0,12.0,8,14,13.0,14.0,22.0,23.0,12.0,13.0,12.0,13.0,18.0,15.0,12.0,13.0,15,16,19.0,24.0,10.0,11.0,7.0,12.0,6.0,9.0,9,12.0,17.0,18.0
NA20814,EUR,TSI,11.0,11,12.0,14.0,14.0,14.0,17,17,16.0,18.0,10,11,10.0,10.0,13,14,13.0,15.0,21.0,23.0,12.0,12.0,11.0,12.0,17.0,17.0,14.0,12.0,15,16,20.0,25.0,13.0,13.0,11.0,15.0,6.0,8.0,8,8.0,17.0,18.0
NA20815,EUR,TSI,10.0,12,15.0,16.0,11.3,14.0,21,24,17.0,18.0,13,11,8.0,8.0,11,12,13.0,15.0,21.0,21.0,11.0,9.0,11.0,12.0,15.0,17.0,14.0,13.0,15,16,22.0,20.0,8.0,9.0,7.0,11.0,8.0,9.0,8,9.0,16.0,20.0
NA20818,EUR,TSI,10.0,12,17.0,15.3,10.0,11.0,17,19,14.0,16.0,12,11,10.0,10.0,14,15,12.0,18.0,18.0,18.0,12.0,13.0,9.0,9.0,12.0,14.0,14.0,14.2,11,16,22.0,23.0,13.0,11.0,10.0,11.0,8.0,10.0,8,8.0,16.0,18.0
NA20819,EUR,TSI,13.0,11,11.0,15.0,10.0,11.0,16,18,15.0,18.0,12,13,8.0,10.0,13,8,14.0,16.0,18.3,22.0,11.0,12.0,9.0,12.0,13.0,14.0,14.0,13.0,11,16,20.0,24.0,9.0,9.0,10.0,15.0,6.0,9.0,10,11.0,14.0,15.0
NA20821,EUR,TSI,10.0,10,14.0,16.0,14.0,14.0,17,21,15.0,15.0,12,14,10.0,10.0,12,14,14.0,14.0,17.0,21.0,11.0,13.0,9.0,12.0,18.0,14.0,13.0,16.0,15,16,23.0,23.0,13.0,11.0,7.0,12.0,6.0,6.0,8,9.0,18.0,15.0
NA20822,EUR,TSI,10.0,12,13.0,15.0,10.0,15.0,17,24,17.0,18.0,12,9,13.0,8.0,13,12,14.0,15.0,19.0,22.0,12.0,12.0,12.0,13.0,18.0,15.0,14.0,15.0,17,16,22.0,21.0,10.0,14.0,11.0,12.0,9.0,9.3,8,11.0,15.0,18.0
NA20826,EUR,TSI,10.0,11,11.0,18.3,11.0,14.0,17,24,16.0,17.0,12,12,10.0,10.0,10,15,13.0,17.0,18.0,18.0,9.0,10.0,9.0,13.0,12.0,12.0,14.0,13.0,15,16,22.0,21.0,13.0,13.0,7.0,12.0,9.3,9.3,8,11.0,16.0,19.0
NA20827,EUR,TSI,9.0,10,16.0,16.0,11.0,14.0,13,20,14.0,19.0,13,10,12.0,12.0,10,11,13.0,12.0,18.0,22.0,12.0,12.0,11.0,9.0,12.0,17.0,14.0,14.0,15,16,20.0,21.0,9.0,14.0,7.0,12.0,9.0,9.3,8,9.0,15.0,17.0
NA20828,EUR,TSI,13.0,13,14.0,17.3,11.0,11.0,17,19,14.0,18.0,12,12,10.0,12.0,13,13,13.0,16.0,17.0,20.0,10.0,12.0,11.0,10.0,13.0,14.0,14.0,14.0,15,16,22.0,21.0,13.0,12.0,5.0,12.0,7.0,9.3,11,11.0,16.0,18.0
NA20832,EUR,TSI,12.0,12,18.3,16.3,10.0,14.0,19,19,17.0,18.0,12,9,9.0,10.0,13,13,13.0,17.0,18.0,24.0,8.0,9.0,9.0,13.0,15.0,21.0,14.0,13.0,14,18,21.0,23.0,12.0,12.0,7.0,7.0,7.0,6.0,11,11.0,18.0,18.0
HG03006,SAS,BEB,11.0,11,17.0,16.0,10.0,14.0,16,22,16.0,17.0,12,11,11.0,8.0,13,11,15.0,17.0,17.0,22.0,10.0,11.0,11.0,11.0,12.0,20.0,13.0,15.0,17,11,21.0,24.0,13.0,9.0,13.0,13.0,8.0,9.0,9,11.0,14.0,18.0
HG03007,SAS,BEB,13.0,12,11.0,12.0,10.0,14.0,23,24,16.0,17.0,11,12,11.0,8.0,15,15,13.0,14.0,18.3,20.0,7.0,11.0,13.0,9.0,17.0,14.0,14.0,14.2,17,15,20.0,21.0,9.0,12.0,7.0,12.0,6.0,9.0,9,11.0,16.0,16.0
HG03009,SAS,BEB,12.0,12,11.0,16.3,11.0,11.0,23,21,14.0,17.0,13,12,11.0,12.0,13,14,13.0,16.0,18.0,20.0,13.0,14.0,9.0,11.0,14.0,15.0,14.0,13.0,11,15,23.2,25.0,9.0,11.0,5.0,5.0,7.0,10.0,8,10.0,17.0,17.0
HG03012,SAS,BEB,12.0,12,13.0,15.0,11.0,11.0,23,26,16.0,17.0,14,13,11.0,11.0,13,14,15.0,15.0,19.0,22.0,11.0,10.0,11.0,9.0,13.0,17.0,14.0,17.0,11,15,22.0,24.0,12.0,14.0,11.0,11.0,6.0,9.0,8,11.0,14.0,16.0
HG03585,SAS,BEB,10.0,11,14.0,15.0,12.0,14.0,23,22,14.0,16.0,12,11,12.0,12.0,12,15,14.0,16.0,17.0,21.0,7.0,13.0,11.0,8.0,13.0,15.0,14.0,13.0,15,15,21.0,23.0,12.0,9.0,11.0,11.0,7.0,6.0,8,11.0,14.0,16.0
HG03589,SAS,BEB,13.0,13,13.0,16.0,11.0,11.3,19,21,15.0,17.0,12,11,7.0,8.0,11,12,13.0,13.0,18.0,21.0,8.0,10.0,12.0,13.0,15.0,16.0,15.0,16.0,15,16,21.0,23.0,11.0,12.0,11.0,16.0,7.0,9.3,8,9.0,17.0,17.0
HG03593,SAS,BEB,12.0,12,17.0,16.0,11.0,14.0,23,17,17.0,18.0,12,11,9.0,11.0,15,15,12.0,15.0,20.0,22.0,10.0,11.0,10.0,11.0,14.0,16.0,15.0,15.2,11,15,19.0,21.0,9.0,11.0,11.0,11.0,6.0,8.0,11,13.0,16.0,17.0
HG03594,SAS,BEB,12.0,12,13.0,15.3,10.0,11.0,18,18,15.0,16.0,11,11,11.0,8.0,13,15,13.0,13.0,19.0,21.0,10.0,13.0,11.0,13.0,13.0,13.0,13.0,14.2,15,15,23.0,23.0,9.0,9.0,11.0,11.0,7.0,9.0,8,9.0,16.0,18.0
HG03595,SAS,BEB,11.0,12,8.0,15.0,10.0,11.3,23,24,17.0,17.0,9,11,11.0,12.0,15,16,16.0,17.0,18.0,22.0,11.0,12.0,11.0,12.0,13.0,17.0,12.0,13.0,11,15,22.0,18.0,9.0,14.0,11.0,11.0,6.0,6.0,8,8.0,17.0,18.0
HG03598,SAS,BEB,11.0,12,14.0,15.0,10.0,11.0,17,18,15.0,16.0,11,10,12.0,12.0,12,15,14.0,14.0,18.0,18.0,9.0,11.0,11.0,11.0,15.0,17.0,12.0,13.0,11,11,21.0,23.0,10.0,9.0,7.0,12.0,9.0,9.0,8,11.0,13.0,18.0
HG03600,SAS,BEB,10.0,12,12.0,14.0,12.0,10.0,19,20,15.0,15.0,12,11,10.0,10.0,13,10,15.0,15.0,20.0,20.0,8.0,12.0,11.0,9.0,14.0,17.0,13.0,16.0,11,14,21.0,21.0,13.0,12.0,11.0,11.0,9.0,9.3,8,11.0,15.0,18.0
HG03603,SAS,BEB,10.0,12,11.0,13.0,10.0,14.0,20,24,16.0,16.0,10,10,10.0,12.0,14,15,14.0,13.0,22.0,22.0,8.0,14.0,11.0,14.0,11.0,15.0,14.0,13.0,11,11,22.0,24.0,9.0,9.0,7.0,7.0,6.0,9.0,8,11.0,14.0,15.0
HG03604,SAS,BEB,11.0,12,13.0,14.0,10.0,11.3,17,18,15.0,17.0,13,12,10.0,12.0,13,15,13.0,14.0,17.0,22.0,9.0,13.0,11.0,12.0,14.0,15.0,14.0,13.0,11,16,23.0,24.0,10.0,10.0,13.0,13.0,9.0,9.3,8,9.0,14.0,16.0
HG03607,SAS,BEB,10.0,12,12.0,16.0,11.0,13.0,16,16,17.0,17.0,12,10,11.0,12.0,10,11,13.0,15.0,18.0,18.0,8.0,11.0,10.0,13.0,14.0,15.0,14.0,13.0,11,15,22.0,22.0,10.0,11.0,11.0,11.0,6.0,10.0,8,10.0,16.0,18.0
HG03611,SAS,BEB,11.0,12,12.0,14.0,11.0,11.0,23,24,16.0,17.0,11,11,10.0,12.0,10,16,13.0,17.0,19.0,18.0,9.0,11.0,11.0,13.0,13.0,14.0,12.0,14.2,16,16,20.0,26.0,9.0,10.0,16.0,16.0,9.0,9.3,8,8.0,14.0,18.0
HG03615,SAS,BEB,11.0,12,14.0,15.0,10.0,11.0,24,25,16.0,16.0,12,12,9.0,8.0,11,15,13.0,13.0,19.0,23.0,8.0,11.0,11.0,9.0,13.0,15.0,14.0,13.0,15,16,22.0,23.0,11.0,14.0,11.0,11.0,6.0,8.0,9,10.0,16.0,17.0
HG03616,SAS,BEB,10.0,12,11.0,14.0,11.0,13.0,22,24,15.0,17.0,14,12,8.0,10.0,13,11,13.0,15.0,17.0,23.0,10.0,12.0,12.0,9.0,14.0,15.0,13.0,16.0,11,11,23.0,23.0,10.0,12.0,11.0,11.0,9.3,9.3,8,11.0,14.0,15.0
HG03793,SAS,BEB,12.0,12,11.0,18.3,12.0,11.0,19,20,15.0,16.0,13,12,7.0,11.0,14,15,13.0,17.0,16.0,20.0,8.0,11.0,8.0,11.0,14.0,15.0,14.0,13.2,15,16,22.0,24.0,10.0,10.0,11.0,11.0,8.0,9.0,11,11.0,15.0,16.0
HG03796,SAS,BEB,12.0,12,13.0,15.0,14.0,14.0,23,23,15.0,17.0,12,11,11.0,8.0,11,12,14.0,14.0,18.0,21.0,11.0,9.0,10.0,10.0,14.0,15.0,13.0,15.2,14,15,20.0,23.0,9.0,11.0,5.0,13.0,6.0,9.0,8,8.0,17.0,20.0
HG03800,SAS,BEB,10.0,11,17.0,14.0,10.0,10.0,23,19,15.0,17.0,12,11,10.0,12.0,10,14,14.0,15.0,18.0,23.0,9.0,12.0,11.0,12.0,14.0,15.0,13.0,15.0,11,15,21.0,23.2,13.0,13.0,11.0,11.0,8.0,9.0,8,10.0,16.0,17.0
HG03802,SAS,BEB,10.0,11,11.0,13.0,12.0,11.0,21,21,16.0,16.0,11,11,12.0,9.0,14,14,14.0,14.0,18.0,20.0,10.0,10.0,12.0,10.0,15.0,20.0,13.0,13.0,17,18,21.0,25.0,9.0,11.0,11.0,11.0,7.0,6.0,8,12.0,17.0,19.0
HG03803,SAS,BEB,13.0,10,13.0,15.0,11.0,11.3,17,19,14.0,15.0,12,12,9.0,10.0,13,18,14.0,15.0,17.0,19.0,13.0,13.0,10.0,9.0,14.0,15.0,14.0,13.2,17,15,22.0,23.0,9.0,10.0,11.0,11.0,6.0,9.0,8,11.0,17.0,19.0
HG03805,SAS,BEB,10.0,11,12.0,15.0,10.0,11.0,17,21,16.0,18.0,12,12,12.0,12.0,14,15,15.0,16.0,19.0,22.0,8.0,10.0,11.0,13.0,13.0,15.0,13.0,15.2,15,16,24.0,24.0,13.0,13.0,13.0,13.0,7.0,8.0,8,9.0,15.0,16.0
HG03808,SAS,BEB,12.0,12,12.0,16.0,11.0,11.0,17,18,16.0,17.0,12,12,10.0,11.0,13,14,15.0,15.0,17.0,19.2,7.0,8.0,13.0,9.0,12.0,15.0,13.0,13.0,11,15,19.0,25.0,10.0,11.0,9.0,9.0,9.0,9.3,9,11.0,18.0,19.0
HG03809,SAS,BEB,12.0,12,13.0,16.0,12.0,14.0,24,24,15.0,18.0,13,11,13.0,9.0,13,15,12.0,14.0,19.0,21.0,11.0,12.0,11.0,9.0,12.0,13.0,15.0,15.0,16,16,20.0,24.0,13.0,12.0,14.0,14.0,9.0,9.0,11,11.0,18.0,19.0
HG03812,SAS,BEB,11.0,11,15.0,15.0,10.0,11.0,19,22,15.0,16.0,11,11,8.0,12.0,11,16,14.0,15.0,18.0,18.0,10.0,12.0,11.0,12.0,14.0,20.0,14.0,13.0,11,11,23.0,25.0,11.0,12.0,13.0,13.0,7.0,9.3,9,11.0,18.0,18.0
HG03814,SAS,BEB,10.0,12,11.0,16.3,11.0,14.0,23,23,15.0,17.0,10,10,8.0,11.0,12,15,15.0,16.0,19.0,23.0,8.0,11.0,12.0,12.0,14.0,15.0,13.0,15.2,11,15,21.0,26.0,9.0,11.0,11.0,11.0,6.0,8.0,11,11.0,14.0,19.0
HG03815,SAS,BEB,10.0,11,13.0,13.0,10.0,14.0,22,23,14.0,16.0,13,12,12.0,12.0,13,13,14.0,16.0,21.0,24.0,7.0,12.0,13.0,9.0,12.0,14.0,13.0,13.0,11,15,20.0,20.0,12.0,10.0,13.0,15.0,6.0,8.0,8,8.0,16.0,17.0
HG03817,SAS,BEB,10.0,12,14.0,14.0,10.0,14.0,18,19,15.0,17.0,14,13,13.0,11.0,14,16,14.0,14.0,20.0,22.0,12.0,12.0,11.0,12.0,13.0,13.0,13.0,13.0,15,16,25.0,25.2,13.0,11.0,12.0,12.0,7.0,6.0,11,11.0,16.0,18.0
HG03821,SAS,BEB,13.0,11,11.0,15.0,10.0,11.0,23,25,15.0,18.0,12,12,10.0,12.0,12,12,14.0,15.0,22.0,22.0,8.0,8.0,11.0,8.0,14.0,20.0,13.0,16.0,11,15,22.0,26.0,13.0,13.0,11.0,11.0,7.0,7.0,11,11.0,17.0,17.0
HG03823,SAS,BEB,11.0,12,18.0,16.3,11.0,14.0,18,18,16.0,16.0,11,12,7.0,12.0,10,14,14.0,16.0,17.0,23.0,9.0,10.0,11.0,11.0,14.0,17.0,13.0,16.0,11,15,22.0,24.0,9.0,10.0,7.0,7.0,6.0,8.0,8,9.0,18.0,18.0
HG03824,SAS,BEB,13.0,12,12.0,15.0,10.0,11.0,23,22,15.0,15.0,8,11,12.0,8.0,12,14,16.0,16.0,18.0,21.0,11.0,14.0,9.0,12.0,13.0,17.0,15.2,16.2,11,12,23.0,25.0,11.0,12.0,11.0,11.0,9.0,9.3,8,9.0,18.0,19.0
HG03826,SAS,BEB,10.0,11,13.0,13.0,10.0,14.0,23,20,15.0,16.0,12,11,10.0,10.0,10,15,15.0,16.0,18.0,18.0,9.0,12.0,12.0,13.0,13.0,16.0,14.0,13.2,15,15,21.0,21.0,10.0,10.0,12.0,13.0,6.0,9.0,8,9.0,14.0,15.0
HG03829,SAS,BEB,11.0,12,13.0,17.3,10.0,11.0,19,20,16.0,17.0,13,10,13.0,10.0,8,15,13.0,13.0,20.0,20.0,8.0,11.0,8.0,13.0,18.0,13.0,14.2,14.2,11,16,22.0,20.0,11.0,14.0,11.0,11.0,9.0,9.3,8,11.0,14.0,15.0
HG03830,SAS,BEB,7.0,10,12.0,16.0,10.0,11.0,20,22,18.0,18.0,12,12,10.0,11.0,10,10,14.0,17.0,18.0,20.0,8.0,11.0,12.0,11.0,14.0,16.0,13.0,15.2,11,16,23.0,27.2,10.0,12.0,11.0,12.0,8.0,8.0,8,10.0,17.0,20.0
HG03832,SAS,BEB,12.0,12,11.0,16.0,10.0,11.0,17,20,16.0,17.0,13,11,8.0,10.0,10,12,13.0,15.0,17.0,21.0,12.0,12.0,8.0,12.0,18.0,15.0,14.0,16.0,11,11,21.0,23.0,10.0,10.0,5.0,11.0,6.0,8.0,11,11.0,17.0,18.0
HG03833,SAS,BEB,10.0,12,15.0,15.0,10.0,11.3,17,18,15.0,15.0,12,11,8.0,8.0,16,16,14.0,15.0,19.0,23.0,8.0,9.0,10.0,9.0,13.0,15.0,14.0,13.0,15,18,22.0,25.0,10.0,11.0,12.0,16.0,9.0,9.3,11,11.0,18.0,19.0
HG03902,SAS,BEB,11.0,12,15.0,16.0,12.0,11.0,23,24,15.0,16.0,13,13,11.0,8.0,15,15,13.0,15.0,18.0,19.0,10.0,11.0,11.0,14.0,14.0,15.0,14.0,14.0,11,14,20.0,23.0,13.0,11.0,11.0,11.0,6.0,6.0,8,8.0,14.0,17.0
HG03905,SAS,BEB,13.0,12,15.0,18.0,10.0,10.0,23,18,16.0,17.0,13,11,10.0,11.0,10,16,14.0,14.0,18.3,21.0,11.0,11.0,12.0,9.0,14.0,15.0,14.0,16.0,15,15,19.0,23.0,10.0,12.0,5.0,7.0,8.0,9.3,10,11.0,18.0,18.0
HG03907,SAS,BEB,13.0,10,17.0,15.0,11.0,14.0,18,22,16.0,17.0,13,12,10.0,12.0,14,16,15.0,15.0,17.0,21.0,11.0,12.0,11.0,9.0,15.0,16.0,14.0,14.2,11,15,19.0,20.0,10.0,11.0,13.0,13.0,8.0,9.3,8,11.0,16.0,18.0
HG03908,SAS,BEB,13.0,10,16.0,16.0,12.0,11.0,19,21,16.0,17.0,13,11,10.0,8.0,14,15,14.0,15.0,20.0,21.0,8.0,11.0,11.0,12.0,14.0,16.0,14.0,14.2,11,15,20.0,24.0,12.0,14.0,11.0,11.0,8.0,9.3,8,11.0,17.0,19.0
HG03910,SAS,BEB,11.0,12,17.0,16.0,11.0,11.3,18,19,15.0,17.0,13,13,10.0,10.0,14,17,14.0,16.0,18.0,18.3,12.0,13.0,12.0,11.0,11.0,14.0,13.0,14.2,16,16,22.0,22.0,12.0,12.0,5.0,5.0,9.0,9.3,11,12.0,18.0,18.0
HG03911,SAS,BEB,12.0,12,13.0,16.0,10.0,11.0,19,22,17.0,17.0,12,12,9.0,11.0,10,16,15.0,16.0,16.0,17.0,11.0,8.0,11.0,9.0,13.0,14.0,13.0,13.0,14,15,22.0,23.0,10.0,11.0,11.0,12.0,7.0,7.0,10,10.0,17.0,18.0
HG03913,SAS,BEB,10.0,12,11.0,12.0,11.0,11.0,18,19,15.0,16.0,13,12,10.0,8.0,9,12,15.0,16.0,19.0,19.0,8.0,12.0,11.0,12.0,14.0,11.0,13.0,13.0,11,14,19.0,24.0,10.0,12.0,11.0,11.0,8.0,9.0,8,11.0,15.0,16.0
HG03914,SAS,BEB,13.0,11,12.0,15.0,10.0,11.0,23,18,16.0,18.0,12,11,8.0,8.0,10,11,14.0,15.0,17.0,23.0,11.0,11.0,12.0,12.0,14.0,15.0,13.0,15.0,15,15,20.0,23.0,9.0,9.0,11.0,14.0,9.0,9.0,8,11.0,14.0,17.0
HG03916,SAS,BEB,12.0,12,11.0,15.0,10.0,11.3,23,17,15.0,15.0,12,10,11.0,8.0,10,11,14.0,16.0,17.0,18.0,13.0,14.0,8.0,13.0,15.0,16.0,13.0,16.2,11,18,20.0,25.0,11.0,12.0,10.0,10.0,6.0,8.0,8,11.0,16.0,18.0
HG03917,SAS,BEB,13.0,12,13.0,16.0,10.0,11.0,18,21,14.0,19.0,12,11,13.0,11.0,10,14,15.0,17.0,19.0,17.0,11.0,12.0,10.0,13.0,14.0,16.0,15.0,15.0,11,15,21.0,23.0,10.0,11.0,11.0,12.0,6.0,9.3,8,11.0,16.0,20.0
HG03919,SAS,BEB,13.0,10,15.0,16.3,11.0,11.3,18,26,15.0,18.0,12,11,9.0,11.0,15,16,15.0,15.0,21.0,23.0,11.0,14.0,13.0,14.0,13.0,14.0,13.0,13.0,11,14,21.0,25.0,13.0,12.0,17.0,17.0,7.0,9.3,8,11.0,16.0,18.0
HG03920,SAS,BEB,13.0,12,11.0,13.0,12.0,11.0,17,19,14.0,15.0,11,13,9.0,10.0,13,10,13.0,16.0,17.0,20.0,9.0,12.0,8.0,12.0,18.0,16.0,13.0,15.2,15,16,22.0,25.0,10.0,10.0,11.0,11.0,7.0,9.3,8,8.0,10.0,18.0
HG03922,SAS,BEB,10.0,10,13.0,17.3,10.0,13.0,18,22,16.0,16.0,12,12,10.0,8.0,13,14,14.0,16.0,18.0,21.0,8.0,11.0,11.0,10.0,14.0,14.0,13.0,15.0,17,15,18.0,21.0,10.0,12.0,11.0,11.0,6.0,9.0,10,10.0,14.0,18.0
HG03925,SAS,BEB,13.0,12,13.0,14.0,10.0,11.0,23,20,15.0,17.0,13,11,10.0,9.0,12,14,13.0,14.0,20.0,21.0,9.0,11.0,12.0,11.0,15.0,17.0,14.0,13.0,15,15,21.0,23.0,13.0,10.0,11.0,14.0,6.0,6.0,8,9.0,15.0,16.0
HG03926,SAS,BEB,12.0,12,12.0,16.0,10.0,11.0,19,25,17.0,18.0,13,12,10.0,11.0,13,14,14.0,16.0,18.0,20.0,8.0,8.0,12.0,12.0,13.0,15.0,14.0,13.0,15,16,20.0,20.0,9.0,11.0,14.0,16.0,7.0,7.0,8,8.0,14.0,17.0
HG03928,SAS,BEB,12.0,12,13.0,15.0,10.0,11.0,18,19,15.0,16.0,12,11,8.0,8.0,13,14,13.0,16.0,20.0,21.0,9.0,9.0,11.0,11.0,12.0,13.0,14.0,14.0,11,15,22.0,23.0,10.0,11.0,11.0,11.0,6.0,6.0,8,11.0,16.0,19.0
HG03931,SAS,BEB,13.0,12,11.0,18.0,10.0,11.0,23,24,15.0,19.0,10,11,9.0,12.0,11,16,15.0,16.0,20.0,21.0,8.0,8.0,12.0,11.0,14.0,14.0,14.2,15.0,11,11,24.0,25.0,9.0,9.0,10.0,10.0,8.0,9.3,8,11.0,14.0,18.0
HG03934,SAS,BEB,10.0,11,15.0,16.0,11.0,14.0,17,22,14.0,16.0,13,9,10.0,12.0,11,15,14.0,15.0,21.0,24.0,11.0,14.0,8.0,9.0,11.0,15.0,14.0,13.0,11,15,21.0,23.0,10.0,12.0,12.0,12.0,8.0,9.3,9,11.0,16.0,16.0
HG03937,SAS,BEB,13.0,12,11.0,16.0,11.0,11.0,19,22,15.0,16.0,12,11,11.0,9.0,13,14,14.0,14.0,18.0,20.0,9.0,10.0,12.0,14.0,13.0,17.0,13.0,15.2,11,15,21.0,24.0,13.0,11.0,11.0,11.0,6.0,8.0,10,11.0,14.0,16.0
HG03940,SAS,BEB,12.0,12,17.0,11.0,10.0,10.0,23,28,15.0,17.0,11,11,10.0,8.0,11,15,15.0,17.0,22.0,23.0,11.0,12.0,11.0,12.0,12.0,17.0,14.0,13.0,11,12,23.0,24.0,9.0,10.0,13.0,13.0,8.0,9.3,8,11.0,17.0,17.0
HG03941,SAS,BEB,12.0,12,14.0,14.0,12.0,10.0,23,25,16.0,17.0,11,10,10.0,12.0,10,13,14.0,16.0,17.0,18.0,11.0,11.0,11.0,12.0,14.0,14.0,14.0,15.0,16,16,24.0,25.0,10.0,11.0,9.0,9.0,7.0,8.0,9,11.0,17.0,18.0
HG04131,SAS,BEB,11.0,12,11.0,15.0,10.0,11.3,23,17,15.0,17.0,12,10,10.0,8.0,15,15,14.0,15.0,18.0,22.0,8.0,12.0,12.0,12.0,12.0,15.0,14.2,15.0,15,16,20.0,23.0,9.0,11.0,12.0,12.0,8.0,9.0,8,11.0,14.0,17.0
HG04134,SAS,BEB,10.0,11,8.0,16.0,11.0,11.0,23,26,15.0,18.0,12,12,8.0,8.0,13,10,15.0,15.0,21.0,22.0,8.0,13.0,10.0,10.0,14.0,19.0,14.0,13.0,11,15,22.0,19.0,9.0,14.0,11.0,14.0,7.0,9.0,8,10.0,16.0,18.0
HG04140,SAS,BEB,10.0,11,11.0,16.0,10.0,11.0,19,19,15.0,19.0,12,10,11.0,11.0,14,14,13.0,17.0,17.0,18.0,11.0,9.0,11.0,10.0,14.0,16.0,14.0,15.2,17,15,19.0,23.2,13.0,10.0,11.0,11.0,6.0,9.0,8,11.0,18.0,20.0
HG04141,SAS,BEB,13.0,10,15.0,18.0,10.0,11.0,23,19,15.0,16.0,12,12,13.0,11.0,13,12,16.0,16.0,17.0,19.0,12.0,12.0,11.0,12.0,13.0,15.0,14.0,13.0,11,15,24.0,24.0,10.0,14.0,9.0,12.0,7.0,9.0,8,9.0,14.0,20.0
HG04144,SAS,BEB,12.0,12,15.0,15.3,11.0,11.0,22,24,17.0,18.0,13,12,11.0,8.0,13,13,14.0,16.0,22.0,23.0,8.0,12.0,11.0,11.0,14.0,15.0,12.0,15.0,17,11,24.0,24.0,7.0,11.0,11.0,11.0,7.0,9.3,8,11.0,16.0,17.0
HG04146,SAS,BEB,11.0,12,17.0,16.0,11.0,14.0,18,22,16.0,17.0,12,12,12.0,8.0,13,14,13.0,15.0,18.0,20.0,8.0,10.0,11.0,13.0,13.0,13.0,14.0,13.2,15,16,21.0,25.0,9.0,14.0,11.0,12.0,7.0,6.0,8,11.0,14.0,17.0
HG04152,SAS,BEB,10.0,12,17.0,16.0,11.0,11.0,23,18,17.0,17.0,14,11,13.0,9.0,12,14,12.0,15.0,18.0,22.0,8.0,10.0,12.0,12.0,15.0,17.0,13.0,13.0,11,15,21.0,25.0,11.0,11.0,11.0,11.0,7.0,9.0,9,11.0,14.0,17.0
HG04153,SAS,BEB,11.0,12,12.0,15.0,10.0,11.0,18,19,15.0,16.0,12,10,11.0,11.0,16,16,13.0,16.0,17.0,18.0,11.0,9.0,11.0,13.0,18.0,17.0,13.0,14.2,17,14,21.0,21.0,9.0,11.0,12.0,12.0,7.0,9.3,10,10.0,14.0,18.0
HG04155,SAS,BEB,12.0,12,8.0,11.0,10.0,11.3,23,19,16.0,17.0,13,13,12.0,8.0,10,13,16.0,16.0,19.0,21.0,9.0,12.0,10.0,12.0,12.0,14.0,14.0,16.2,11,16,22.0,19.0,11.0,15.0,10.0,12.0,6.0,8.0,9,11.0,14.0,18.0
HG04156,SAS,BEB,10.0,12,11.0,14.0,12.0,11.0,23,24,14.0,17.0,12,10,8.0,8.0,10,12,14.0,15.0,18.0,18.0,8.0,11.0,9.0,9.0,14.0,16.0,13.0,15.0,11,15,24.0,25.0,11.0,15.0,14.0,14.0,7.0,9.0,11,11.0,15.0,16.0
HG04158,SAS,BEB,10.0,12,11.0,15.0,12.0,10.0,17,22,16.0,16.0,12,11,8.0,11.0,13,8,14.0,14.0,21.0,22.0,8.0,10.0,12.0,9.0,14.0,20.0,14.0,15.0,15,15,20.0,25.2,12.0,10.0,11.0,12.0,6.0,8.0,11,11.0,18.0,17.0
HG04159,SAS,BEB,13.0,10,12.0,13.0,11.0,11.0,23,19,15.0,16.0,14,12,11.0,8.0,10,15,14.0,16.0,18.0,22.0,11.0,12.0,11.0,14.0,13.0,14.0,14.0,13.2,15,15,24.0,26.0,8.0,12.0,11.0,11.0,6.0,10.0,8,11.0,16.0,17.0
HG04161,SAS,BEB,13.0,12,11.0,14.0,10.0,11.0,19,22,17.0,19.0,12,10,9.0,8.0,10,15,13.0,15.0,17.0,18.0,10.0,11.0,11.0,9.0,13.0,13.0,13.0,15.2,11,16,24.2,26.0,10.0,10.0,14.0,14.0,7.0,10.0,10,11.0,15.0,18.0
HG04162,SAS,BEB,10.0,12,12.0,13.0,10.0,10.0,19,22,16.0,19.0,11,11,12.0,12.0,13,14,12.0,16.0,17.0,22.0,8.0,10.0,10.0,10.0,14.0,14.0,13.2,16.0,15,15,22.0,24.0,9.0,12.0,14.0,15.0,7.0,7.0,10,11.0,17.0,18.0
HG04164,SAS,BEB,12.0,12,11.0,14.0,11.0,11.0,23,21,14.0,17.0,11,11,11.0,9.0,10,15,13.0,16.0,18.0,20.0,9.0,11.0,9.0,13.0,12.0,20.0,13.0,13.0,11,15,22.0,23.0,9.0,12.0,11.0,13.0,8.0,8.0,8,11.0,17.0,18.0
HG04171,SAS,BEB,11.0,12,11.0,13.0,12.0,9.0,21,24,15.0,17.0,13,13,11.0,12.0,14,15,12.0,15.0,18.0,18.0,8.0,8.0,11.0,12.0,13.0,15.0,14.0,15.2,11,15,23.0,20.0,9.0,11.0,12.0,13.0,8.0,9.3,8,11.0,16.0,16.0
HG04173,SAS,BEB,12.0,12,11.0,16.0,10.0,11.0,23,25,16.0,17.0,12,11,8.0,11.0,13,16,15.0,17.0,18.0,18.0,11.0,12.0,12.0,13.0,14.0,17.0,13.0,15.0,11,16,23.0,24.0,11.0,11.0,13.0,15.0,6.0,9.3,8,8.0,17.0,17.0
HG04176,SAS,BEB,10.0,10,12.0,16.0,10.0,14.0,19,21,15.0,17.0,12,12,10.0,12.0,15,16,14.0,16.0,18.0,20.0,12.0,13.0,11.0,8.0,14.0,14.0,14.0,15.2,15,16,22.0,21.0,11.0,9.0,11.0,11.0,8.0,8.0,11,11.0,16.0,18.0
HG04177,SAS,BEB,10.0,11,16.0,16.0,12.0,14.0,19,25,14.0,15.0,12,11,13.0,12.0,10,10,14.0,15.0,19.0,23.0,11.0,11.0,11.0,10.0,18.0,14.0,12.0,13.0,11,16,19.0,24.0,9.0,9.0,5.0,11.0,7.0,8.0,8,8.0,17.0,19.0
HG04180,SAS,BEB,10.0,11,15.0,15.0,12.0,14.0,23,25,16.0,16.0,10,10,10.0,12.0,13,14,14.0,15.0,18.0,25.0,12.0,12.0,11.0,13.0,18.0,16.0,15.0,16.0,14,15,22.2,23.0,9.0,9.0,11.0,11.0,9.0,9.0,9,11.0,19.0,19.0
HG04182,SAS,BEB,10.0,11,12.0,15.0,11.0,11.3,19,20,15.0,15.0,11,11,11.0,11.0,13,10,11.0,15.0,19.0,24.0,8.0,11.0,11.0,11.0,15.0,17.0,14.0,14.0,17,16,24.0,25.0,11.0,15.0,11.0,11.0,6.0,9.0,8,9.0,14.0,16.0
HG04183,SAS,BEB,11.0,12,11.0,12.0,11.0,11.0,19,19,15.0,17.0,12,12,9.0,10.0,13,10,13.0,14.0,16.0,19.0,8.0,10.0,12.0,13.0,14.0,16.0,13.0,13.0,17,11,18.0,21.0,13.0,10.0,11.0,13.0,9.0,9.0,10,11.0,16.0,18.0
HG04185,SAS,BEB,12.0,14,11.0,11.0,10.0,14.0,19,20,16.0,18.0,11,11,10.0,12.0,10,15,14.0,15.0,18.0,21.0,8.0,12.0,12.0,12.0,15.0,20.0,14.0,15.2,11,15,19.0,25.0,9.0,11.0,13.0,14.0,7.0,9.0,8,9.0,14.0,16.0
HG04186,SAS,BEB,11.0,11,14.0,14.0,12.0,14.0,18,18,15.0,15.0,12,10,10.0,8.0,13,11,15.0,16.0,18.0,22.0,11.0,12.0,11.0,9.0,14.0,15.0,14.0,15.0,11,12,19.0,23.0,9.0,13.0,11.0,11.0,6.0,8.0,8,9.0,16.0,19.0
HG04188,SAS,BEB,11.0,12,13.0,16.0,11.0,14.0,18,19,15.0,18.0,12,11,8.0,8.0,12,16,14.0,15.0,18.0,19.0,9.0,11.0,11.0,10.0,13.0,19.0,13.0,13.0,11,11,24.0,26.0,10.0,11.0,7.0,7.0,8.0,9.3,8,9.0,15.0,19.0
HG04189,SAS,BEB,10.0,11,11.0,14.0,10.0,11.0,19,25,15.0,18.0,12,10,8.0,10.0,13,15,16.0,13.0,20.0,21.0,10.0,11.0,12.0,13.0,14.0,16.0,14.0,15.0,14,14,22.0,25.0,13.0,12.0,11.0,11.0,6.0,9.0,11,12.0,17.0,18.0
HG04194,SAS,BEB,11.0,12,8.0,12.0,12.0,15.0,19,20,15.0,16.0,12,10,10.0,10.0,14,16,14.0,14.0,17.0,18.0,8.0,12.0,13.0,9.0,11.0,14.0,14.0,15.2,17,11,24.0,26.0,9.0,12.0,11.0,11.0,6.0,9.0,9,11.0,16.0,16.0
HG04195,SAS,BEB,11.0,12,12.0,15.0,10.0,11.0,22,25,15.0,16.0,12,11,11.0,8.0,11,15,14.0,15.0,18.0,19.0,11.0,13.0,11.0,12.0,18.0,16.0,13.0,15.2,11,16,23.0,23.0,10.0,10.0,16.0,16.0,9.0,9.3,11,11.0,15.0,16.0
NA20845,SAS,GIH,12.0,12,13.0,15.0,12.0,11.0,21,24,16.0,16.0,13,12,10.0,11.0,13,14,14.0,16.0,19.0,21.0,11.0,12.0,11.0,10.0,14.0,15.0,14.0,15.0,11,16,18.0,21.0,9.0,9.0,11.0,12.0,9.0,10.0,9,11.0,16.0,17.0
NA20846,SAS,GIH,11.0,12,15.0,16.3,11.0,14.0,19,25,15.0,16.0,13,11,12.0,12.0,11,15,14.0,15.0,22.0,22.0,11.0,14.0,13.0,10.0,12.0,13.0,14.0,13.2,14,15,21.0,25.0,11.0,11.0,5.0,5.0,6.0,6.0,8,11.0,16.0,17.0
NA20847,SAS,GIH,11.0,12,12.0,16.0,10.0,11.0,20,25,14.0,15.0,11,10,11.0,8.0,10,11,14.0,15.0,19.0,22.0,8.0,9.0,12.0,13.0,13.0,15.0,15.2,15.2,15,15,20.0,25.0,13.0,9.0,8.0,8.0,7.0,9.3,8,11.0,15.0,17.0
NA20849,SAS,GIH,9.0,10,17.0,8.0,10.0,11.0,18,19,15.0,16.0,13,10,9.0,10.0,13,15,14.0,15.0,17.0,24.0,8.0,8.0,11.0,8.0,13.0,17.0,13.0,15.2,11,16,24.0,24.0,11.0,9.0,11.0,12.0,9.0,9.3,8,8.0,14.0,15.0
NA20850,SAS,GIH,12.0,12,11.0,14.0,10.0,14.0,20,21,15.0,17.0,12,11,9.0,8.0,10,14,13.0,15.0,17.0,18.0,8.0,12.0,9.0,9.0,13.0,16.0,14.0,12.0,11,15,23.0,25.0,10.0,10.0,5.0,13.0,6.0,9.0,8,9.0,17.0,17.0
NA20851,SAS,GIH,10.0,12,13.0,16.0,10.0,14.0,18,22,17.0,17.0,13,11,10.0,11.0,10,15,13.0,15.0,19.0,20.0,11.0,11.0,9.0,11.0,13.0,16.0,14.0,13.0,17,15,19.0,20.0,11.0,11.0,12.0,12.0,9.0,9.0,8,11.0,14.0,17.0
NA20852,SAS,GIH,10.0,11,17.0,15.3,10.0,10.0,17,25,16.0,16.0,13,12,13.0,10.0,13,11,13.0,13.0,18.0,22.0,11.0,13.0,11.0,12.0,18.0,15.0,13.0,14.2,14,15,21.0,21.0,11.0,11.0,11.0,11.0,6.0,9.3,8,9.0,14.0,17.0
NA20853,SAS,GIH,10.0,12,12.0,13.0,12.0,10.0,19,24,15.0,16.0,12,11,10.0,11.0,10,10,15.0,16.0,18.0,22.0,9.0,14.0,13.0,10.0,12.0,14.0,14.0,14.0,17,11,26.0,26.0,13.0,11.0,7.0,12.0,7.0,9.0,8,11.0,16.0,17.0
NA20854,SAS,GIH,11.0,12,10.0,16.0,10.0,11.0,18,22,16.0,16.0,13,12,8.0,10.0,12,15,15.0,16.0,17.0,19.0,8.0,11.0,11.0,10.0,13.0,14.0,14.0,12.0,15,16,21.0,24.0,9.0,12.0,7.0,7.0,7.0,9.3,9,10.0,17.0,17.0
NA20856,SAS,GIH,10.0,12,11.0,14.0,11.0,11.0,23,24,15.0,16.0,12,11,10.0,8.0,13,12,13.0,15.0,19.0,23.0,11.0,11.0,13.0,13.0,13.0,17.0,14.0,13.0,15,15,23.0,27.0,13.0,11.0,13.0,15.0,6.0,9.0,8,9.0,16.0,18.0
NA20858,SAS,GIH,13.0,10,11.0,11.0,10.0,11.0,23,24,16.0,16.0,12,11,8.0,10.0,13,15,14.0,15.0,19.0,21.0,9.0,11.0,11.0,12.0,14.0,14.0,15.0,15.0,14,16,26.0,26.0,13.0,12.0,10.0,12.0,6.0,9.3,8,8.0,17.0,17.0
NA20859,SAS,GIH,10.0,12,17.0,12.0,11.3,11.3,20,20,15.0,18.0,12,11,8.0,9.0,13,14,11.0,15.0,18.0,21.0,11.0,12.0,11.0,12.0,16.0,16.0,13.0,13.0,17,15,23.0,24.0,9.0,11.0,11.0,12.0,7.0,8.0,8,11.0,17.0,20.0
NA20861,SAS,GIH,10.0,10,11.0,11.0,10.0,11.0,24,25,17.0,17.0,9,9,11.0,12.0,15,15,13.0,15.0,18.0,23.0,9.0,9.0,11.0,11.0,14.0,15.0,12.0,15.0,15,15,19.0,24.0,9.0,9.0,15.0,15.0,6.0,10.0,8,11.0,17.0,18.0
NA20862,SAS,GIH,13.0,12,11.0,15.3,14.0,14.0,18,19,14.0,18.0,12,11,9.0,10.0,14,14,15.0,16.0,18.0,18.0,9.0,12.0,12.0,9.0,11.0,12.0,14.0,15.0,14,15,22.0,24.0,10.0,12.0,11.0,12.0,9.0,9.0,8,9.0,17.0,17.0
NA20863,SAS,GIH,12.0,12,17.0,11.0,10.0,11.3,23,17,15.0,15.0,12,12,12.0,8.0,11,14,15.0,15.0,18.3,19.0,11.0,13.0,12.0,10.0,13.0,14.0,13.0,13.0,17,15,23.0,24.0,11.0,9.0,11.0,11.0,7.0,9.3,8,8.0,17.0,17.0
NA20864,SAS,GIH,12.0,12,12.0,15.0,10.0,10.0,23,25,17.0,18.0,12,12,8.0,10.0,10,14,13.0,15.0,17.0,23.0,11.0,12.0,11.0,11.0,13.0,15.0,14.0,13.0,11,16,22.0,19.0,9.0,9.0,11.0,12.0,7.0,9.3,8,11.0,17.0,18.0
NA20866,SAS,GIH,9.0,10,13.0,14.0,10.0,14.0,20,21,15.0,17.0,13,12,7.0,10.0,10,16,15.0,15.0,19.0,23.0,12.0,12.0,13.0,13.0,15.0,16.0,12.0,13.0,11,15,19.0,23.0,10.0,14.0,11.0,12.0,8.0,9.3,9,11.0,17.0,17.0
NA20867,SAS,GIH,9.0,11,11.0,16.0,11.0,11.3,22,24,16.0,18.0,13,12,11.0,11.0,10,15,15.0,15.0,18.0,20.0,13.0,14.0,11.0,8.0,15.0,14.0,15.0,15.0,17,11,20.0,23.0,13.0,9.0,5.0,5.0,9.0,9.3,8,11.0,16.0,16.0
NA20868,SAS,GIH,10.0,12,11.0,14.0,11.0,11.0,17,18,17.0,17.0,12,11,9.0,10.0,13,15,14.0,15.0,18.0,24.0,9.0,11.0,12.0,13.0,16.0,17.0,15.0,16.0,11,11,23.0,26.0,13.0,11.0,13.0,13.0,6.0,9.3,10,10.0,17.0,19.0
NA20869,SAS,GIH,12.0,12,14.0,15.0,11.0,14.0,22,24,16.0,17.0,10,11,9.0,10.0,13,14,14.0,15.0,18.0,20.0,9.0,9.0,11.0,12.0,17.0,17.0,13.0,13.0,15,16,20.0,25.0,10.0,11.0,12.0,13.0,6.0,9.0,8,9.0,14.0,16.0
NA20870,SAS,GIH,11.0,12,15.0,16.0,10.0,14.0,19,26,14.0,17.0,13,12,12.0,8.0,13,14,14.0,16.0,18.0,24.0,11.0,14.0,11.0,14.0,13.0,13.0,13.0,16.0,17,16,20.0,26.0,13.0,11.0,11.0,12.0,8.0,9.3,8,8.0,16.0,17.0
NA20872,SAS,GIH,10.0,12,12.0,15.0,10.0,11.0,17,24,15.0,17.0,12,9,12.0,8.0,13,13,13.0,16.0,21.0,21.0,9.0,12.0,12.0,12.0,15.0,16.0,13.0,13.0,11,14,19.0,20.2,11.0,15.0,11.0,11.0,6.0,9.3,8,10.0,16.0,17.0
NA20874,SAS,GIH,13.0,13,11.0,14.0,11.0,14.0,22,25,15.0,16.0,13,12,13.0,11.0,8,15,13.0,15.0,18.0,21.0,11.0,11.0,9.0,11.0,13.0,16.0,13.0,13.0,17,11,22.0,20.0,9.0,11.0,14.0,14.0,9.0,9.0,10,11.0,15.0,19.0
NA20875,SAS,GIH,11.0,11,11.0,16.3,11.0,14.0,22,25,15.0,17.0,11,11,13.0,11.0,15,15,15.0,17.0,18.0,21.0,11.0,13.0,11.0,13.0,13.0,15.0,12.0,15.0,11,15,23.0,25.0,11.0,11.0,11.0,12.0,7.0,9.3,11,11.0,17.0,18.0
NA20876,SAS,GIH,11.0,12,15.0,15.0,10.0,10.0,23,17,17.0,18.0,12,11,8.0,9.0,14,15,14.0,15.0,19.0,20.0,8.0,12.0,10.0,10.0,16.0,20.0,14.2,15.2,17,15,23.0,24.0,11.0,11.0,15.0,15.0,9.0,9.3,9,11.0,16.0,18.0
NA20877,SAS,GIH,10.0,11,11.0,15.0,11.0,14.0,17,20,16.0,17.0,13,10,8.0,10.0,16,16,15.0,15.0,17.0,21.0,12.0,13.0,10.0,9.0,17.0,14.0,13.0,15.0,11,15,22.0,19.0,11.0,12.0,5.0,5.0,7.0,9.3,8,9.0,18.0,20.0
NA20878,SAS,GIH,13.0,12,8.0,11.0,10.0,11.3,23,20,16.0,17.0,13,13,10.0,12.0,13,12,11.0,15.0,18.0,23.0,11.0,8.0,11.0,10.0,12.0,17.0,13.0,14.2,11,15,23.0,27.0,9.0,11.0,12.0,12.0,6.0,9.3,8,11.0,14.0,18.0
NA20881,SAS,GIH,11.0,12,12.0,13.0,12.0,11.3,25,25,15.0,16.0,12,11,10.0,10.0,14,15,15.0,16.0,23.0,24.0,9.0,9.0,11.0,12.0,14.0,15.0,13.0,15.2,11,11,19.0,24.0,9.0,14.0,11.0,11.0,6.0,9.3,11,11.0,17.0,18.0
NA20882,SAS,GIH,11.0,11,12.0,14.0,10.0,13.0,18,24,16.0,19.0,11,13,8.0,11.0,10,16,15.0,16.0,21.0,22.0,11.0,12.0,11.0,13.0,15.0,16.0,13.0,16.0,17,15,19.0,23.0,9.0,11.0,10.0,10.0,6.0,9.0,10,11.0,15.0,16.0
NA20884,SAS,GIH,10.0,12,15.0,16.0,10.0,11.0,23,22,15.0,17.0,11,11,11.0,12.0,11,13,14.0,15.0,18.0,20.0,12.0,12.0,12.0,13.0,14.0,15.0,11.0,15.2,17,11,19.0,21.0,13.0,9.0,11.0,11.0,7.0,9.3,8,10.0,16.0,19.0
NA20885,SAS,GIH,10.0,12,15.0,16.0,10.0,10.0,19,24,15.0,17.0,13,12,9.0,8.0,12,16,14.0,14.0,20.0,22.0,10.0,12.0,13.0,9.0,18.0,13.0,12.2,13.0,11,11,22.0,23.0,9.0,10.0,11.0,14.0,6.0,8.0,8,11.0,18.0,18.0
NA20886,SAS,GIH,11.0,11,13.0,16.3,12.0,11.0,23,20,16.0,18.0,13,12,8.0,10.0,16,16,15.0,15.0,18.0,19.0,11.0,9.0,11.0,9.0,12.0,16.0,14.0,14.0,11,11,22.0,26.0,13.0,13.0,10.0,14.0,6.0,9.3,11,11.0,14.0,15.0
NA20887,SAS,GIH,11.0,12,11.0,12.0,10.0,11.0,18,22,16.0,18.0,12,12,7.0,12.0,12,15,13.0,15.0,18.0,22.0,8.0,12.0,8.0,11.0,12.0,14.0,14.0,15.0,15,15,23.0,27.0,9.0,11.0,13.0,13.0,9.0,9.3,8,10.0,15.0,18.0
NA20888,SAS,GIH,11.0,11,17.0,14.0,11.0,11.0,23,21,15.0,15.0,12,11,9.0,9.0,14,14,14.0,16.0,18.0,19.2,11.0,11.0,12.0,12.0,14.0,15.0,12.0,13.0,11,11,22.0,24.0,10.0,11.0,12.0,12.0,7.0,6.0,8,11.0,17.0,18.0
NA20889,SAS,GIH,11.0,11,11.0,11.0,10.0,11.0,18,24,16.0,16.0,12,10,11.0,12.0,10,14,14.0,15.0,18.0,20.0,12.0,13.0,11.0,9.0,14.0,15.0,13.0,16.2,11,11,19.0,25.0,11.0,12.0,7.0,13.0,9.0,9.3,8,8.0,14.0,16.0
NA20890,SAS,GIH,11.0,12,17.0,11.0,12.0,10.0,16,18,14.0,16.0,12,9,12.0,12.0,10,10,16.0,17.0,19.0,22.0,11.0,13.0,8.0,9.0,15.0,17.0,12.0,15.0,15,15,20.0,24.0,9.0,9.0,11.0,13.0,6.0,9.0,8,12.0,16.0,17.0
NA20891,SAS,GIH,10.0,10,16.0,18.3,10.0,10.0,17,19,13.0,15.0,12,12,10.0,8.0,10,10,13.0,14.0,21.0,22.0,11.0,12.0,12.0,12.0,15.0,15.0,12.0,15.0,11,16,22.0,26.0,9.0,11.0,5.0,5.0,9.0,9.3,8,11.0,17.0,17.0
NA20892,SAS,GIH,12.0,12,11.0,13.0,14.0,14.0,23,18,15.0,17.0,12,12,10.0,11.0,14,16,13.0,15.0,18.0,18.0,11.0,11.0,9.0,11.0,15.0,19.0,13.0,13.0,11,11,22.0,23.0,10.0,10.0,12.0,16.0,9.0,9.0,8,8.0,17.0,18.0
NA20894,SAS,GIH,12.0,12,13.0,14.0,10.0,14.0,23,19,16.0,16.0,11,11,12.0,8.0,10,14,16.0,16.0,21.0,21.0,11.0,11.0,11.0,14.0,15.0,22.0,12.0,13.0,11,11,20.0,23.0,10.0,11.0,5.0,5.0,6.0,9.0,9,11.0,16.0,17.0
NA20895,SAS,GIH,10.0,10,15.0,15.0,10.0,10.0,23,22,15.0,17.0,12,11,11.0,8.0,11,12,12.0,15.0,19.0,23.0,11.0,13.0,11.0,13.0,15.0,17.0,13.0,14.2,17,15,21.0,25.0,9.0,11.0,7.0,12.0,6.0,6.0,8,11.0,15.0,18.0
NA20896,SAS,GIH,11.0,12,11.0,11.0,10.0,11.0,19,25,15.0,16.0,11,12,9.0,12.0,13,17,15.0,16.0,21.0,23.0,8.0,11.0,8.0,9.0,13.0,15.0,14.0,16.0,11,14,23.0,24.2,13.0,10.0,12.0,12.0,6.0,9.3,11,11.0,15.0,18.0
NA20897,SAS,GIH,10.0,12,14.0,16.3,14.0,14.0,23,19,15.0,19.0,12,10,10.0,12.0,12,14,14.0,15.0,19.0,22.0,7.0,12.0,12.0,10.0,13.0,15.0,14.0,16.0,11,15,20.0,24.0,9.0,11.0,5.0,5.0,6.0,9.0,8,9.0,16.0,18.0
NA20899,SAS,GIH,13.0,13,11.0,15.0,10.0,11.0,23,18,15.0,16.0,12,12,11.0,12.0,11,15,14.0,17.0,17.0,23.0,12.0,13.0,11.0,8.0,15.0,15.0,14.0,15.2,15,15,24.0,24.0,10.0,12.0,5.0,5.0,7.0,9.0,9,11.0,16.0,19.0
NA20900,SAS,GIH,10.0,11,14.0,18.3,10.0,10.0,18,19,13.0,16.0,11,12,8.0,8.0,10,16,13.0,15.0,21.0,22.0,12.0,12.0,11.0,12.0,16.0,16.0,13.0,15.0,17,11,19.0,26.0,11.0,9.0,11.0,12.0,8.0,9.3,8,11.0,16.0,17.0
NA20901,SAS,GIH,10.0,11,11.0,12.0,12.0,11.0,20,24,16.0,17.0,12,13,8.0,12.0,12,15,13.0,14.0,17.0,20.0,11.0,12.0,11.0,9.0,15.0,16.0,14.2,16.0,16,16,22.0,25.0,9.0,11.0,5.0,13.0,6.0,6.0,8,8.0,14.0,15.0
NA20902,SAS,GIH,11.0,12,11.0,13.0,11.0,14.0,18,21,15.0,17.0,9,11,12.0,12.0,14,14,15.0,15.0,18.0,20.0,8.0,11.0,13.0,11.0,13.0,17.0,14.0,16.0,11,16,23.0,24.0,9.0,9.0,11.0,11.0,7.0,6.0,8,11.0,14.0,18.0
NA20903,SAS,GIH,13.0,12,13.0,15.0,10.0,13.0,23,22,16.0,18.0,12,9,9.0,12.0,12,16,15.0,16.0,17.0,19.0,11.0,11.0,12.0,9.0,13.0,16.0,13.0,14.2,15,15,20.0,21.0,11.0,11.0,11.0,12.0,6.0,8.0,8,9.0,15.0,17.0
NA20904,SAS,GIH,12.0,12,15.0,16.0,10.0,14.0,18,22,16.0,16.0,12,11,11.0,11.0,14,14,13.0,14.0,21.0,23.0,8.0,12.0,12.0,13.0,13.0,17.0,14.2,15.2,11,15,19.0,21.0,11.0,12.0,11.0,13.0,9.0,9.0,11,12.0,15.0,19.0
NA20905,SAS,GIH,8.0,10,13.0,17.3,11.0,14.0,23,23,15.0,17.0,13,12,8.0,8.0,15,15,14.0,15.0,19.0,23.0,12.0,13.0,10.0,14.0,13.0,14.0,14.0,15.0,11,14,22.0,20.0,13.0,12.0,12.0,13.0,8.0,9.3,8,11.0,14.0,14.0
NA20906,SAS,GIH,13.0,11,8.0,14.0,10.0,11.0,19,26,17.0,18.0,12,10,10.0,10.0,12,16,13.0,15.0,17.0,18.0,12.0,14.0,11.0,13.0,14.0,14.0,14.0,12.0,16,16,22.0,24.0,9.0,14.0,7.0,10.0,6.0,9.3,8,9.0,17.0,18.0
NA20908,SAS,GIH,10.0,11,14.0,14.0,14.0,15.0,21,24,17.0,17.0,12,11,11.0,11.0,11,13,12.0,14.0,18.0,21.0,8.0,11.0,11.0,9.0,12.0,17.0,13.0,14.2,15,15,23.0,24.0,10.0,10.0,12.0,12.0,9.0,9.3,8,8.0,17.0,18.0
NA20910,SAS,GIH,12.0,14,11.0,15.0,10.0,14.0,21,24,15.0,16.0,12,11,10.0,8.0,13,14,13.0,15.0,17.0,23.0,8.0,12.0,12.0,9.0,14.0,20.0,13.0,16.0,11,15,23.0,24.0,11.0,12.0,11.0,12.0,8.0,8.0,8,8.0,17.0,18.0
NA20911,SAS,GIH,13.0,12,15.0,15.0,11.3,14.0,19,24,17.0,17.0,11,11,10.0,10.0,11,16,13.0,16.0,17.0,18.0,8.0,11.0,12.0,9.0,14.0,14.0,13.0,15.0,15,16,23.0,24.2,9.0,11.0,11.0,12.0,6.0,9.3,8,9.0,18.0,18.0
NA21086,SAS,GIH,11.0,11,13.0,13.0,11.0,14.0,19,20,15.0,16.0,12,10,10.0,10.0,12,15,13.0,15.0,23.0,25.0,11.0,11.0,11.0,8.0,14.0,16.0,14.0,14.2,11,11,22.0,19.0,13.0,9.0,11.0,12.0,7.0,6.0,8,12.0,14.0,15.0
NA21087,SAS,GIH,11.0,12,13.0,15.0,10.0,10.0,23,18,15.0,17.0,12,11,11.0,8.0,10,15,15.0,15.0,18.0,22.0,11.0,12.0,12.0,9.0,12.0,19.0,14.2,15.2,17,15,21.0,24.0,13.0,11.0,15.0,15.0,9.0,9.0,8,11.0,16.0,16.0
NA21088,SAS,GIH,11.0,11,11.0,15.0,11.0,11.0,18,24,16.0,18.0,13,11,13.0,11.0,12,13,14.0,15.0,17.0,22.0,8.0,12.0,11.0,12.0,13.0,13.0,14.0,13.0,11,11,21.0,21.0,10.0,12.0,14.0,14.0,9.0,9.3,8,11.0,16.0,17.0
NA21089,SAS,GIH,10.0,12,11.0,15.0,12.0,11.0,17,19,15.0,16.0,12,11,8.0,8.0,11,15,15.0,15.0,22.0,23.0,9.0,10.0,11.0,13.0,17.0,20.0,13.0,13.2,11,11,24.0,26.0,10.0,17.0,11.0,12.0,9.0,9.0,8,8.0,16.0,17.0
NA21090,SAS,GIH,10.0,12,8.0,15.0,10.0,14.0,23,22,14.0,15.0,11,11,8.0,10.0,13,14,13.0,14.0,18.0,21.0,8.0,13.0,11.0,12.0,14.0,16.0,14.0,13.0,11,11,22.0,24.0,9.0,9.0,11.0,11.0,9.0,9.0,8,11.0,17.0,18.0
NA21091,SAS,GIH,10.0,12,11.0,15.0,11.0,14.0,24,24,15.0,16.0,11,11,10.0,12.0,14,14,15.0,15.0,19.0,20.0,8.0,12.0,11.0,13.0,16.0,16.0,13.0,15.0,11,13,21.0,24.0,13.0,8.0,13.0,16.0,8.0,9.3,8,8.0,15.0,17.0
NA21092,SAS,GIH,11.0,11,13.0,14.0,10.0,11.0,23,18,15.0,16.0,12,11,10.0,8.0,10,15,16.0,16.0,18.0,19.0,9.0,10.0,11.0,11.0,14.0,14.0,13.0,14.2,16,18,25.0,25.2,9.0,10.0,10.0,11.0,9.0,9.3,8,11.0,14.0,17.0
NA21093,SAS,GIH,12.0,12,17.0,15.0,10.0,11.3,18,20,16.0,16.0,12,10,8.0,12.0,12,14,15.0,15.0,18.0,23.0,9.0,9.0,11.0,12.0,13.0,16.0,14.0,15.0,15,15,23.0,24.0,13.0,10.0,13.0,13.0,7.0,9.3,10,11.0,17.0,17.0
NA21094,SAS,GIH,10.0,12,11.0,11.0,10.0,11.0,18,18,16.0,18.0,13,10,11.0,11.0,14,14,14.0,15.0,18.0,21.0,11.0,12.0,11.0,11.0,18.0,15.0,14.0,15.2,11,16,20.0,24.0,9.0,11.0,13.0,14.0,9.0,9.0,11,11.0,16.0,17.0
NA21095,SAS,GIH,11.0,12,11.0,13.0,10.0,14.0,22,22,16.0,16.0,12,12,10.0,12.0,11,15,16.0,16.0,21.0,23.0,8.0,8.0,11.0,10.0,14.0,19.0,14.0,13.0,16,16,21.0,26.0,9.0,10.0,12.0,12.0,8.0,9.0,11,11.0,15.0,19.0
NA21097,SAS,GIH,10.0,12,11.0,16.0,11.0,14.0,18,24,17.0,18.0,11,11,9.0,10.0,10,10,16.0,16.0,22.0,22.0,8.0,13.0,12.0,9.0,18.0,13.0,14.0,14.0,17,15,23.0,25.0,12.0,9.0,11.0,12.0,6.0,9.0,11,11.0,14.0,16.0
NA21098,SAS,GIH,10.0,12,13.0,15.3,12.0,10.0,17,20,15.0,16.0,11,11,8.0,10.0,10,14,14.0,14.0,19.0,22.0,9.0,13.0,8.0,13.0,15.0,15.0,16.0,16.0,11,11,24.0,24.0,9.0,12.0,12.0,12.0,7.0,9.3,10,11.0,16.0,18.0
NA21099,SAS,GIH,11.0,11,8.0,14.0,12.0,11.0,23,21,15.0,15.0,12,12,10.0,12.0,13,14,15.0,16.0,18.0,23.0,8.0,8.0,8.0,12.0,13.0,19.0,14.2,16.2,11,15,20.0,21.0,10.0,10.0,11.0,12.0,9.0,10.0,8,8.0,14.0,17.0
NA21100,SAS,GIH,11.0,14,15.0,17.3,10.0,14.0,23,23,16.0,17.0,12,9,10.0,11.0,13,12,14.0,15.0,19.0,21.0,12.0,12.0,11.0,11.0,14.0,16.0,14.2,17.0,14,15,25.0,26.0,13.0,11.0,12.0,12.0,6.0,9.3,11,11.0,17.0,18.0
NA21101,SAS,GIH,11.0,11,11.0,18.0,11.0,14.0,19,19,14.0,16.0,11,11,8.0,11.0,10,14,13.0,11.0,19.0,18.0,11.0,12.0,9.0,9.0,14.0,15.0,14.2,15.0,11,15,20.0,24.0,11.0,11.0,11.0,11.0,9.0,9.3,10,11.0,16.0,17.0
NA21102,SAS,GIH,11.0,12,12.0,15.0,11.0,11.0,18,19,16.0,16.0,12,10,9.0,9.0,17,17,14.0,16.0,17.3,22.0,11.0,11.0,11.0,12.0,13.0,15.0,13.0,15.0,11,11,19.0,21.0,11.0,11.0,9.0,9.0,7.0,7.0,11,11.0,18.0,20.0
NA21103,SAS,GIH,13.0,11,12.0,16.3,10.0,11.3,24,24,15.0,16.0,13,10,9.0,10.0,11,15,14.0,16.0,18.0,21.0,11.0,13.0,11.0,9.0,16.0,17.0,13.0,13.0,11,11,21.0,24.0,8.0,10.0,13.0,13.0,6.0,9.3,8,10.0,14.0,15.0
NA21104,SAS,GIH,12.0,12,11.0,15.0,10.0,11.0,17,20,15.0,17.0,11,11,10.0,12.0,14,14,13.0,15.0,18.0,18.0,8.0,12.0,11.0,11.0,14.0,17.0,12.0,15.0,15,16,25.0,25.0,8.0,10.0,8.0,8.0,7.0,8.0,8,8.0,16.0,17.0
NA21105,SAS,GIH,11.0,12,14.0,16.0,11.3,14.0,22,25,17.0,18.0,12,11,7.0,10.0,10,12,14.0,14.0,19.0,21.0,8.0,8.0,12.0,13.0,15.0,15.0,15.0,16.0,11,16,25.0,25.0,13.0,13.0,14.0,14.0,7.0,9.0,8,8.0,14.0,16.0
NA21106,SAS,GIH,12.0,14,8.0,16.3,10.0,10.0,17,24,15.0,17.0,13,11,8.0,11.0,13,12,13.0,15.0,20.0,23.0,11.0,8.0,10.0,12.0,13.0,19.0,14.0,13.0,11,15,22.0,24.2,10.0,11.0,13.0,15.0,7.0,7.0,8,11.0,14.0,17.0
NA21107,SAS,GIH,11.0,12,12.0,12.0,10.0,11.3,24,25,15.0,17.0,11,11,10.0,11.0,13,14,14.0,15.0,17.0,22.0,9.0,14.0,11.0,13.0,15.0,15.0,14.2,17.0,11,11,24.0,25.0,11.0,12.0,11.0,12.0,7.0,6.0,8,11.0,17.0,18.0
NA21108,SAS,GIH,13.0,10,19.0,16.3,11.0,11.0,23,17,15.0,18.0,12,11,11.0,8.0,10,14,13.0,16.0,21.0,22.0,8.0,11.0,11.0,12.0,13.0,21.0,14.0,14.2,11,15,22.0,20.0,10.0,12.0,7.0,7.0,7.0,6.0,9,11.0,17.0,18.0
NA21109,SAS,GIH,10.0,12,15.0,15.0,11.0,11.0,18,22,15.0,18.0,11,11,11.0,8.0,14,16,11.0,15.0,18.0,21.0,11.0,14.0,11.0,11.0,14.0,17.0,13.0,15.0,15,11,23.0,26.0,10.0,11.0,11.0,12.0,6.0,10.0,8,8.0,16.0,18.0
NA21110,SAS,GIH,11.0,12,14.0,16.0,10.0,14.0,23,20,17.0,17.0,12,11,10.0,11.0,13,10,14.0,14.0,17.0,21.0,9.0,9.0,11.0,10.0,13.0,14.0,14.0,14.2,11,11,23.2,25.0,13.0,11.0,13.0,13.0,7.0,9.3,8,8.0,16.0,17.0
NA21111,SAS,GIH,12.0,12,11.0,14.0,12.0,11.0,18,18,16.0,17.0,12,11,12.0,12.0,10,14,14.0,15.0,18.0,21.0,9.0,12.0,8.0,9.0,11.0,16.0,14.0,15.0,14,15,19.0,25.0,13.0,9.0,12.0,12.0,8.0,8.0,8,11.0,18.0,19.0
NA21112,SAS,GIH,10.0,12,15.0,15.3,11.0,14.0,20,20,15.0,17.0,10,11,10.0,11.0,13,14,14.0,16.0,20.0,23.0,9.0,11.0,11.0,12.0,15.0,17.0,14.0,17.0,17,11,23.0,24.0,9.0,9.0,16.0,16.0,6.0,8.0,8,10.0,17.0,18.0
NA21113,SAS,GIH,11.0,12,11.0,13.0,11.0,11.3,17,20,16.0,17.0,10,9,8.0,8.0,12,15,13.0,14.0,19.0,19.0,12.0,12.0,11.0,12.0,10.0,15.0,15.0,16.0,15,16,19.0,20.0,11.0,14.0,7.0,12.0,7.0,9.0,8,12.0,16.0,18.0
NA21114,SAS,GIH,12.0,12,14.0,16.0,12.0,10.0,23,20,15.0,16.0,13,10,8.0,12.0,13,13,14.0,16.0,18.0,23.0,8.0,9.0,11.0,10.0,15.0,17.0,14.0,14.0,11,11,23.0,23.0,9.0,14.0,11.0,12.0,8.0,8.0,8,9.0,16.0,18.0
NA21115,SAS,GIH,13.0,11,11.0,14.0,11.0,11.0,18,25,15.0,15.0,12,11,10.0,11.0,12,14,14.0,16.0,19.0,21.0,12.0,12.0,12.0,12.0,13.0,14.0,14.0,16.0,11,15,21.0,24.0,11.0,11.0,7.0,15.0,7.0,9.3,8,10.0,14.0,17.0
NA21116,SAS,GIH,11.0,11,18.0,17.3,10.0,14.0,18,24,14.0,16.0,12,10,8.0,11.0,14,17,16.0,16.0,18.0,18.0,9.0,11.0,8.0,9.0,16.0,19.0,14.0,13.0,11,15,19.0,24.0,12.0,14.0,11.0,12.0,6.0,9.3,10,11.0,15.0,16.0
NA21117,SAS,GIH,12.0,12,17.0,8.0,14.0,14.0,18,20,15.0,16.0,10,11,8.0,11.0,10,12,12.0,14.0,18.0,19.0,8.0,12.0,11.0,14.0,14.0,15.0,13.0,15.2,11,16,22.0,24.0,10.0,10.0,10.0,11.0,9.0,9.0,8,11.0,17.0,18.0
NA21118,SAS,GIH,10.0,12,11.0,15.0,11.0,11.0,18,25,15.0,15.0,12,10,11.0,12.0,13,14,14.0,15.0,18.0,19.0,8.0,12.0,11.0,8.0,12.0,15.0,14.0,13.0,15,16,20.0,20.0,13.0,9.0,14.0,16.0,7.0,9.0,8,11.0,17.0,17.0
NA21119,SAS,GIH,13.0,12,11.0,15.0,12.0,11.0,19,22,16.0,17.0,11,11,9.0,8.0,10,15,13.0,13.0,18.0,18.0,11.0,12.0,11.0,9.0,14.0,15.0,13.0,13.0,11,16,26.0,26.0,11.0,12.0,11.0,11.0,6.0,9.0,10,12.0,17.0,19.0
NA21120,SAS,GIH,10.3,11,11.0,12.0,10.0,11.0,17,24,16.0,17.0,11,11,8.0,8.0,10,15,14.0,13.0,19.0,19.0,8.0,11.0,11.0,8.0,14.0,14.0,14.2,15.0,11,14,22.0,23.0,13.0,10.0,11.0,12.0,6.0,9.0,11,11.0,16.0,18.0
NA21122,SAS,GIH,12.0,12,17.0,18.0,11.0,11.0,18,25,16.0,17.0,10,11,8.0,10.0,13,10,15.0,17.0,17.0,17.0,12.0,13.0,11.0,12.0,12.0,17.0,14.0,13.0,11,11,19.0,24.2,13.0,11.0,11.0,11.0,7.0,6.0,11,11.0,16.0,17.0
NA21123,SAS,GIH,10.0,12,12.0,15.0,11.0,14.0,19,20,15.0,17.0,10,10,10.0,12.0,12,14,15.0,16.0,18.0,20.0,11.0,9.0,11.0,13.0,12.0,15.0,14.0,13.0,17,15,20.0,23.0,10.0,11.0,10.0,10.0,7.0,9.0,8,11.0,14.0,19.0
NA21124,SAS,GIH,11.0,11,15.0,15.3,10.0,11.0,23,24,16.0,16.0,11,11,9.0,8.0,14,14,14.0,16.0,21.0,22.0,11.0,12.0,11.0,11.0,13.0,17.0,14.0,13.0,11,11,19.0,19.0,8.0,12.0,12.0,15.0,9.0,9.3,8,11.0,16.0,18.0
NA21125,SAS,GIH,10.0,11,17.0,11.0,11.0,11.0,23,23,15.0,16.0,12,12,10.0,12.0,12,15,13.0,15.0,18.0,21.0,10.0,14.0,11.0,11.0,14.0,14.0,13.0,15.0,11,14,22.0,24.0,11.0,11.0,12.0,12.0,9.3,9.3,11,11.0,16.0,17.0
NA21126,SAS,GIH,11.0,12,15.0,16.0,11.0,14.0,20,25,15.0,16.0,12,11,9.0,11.0,12,16,14.0,15.0,18.0,19.0,8.0,11.0,11.0,12.0,18.0,14.0,14.0,12.0,15,16,22.0,19.0,13.0,10.0,11.0,12.0,7.0,8.0,8,8.0,17.0,17.0
NA21127,SAS,GIH,9.0,10,17.0,14.0,10.0,11.0,19,20,14.0,17.0,12,13,11.0,12.0,13,14,13.0,14.0,18.3,19.0,12.0,14.0,11.0,11.0,13.0,16.0,13.0,13.2,11,14,23.0,25.0,9.0,15.0,9.0,9.0,9.0,9.3,9,11.0,14.0,17.0
NA21128,SAS,GIH,10.0,11,13.0,15.0,11.0,11.0,22,22,14.0,17.0,10,11,9.0,12.0,14,14,13.0,14.0,19.0,21.0,12.0,13.0,11.0,12.0,11.0,17.0,13.0,13.0,11,14,25.0,26.0,13.0,12.0,13.0,15.0,6.0,6.0,8,8.0,16.0,18.0
NA21129,SAS,GIH,10.0,12,13.0,11.0,11.0,11.3,18,18,16.0,17.0,12,12,8.0,9.0,15,16,14.0,14.0,18.0,20.0,11.0,11.0,11.0,13.0,15.0,19.0,14.0,13.0,11,15,26.0,25.0,13.0,11.0,11.0,12.0,6.0,9.0,8,8.0,14.0,16.0
NA21130,SAS,GIH,11.0,11,11.0,16.0,11.0,11.0,23,18,16.0,17.0,11,9,13.0,10.0,14,14,16.0,17.0,21.0,22.0,12.0,13.0,11.0,13.0,18.0,15.0,14.0,15.0,15,15,19.0,21.0,11.0,11.0,12.0,12.0,9.0,9.3,8,8.0,17.0,19.0
NA21133,SAS,GIH,8.0,11,18.0,17.3,11.0,11.0,22,18,15.0,18.0,10,9,10.0,10.0,13,16,13.0,14.0,18.0,23.0,8.0,11.0,11.0,11.0,14.0,14.0,12.0,14.2,15,15,26.0,26.2,10.0,10.0,11.0,12.0,7.0,9.3,8,11.0,16.0,17.0
NA21135,SAS,GIH,13.0,10,15.0,16.0,11.0,11.3,18,24,16.0,18.0,11,11,8.0,11.0,13,15,15.0,15.0,18.3,21.0,9.0,12.0,11.0,11.0,14.0,15.0,13.0,14.2,17,16,22.0,25.0,10.0,10.0,7.0,7.0,7.0,8.0,8,11.0,16.0,17.0
NA21137,SAS,GIH,10.0,11,8.0,16.0,11.0,11.0,18,22,17.0,17.0,13,9,10.0,12.0,13,14,16.0,16.0,17.0,18.0,11.0,9.0,8.0,13.0,14.0,14.0,12.2,15.0,15,15,21.0,24.0,11.0,11.0,11.0,12.0,7.0,9.3,10,10.0,17.0,18.0
NA21141,SAS,GIH,11.0,12,15.0,15.0,11.0,11.0,23,20,17.0,17.0,12,11,11.0,11.0,12,16,15.0,15.0,19.0,21.0,11.0,11.0,11.0,12.0,11.0,17.0,13.0,13.0,11,11,21.0,23.0,11.0,11.0,11.0,11.0,6.0,9.0,8,11.0,16.0,16.0
NA21142,SAS,GIH,10.0,12,11.0,16.0,12.0,11.0,17,19,16.0,17.0,12,10,9.0,12.0,13,14,15.0,16.0,18.0,19.0,13.0,14.0,12.0,13.0,14.0,16.0,14.0,13.0,11,15,23.0,24.0,13.0,11.0,10.0,10.0,7.0,9.0,10,11.0,16.0,17.0
NA21143,SAS,GIH,11.0,12,15.0,15.0,10.0,10.0,17,17,15.0,15.0,12,12,8.0,10.0,13,15,15.0,15.0,22.0,23.0,11.0,12.0,8.0,9.0,14.0,15.0,14.0,12.0,11,11,22.0,19.0,9.0,11.0,13.0,13.0,6.0,9.3,8,9.0,18.0,18.0
NA21144,SAS,GIH,11.0,12,12.0,15.0,12.0,14.0,18,18,15.0,18.0,13,12,8.0,11.0,10,15,11.0,14.0,18.0,19.0,11.0,12.0,12.0,9.0,17.0,19.0,13.0,15.2,11,16,20.0,26.0,9.0,9.0,16.0,16.0,7.0,6.0,8,11.0,15.0,16.0
HG03713,SAS,ITU,11.0,12,15.0,16.0,12.0,10.0,25,25,15.0,18.0,12,10,8.0,9.0,15,16,14.0,15.0,20.0,20.0,11.0,12.0,11.0,11.0,14.0,14.0,13.0,15.0,11,15,19.0,27.0,13.0,11.0,11.0,11.0,7.0,9.0,9,11.0,15.0,15.0
HG03714,SAS,ITU,13.0,11,17.0,15.3,10.0,10.0,18,24,15.0,16.0,11,11,7.0,12.0,13,14,14.0,16.0,17.0,19.0,12.0,12.0,11.0,13.0,12.0,19.0,14.0,15.0,15,16,24.0,24.2,10.0,11.0,11.0,11.0,6.0,9.0,8,8.0,14.0,16.0
HG03716,SAS,ITU,13.0,14,12.0,16.3,10.0,10.0,22,24,15.0,15.0,12,11,8.0,10.0,13,16,14.0,16.0,19.0,20.0,11.0,12.0,10.0,12.0,14.0,20.0,13.0,16.0,17,15,20.0,21.0,9.0,11.0,12.0,12.0,8.0,9.0,11,11.0,15.0,19.0
HG03717,SAS,ITU,10.0,11,13.0,14.0,10.0,11.0,24,25,15.0,18.0,12,11,8.0,10.0,13,15,13.0,13.0,19.0,21.0,8.0,8.0,12.0,13.0,18.0,16.0,14.0,13.0,15,16,21.0,24.0,10.0,12.0,11.0,12.0,6.0,9.0,8,10.0,17.0,17.0
HG03718,SAS,ITU,12.0,12,13.0,19.0,12.0,11.0,20,26,17.0,17.0,11,11,11.0,11.0,13,12,14.0,17.0,17.0,18.0,9.0,9.0,11.0,8.0,18.0,14.0,15.0,16.0,15,15,21.0,25.0,9.0,10.0,5.0,12.0,6.0,6.0,9,11.0,16.0,17.0
HG03720,SAS,ITU,11.0,11,11.0,15.3,11.0,14.0,18,21,16.0,17.0,12,11,8.0,8.0,14,14,14.0,14.0,17.0,21.0,8.0,12.0,11.0,8.0,11.0,14.0,12.0,15.2,15,16,20.0,24.0,13.0,13.0,11.0,12.0,8.0,9.3,8,11.0,18.0,18.0
HG03722,SAS,ITU,10.0,12,11.0,16.0,10.0,11.0,21,21,15.0,16.0,11,11,8.0,10.0,13,13,16.0,17.0,21.0,23.0,11.0,12.0,8.0,12.0,14.0,16.0,13.0,16.0,11,11,23.0,23.0,11.0,11.0,11.0,12.0,7.0,6.0,8,11.0,14.0,17.0
HG03727,SAS,ITU,11.0,12,16.0,16.0,11.0,14.0,17,22,15.0,16.0,13,11,9.0,7.0,15,16,14.0,16.0,19.0,21.0,11.0,11.0,11.0,9.0,14.0,15.0,13.0,13.0,11,15,21.0,23.0,8.0,11.0,11.0,13.0,9.0,9.3,9,11.0,16.0,17.0
HG03729,SAS,ITU,10.0,11,12.0,16.0,10.0,10.0,18,18,14.0,14.0,12,11,11.0,8.0,14,16,14.0,16.0,17.0,18.0,10.0,12.0,11.0,8.0,15.0,21.0,14.0,14.2,16,16,20.0,25.2,9.0,10.0,5.0,12.0,7.0,9.0,8,9.0,14.0,16.0
HG03730,SAS,ITU,11.0,12,13.0,15.0,10.0,10.0,18,19,16.0,16.0,12,11,10.0,8.0,14,15,14.0,16.0,18.0,23.0,8.0,8.0,11.0,10.0,18.0,14.0,13.0,15.0,14,15,21.0,24.0,9.0,14.0,10.0,10.0,7.0,9.0,11,11.0,16.0,17.0
HG03731,SAS,ITU,11.0,11,11.0,16.3,11.0,11.0,23,23,14.0,17.0,12,12,8.0,8.0,10,12,13.0,14.0,18.0,20.0,8.0,12.0,11.0,11.0,13.0,17.0,14.0,12.0,14,15,19.0,20.0,9.0,11.0,11.0,15.0,6.0,9.3,10,12.0,16.0,17.0
HG03742,SAS,ITU,13.0,10,8.0,16.0,10.0,11.0,22,24,16.0,15.0,11,12,10.0,11.0,12,12,15.0,16.0,21.0,23.0,10.0,12.0,10.0,11.0,14.0,15.0,12.0,15.0,11,11,24.0,25.0,9.0,12.0,11.0,12.0,8.0,9.3,8,11.0,17.0,19.0
HG03770,SAS,ITU,12.0,12,12.0,15.0,10.0,11.0,17,19,15.0,16.0,12,11,12.0,10.0,15,15,16.0,16.0,17.0,18.0,9.0,12.0,11.0,11.0,10.0,15.0,14.0,13.0,11,16,19.0,23.0,11.0,14.0,11.0,11.0,7.0,9.0,11,9.0,17.0,19.0
HG03771,SAS,ITU,10.0,12,11.0,18.0,11.0,11.0,19,24,15.0,16.0,15,13,10.0,11.0,10,10,15.0,15.0,18.0,20.0,11.0,13.0,11.0,13.0,15.0,16.0,13.0,15.0,15,16,22.0,23.0,13.0,11.0,11.0,11.0,6.0,9.3,9,9.0,16.0,16.0
HG03772,SAS,ITU,12.0,12,17.0,17.0,10.0,11.0,17,24,17.0,17.0,11,11,10.0,10.0,14,15,15.0,18.0,22.0,23.0,8.0,12.0,11.0,9.0,18.0,16.0,14.0,14.0,11,15,20.0,24.0,13.0,11.0,11.0,12.0,6.0,9.0,8,11.0,17.0,18.0
HG03773,SAS,ITU,13.0,11,17.0,16.0,10.0,11.0,19,24,15.0,17.0,12,12,8.0,10.0,10,15,14.0,16.0,18.0,19.0,12.0,12.0,10.0,12.0,12.0,19.0,13.0,13.0,11,11,23.0,25.0,9.0,17.0,12.0,12.0,6.0,9.3,9,10.0,17.0,17.0
HG03774,SAS,ITU,10.0,11,12.0,15.0,10.0,11.0,23,23,16.0,15.0,11,12,8.0,8.0,10,14,14.0,15.0,17.0,20.0,8.0,8.0,11.0,11.0,10.0,14.0,14.0,17.0,11,11,21.0,24.0,10.0,12.0,13.0,13.0,7.0,6.0,9,11.0,16.0,17.0
HG03775,SAS,ITU,13.0,9,8.0,16.3,10.0,11.0,19,19,16.0,17.0,12,11,8.0,12.0,8,15,14.0,15.0,19.0,21.0,11.0,12.0,11.0,9.0,13.0,19.0,14.2,15.0,11,15,19.0,19.0,9.0,12.0,12.0,16.0,7.0,6.0,8,11.0,14.0,18.0
HG03777,SAS,ITU,10.0,11,11.0,11.0,10.0,11.0,20,24,15.0,16.0,11,13,10.0,11.0,14,15,14.0,15.0,18.0,23.0,11.0,11.0,11.0,9.0,14.0,17.0,13.0,16.0,17,11,22.0,25.0,8.0,12.0,5.0,12.0,7.0,9.0,10,11.0,14.0,16.0
HG03778,SAS,ITU,10.0,11,13.0,14.0,11.0,11.3,18,19,15.0,16.0,13,13,7.0,8.0,12,14,15.0,17.0,17.0,18.0,8.0,10.0,12.0,9.0,10.0,14.0,12.0,13.0,17,15,21.0,24.0,11.0,11.0,11.0,11.0,8.0,9.3,10,11.0,16.0,18.0
HG03779,SAS,ITU,10.0,11,11.0,13.0,11.0,11.0,18,19,15.0,17.0,12,11,10.0,11.0,14,15,13.0,16.0,19.0,21.0,9.0,12.0,12.0,12.0,14.0,16.0,6.0,15.0,15,15,20.0,21.0,9.0,9.0,5.0,5.0,7.0,8.0,8,11.0,16.0,16.0
HG03780,SAS,ITU,10.0,11,11.0,11.0,10.0,11.0,19,24,15.0,16.0,12,11,12.0,8.0,15,16,14.0,16.0,18.0,21.0,11.0,11.0,12.0,9.0,14.0,14.0,15.0,15.2,14,15,23.0,25.0,9.0,12.0,5.0,12.0,7.0,8.0,11,11.0,16.0,16.0
HG03781,SAS,ITU,11.0,12,8.0,13.0,11.0,11.0,19,19,16.0,17.0,10,11,8.0,11.0,13,13,13.0,17.0,18.0,23.0,12.0,12.0,11.0,11.0,13.0,14.0,14.0,15.0,11,16,23.0,24.0,10.0,11.0,11.0,11.0,9.0,9.0,11,11.0,15.0,15.0
HG03782,SAS,ITU,12.0,12,11.0,11.0,11.0,11.0,18,19,14.0,16.0,12,11,7.0,12.0,10,12,15.0,16.0,18.0,19.0,8.0,12.0,11.0,10.0,13.0,15.0,14.0,13.0,15,18,20.0,20.0,10.0,10.0,11.0,11.0,6.0,9.0,9,9.0,14.0,19.0
HG03784,SAS,ITU,10.0,11,11.0,16.0,11.0,11.0,20,21,16.0,17.0,11,11,8.0,10.0,10,12,14.0,16.0,18.0,19.0,11.0,9.0,12.0,12.0,12.0,17.0,12.0,13.0,17,11,23.0,25.0,10.0,11.0,11.0,12.0,6.0,6.0,11,11.0,17.0,17.0
HG03785,SAS,ITU,10.0,12,13.0,16.0,10.0,11.0,18,20,16.0,16.0,12,11,9.0,12.0,13,15,14.0,16.0,17.0,19.0,9.0,13.0,11.0,9.0,13.0,15.0,14.0,15.2,11,16,21.0,24.0,13.0,10.0,11.0,12.0,9.0,9.0,11,11.0,14.0,15.0
HG03786,SAS,ITU,10.0,12,17.0,15.0,10.0,11.0,23,23,16.0,16.0,14,13,9.0,11.0,12,12,14.0,14.0,19.0,19.0,8.0,8.0,8.0,10.0,18.0,14.0,12.2,13.0,11,16,23.2,24.0,10.0,11.0,12.0,12.0,6.0,9.0,11,11.0,15.0,17.0
HG03787,SAS,ITU,11.0,12,11.0,16.0,10.0,11.0,23,24,16.0,17.0,10,12,10.0,10.0,14,15,15.0,15.0,19.0,23.0,7.0,9.0,11.0,12.0,13.0,12.0,14.2,15.0,17,16,22.0,20.0,10.0,10.0,11.0,12.0,6.0,9.0,9,12.0,14.0,18.0
HG03788,SAS,ITU,13.0,11,11.0,11.0,10.0,11.3,18,21,15.0,15.0,10,11,11.0,8.0,13,10,13.0,14.0,18.0,21.0,11.0,14.0,8.0,10.0,13.0,13.3,15.0,15.2,11,15,22.0,20.0,11.0,11.0,11.0,14.0,8.0,9.0,8,9.0,14.0,15.0
HG03789,SAS,ITU,11.0,12,11.0,16.0,10.0,13.0,23,19,14.0,15.0,12,9,7.0,12.0,13,10,15.0,17.0,18.0,18.0,11.0,12.0,11.0,12.0,11.0,16.0,14.0,15.0,15,16,19.0,24.0,10.0,11.0,5.0,10.0,8.0,9.3,8,11.0,16.0,19.0
HG03790,SAS,ITU,10.0,11,11.0,13.0,9.0,11.0,17,20,15.0,16.0,13,12,11.0,12.0,10,15,15.0,16.0,21.0,22.0,14.0,14.0,11.0,13.0,13.0,15.0,15.2,16.2,15,15,19.0,24.0,9.0,9.0,11.0,11.0,6.0,6.0,10,11.0,15.0,18.0
HG03792,SAS,ITU,11.0,12,12.0,16.0,11.0,11.3,23,19,15.0,16.0,12,9,10.0,12.0,15,15,13.0,14.0,18.0,18.0,11.0,12.0,12.0,12.0,18.0,15.0,15.0,15.2,11,15,21.0,21.0,9.0,10.0,12.0,12.0,6.0,9.0,10,11.0,18.0,19.0
HG03861,SAS,ITU,11.0,12,13.0,14.0,10.0,11.3,19,25,15.0,15.0,13,10,11.0,12.0,12,12,16.0,16.0,18.0,21.0,11.0,13.0,12.0,9.0,14.0,14.0,14.0,16.0,15,16,19.0,26.0,11.0,12.0,10.0,12.0,9.0,9.0,8,8.0,17.0,18.0
HG03862,SAS,ITU,10.0,11,11.0,12.0,10.0,11.0,23,17,15.0,18.0,11,12,7.0,10.0,15,16,14.0,14.0,17.0,21.0,11.0,11.0,12.0,12.0,11.0,17.0,14.0,14.0,11,16,23.0,25.0,10.0,10.0,13.0,13.0,8.0,9.0,8,9.0,14.0,17.0
HG03863,SAS,ITU,12.0,12,11.0,13.0,10.0,11.0,23,24,16.0,18.0,13,11,8.0,12.0,14,15,13.0,16.0,20.0,22.0,11.0,12.0,9.0,12.0,14.0,16.0,13.0,15.2,11,15,21.0,25.0,9.0,12.0,11.0,12.0,7.0,7.0,11,11.0,14.0,16.0
HG03864,SAS,ITU,12.0,14,11.0,12.0,10.0,10.0,18,22,15.0,16.0,13,12,11.0,8.0,13,14,14.0,15.0,19.0,20.0,13.0,13.0,11.0,12.0,12.0,14.0,13.0,13.0,15,16,23.0,25.0,6.0,9.0,5.0,13.0,6.0,9.0,8,11.0,17.0,19.0
HG03866,SAS,ITU,12.0,12,8.0,13.0,12.0,10.0,18,24,14.0,16.0,12,12,9.0,10.0,12,16,14.0,16.0,17.0,23.0,11.0,12.0,11.0,13.0,14.0,15.0,14.0,14.0,11,15,19.0,21.0,12.0,10.0,12.0,12.0,6.0,6.0,9,10.0,14.0,18.0
HG03867,SAS,ITU,12.0,12,11.0,13.0,10.0,11.0,18,21,15.0,18.0,13,11,10.0,12.0,11,14,13.0,16.0,18.0,21.0,9.0,9.0,9.0,9.0,14.0,17.0,13.0,15.0,15,18,19.0,24.0,12.0,12.0,10.0,10.0,6.0,9.0,11,11.0,17.0,17.0
HG03868,SAS,ITU,12.0,12,13.0,16.0,10.0,10.0,18,20,15.0,15.0,12,11,7.0,11.0,13,14,15.0,15.0,18.0,21.0,8.0,12.0,11.0,9.0,12.0,14.0,16.2,16.2,15,15,20.0,20.0,9.0,12.0,14.0,14.0,6.0,8.0,8,12.0,15.0,17.0
HG03869,SAS,ITU,11.0,11,12.0,13.0,11.0,11.0,17,20,15.0,17.0,11,11,11.0,11.0,15,15,13.0,14.0,17.0,22.0,9.0,11.0,11.0,8.0,13.0,16.0,14.0,13.0,11,15,24.0,26.0,11.0,14.0,12.0,13.0,9.0,9.0,8,8.0,14.0,19.0
HG03870,SAS,ITU,11.0,12,12.0,17.3,10.0,11.0,19,20,15.0,17.0,13,12,8.0,12.0,13,18,14.0,15.0,18.0,21.0,8.0,13.0,11.0,9.0,11.0,17.0,14.0,14.2,11,16,23.0,23.0,8.0,10.0,11.0,15.0,6.0,9.0,9,11.0,18.0,18.0
HG03871,SAS,ITU,10.0,12,16.0,17.3,11.0,11.3,19,22,15.0,15.0,10,11,9.0,11.0,10,14,16.0,13.0,20.0,23.0,8.0,14.0,11.0,10.0,13.0,17.0,12.0,14.2,11,16,20.0,23.0,10.0,11.0,11.0,12.0,6.0,6.0,8,11.0,16.0,16.0
HG03872,SAS,ITU,12.0,12,14.0,14.0,10.0,10.0,23,19,15.0,15.0,12,11,8.0,8.0,13,10,14.0,15.0,19.0,22.0,8.0,11.0,11.0,11.0,13.0,20.0,14.0,15.2,17,15,22.0,19.0,10.0,11.0,14.0,14.0,7.0,9.0,8,8.0,14.0,18.0
HG03873,SAS,ITU,10.0,12,13.0,13.0,11.0,11.0,18,22,16.0,16.0,11,10,12.0,8.0,13,16,13.0,14.0,18.0,18.0,8.0,11.0,10.0,10.0,14.0,15.0,15.2,15.2,11,11,24.0,24.0,10.0,14.0,5.0,13.0,9.0,9.0,8,9.0,17.0,17.0
HG03874,SAS,ITU,10.0,12,8.0,10.0,12.0,11.0,17,24,17.0,17.0,10,11,10.0,8.0,10,16,16.0,17.0,23.0,24.0,8.0,14.0,12.0,13.0,13.0,16.0,12.0,15.0,15,15,22.0,20.0,11.0,12.0,14.0,14.0,6.0,9.3,9,11.0,14.0,19.0
HG03875,SAS,ITU,13.0,10,14.0,14.0,11.0,11.3,19,24,16.0,16.0,11,11,12.0,8.0,11,14,13.0,14.0,17.0,18.0,11.0,11.0,11.0,10.0,12.0,15.0,13.0,14.2,14,16,20.0,24.0,8.0,10.0,11.0,12.0,6.0,9.0,11,11.0,14.0,19.0
HG03882,SAS,ITU,10.0,11,14.0,15.0,10.0,11.0,18,19,17.0,18.0,11,11,11.0,8.0,12,13,15.0,14.0,20.0,23.0,11.0,12.0,8.0,12.0,14.0,15.0,14.0,15.2,15,16,23.0,26.0,13.0,9.0,7.0,7.0,6.0,6.0,8,11.0,14.0,19.0
HG03960,SAS,ITU,11.0,12,11.0,13.0,10.0,11.0,21,25,15.0,17.0,11,11,8.0,10.0,10,15,13.0,14.0,19.0,19.0,9.0,12.0,11.0,9.0,11.0,13.0,13.0,13.0,11,15,21.0,24.0,9.0,9.0,11.0,11.0,7.0,9.3,11,11.0,14.0,16.0
HG03963,SAS,ITU,12.0,12,13.0,17.3,10.0,14.0,19,24,15.0,16.0,12,11,8.0,10.0,14,16,14.0,16.0,17.0,21.0,10.0,11.0,12.0,13.0,13.0,15.0,14.0,17.0,14,15,23.0,23.0,13.0,11.0,11.0,12.0,6.0,9.3,8,10.0,16.0,16.0
HG03965,SAS,ITU,11.0,12,13.0,13.0,10.0,12.3,19,21,15.0,17.0,12,12,7.0,11.0,10,14,14.0,15.0,19.0,21.0,8.0,12.0,10.0,9.0,14.0,14.0,14.0,13.0,17,16,20.0,24.0,9.0,10.0,11.0,12.0,6.0,9.3,10,11.0,16.0,20.0
HG03967,SAS,ITU,13.0,11,10.0,14.0,10.0,10.0,19,25,16.0,16.0,12,12,8.0,10.0,11,15,13.0,13.0,22.0,22.0,8.0,11.0,13.0,9.0,15.0,17.0,13.2,15.2,15,16,20.0,25.0,12.0,12.0,13.0,13.0,7.0,6.0,8,9.0,17.0,18.0
HG03968,SAS,ITU,12.0,12,11.0,14.0,10.0,10.0,17,19,16.0,19.0,12,11,10.0,11.0,10,14,16.0,17.0,16.0,18.0,9.0,11.0,11.0,10.0,14.0,19.0,14.0,13.0,11,15,23.0,25.0,13.0,8.0,12.0,12.0,6.0,9.3,9,11.0,17.0,18.0
HG03969,SAS,ITU,13.0,12,15.0,18.0,10.0,11.0,23,22,17.0,17.0,12,11,7.0,12.0,10,11,14.0,16.0,18.0,20.0,8.0,9.0,11.0,12.0,14.0,15.0,13.0,15.2,11,14,24.0,25.0,13.0,10.0,5.0,13.0,9.0,9.3,9,11.0,15.0,17.0
HG03971,SAS,ITU,10.0,11,16.0,16.0,10.0,11.0,19,22,15.0,16.0,13,13,11.0,12.0,13,15,14.0,16.0,17.0,17.0,10.0,13.0,11.0,12.0,14.0,16.0,14.0,12.0,15,15,23.2,24.0,9.0,9.0,14.0,14.0,8.0,9.0,8,8.0,16.0,16.0
HG03973,SAS,ITU,11.0,12,14.0,18.3,10.0,11.0,23,20,15.0,16.0,13,9,10.0,12.0,13,14,15.0,16.0,17.0,19.0,11.0,9.0,12.0,12.0,12.0,16.0,14.0,15.0,11,11,23.0,23.0,10.0,11.0,11.0,11.0,7.0,9.3,11,11.0,17.0,18.0
HG03974,SAS,ITU,9.0,12,17.0,16.0,11.0,14.0,18,22,16.0,16.0,12,11,8.0,10.0,14,15,14.0,14.0,20.0,21.0,8.0,11.0,8.0,11.0,17.0,17.0,13.0,13.0,15,15,23.0,23.0,13.0,9.0,12.0,12.0,8.0,8.0,9,11.0,17.0,17.0
HG03976,SAS,ITU,10.0,11,11.0,17.3,10.0,10.0,23,18,14.0,15.0,12,12,10.0,11.0,14,16,14.0,15.0,18.0,22.0,11.0,12.0,9.0,11.0,14.0,15.0,13.0,15.0,17,17,22.0,22.0,9.0,10.0,12.0,14.0,6.0,9.0,10,11.0,14.0,15.0
HG03977,SAS,ITU,10.0,12,14.0,15.0,10.0,14.0,18,22,15.0,17.0,11,11,11.0,12.0,13,15,14.0,18.0,18.0,22.0,8.0,12.0,12.0,11.0,18.0,19.0,14.0,13.0,17,14,22.0,21.0,12.0,14.0,11.0,12.0,7.0,9.0,11,11.0,18.0,18.0
HG03978,SAS,ITU,12.0,12,11.0,14.0,10.0,11.0,18,19,16.0,18.0,10,12,8.0,10.0,15,15,13.0,15.0,14.0,17.0,8.0,9.0,11.0,11.0,14.0,17.0,14.0,17.2,11,15,22.0,20.0,9.0,11.0,7.0,11.0,7.0,6.0,8,11.0,18.0,18.0
HG04001,SAS,ITU,11.0,14,13.0,16.3,11.0,11.0,19,24,15.0,16.0,10,11,7.0,11.0,14,15,14.0,16.0,18.0,20.0,8.0,11.0,12.0,9.0,18.0,16.0,13.0,15.2,17,15,20.0,25.2,10.0,11.0,11.0,11.0,7.0,6.0,9,11.0,16.0,20.0
HG04002,SAS,ITU,13.0,12,11.0,16.0,10.0,11.0,18,24,15.0,17.0,12,11,10.0,11.0,13,16,15.0,15.0,17.0,19.0,10.0,12.0,11.0,10.0,14.0,14.0,13.0,16.0,11,16,22.0,25.0,10.0,9.0,11.0,16.0,6.0,10.3,9,10.0,14.0,17.0
HG04014,SAS,ITU,10.0,11,8.0,16.0,12.0,11.0,23,24,15.0,15.0,12,11,12.0,12.0,10,14,16.0,16.0,16.0,19.0,9.0,12.0,11.0,12.0,13.0,15.0,14.0,14.0,11,15,24.0,24.0,9.0,10.0,11.0,12.0,9.0,9.0,8,11.0,17.0,19.0
HG04015,SAS,ITU,11.0,12,13.0,14.0,11.0,11.0,18,19,16.0,18.0,13,11,11.0,12.0,13,15,15.0,15.0,17.0,19.0,11.0,12.0,8.0,9.0,15.0,17.0,13.0,16.2,11,15,22.0,20.0,13.0,11.0,11.0,12.0,6.0,9.0,11,11.0,17.0,14.0
HG04017,SAS,ITU,11.0,12,17.0,13.0,10.0,11.0,23,18,15.0,16.0,11,11,8.0,12.0,10,16,15.0,14.0,22.0,22.0,8.0,13.0,11.0,13.0,13.0,14.0,13.0,15.0,15,16,24.0,25.0,9.0,11.0,7.0,7.0,6.0,8.0,11,11.0,15.0,18.0
HG04018,SAS,ITU,10.0,10,14.0,14.0,10.0,11.0,18,18,15.0,16.0,10,10,11.0,11.0,12,13,16.0,16.0,18.0,18.0,12.0,12.0,11.0,12.0,10.0,13.0,13.0,15.0,17,16,24.0,24.0,11.0,12.0,7.0,13.0,6.0,9.0,8,9.0,17.0,19.0
HG04019,SAS,ITU,11.0,12,8.0,15.0,10.0,11.0,22,24,16.0,16.0,11,11,8.0,8.0,10,14,14.0,16.0,19.0,19.0,11.0,10.0,11.0,10.0,14.0,15.0,15.2,15.2,17,11,22.0,24.0,9.0,12.0,11.0,11.0,6.0,8.0,8,11.0,17.0,18.0
HG04020,SAS,ITU,11.0,11,12.0,13.0,10.0,11.0,20,25,16.0,17.0,11,11,13.0,11.0,10,14,15.0,15.0,20.0,23.0,8.0,12.0,11.0,12.0,13.0,14.0,15.2,16.2,11,15,20.0,24.0,11.0,12.0,11.0,12.0,6.0,9.0,9,9.0,16.0,16.0
HG04022,SAS,ITU,10.0,11,13.0,15.3,10.0,11.0,23,18,15.0,15.0,13,11,12.0,12.0,12,14,15.0,16.0,18.0,19.0,8.0,15.0,11.0,9.0,14.0,14.0,14.0,13.0,15,15,21.0,24.0,10.0,12.0,12.0,11.0,8.0,9.3,8,11.0,18.0,18.0
HG04023,SAS,ITU,10.0,12,17.0,17.0,10.0,11.0,20,26,16.0,16.0,12,12,12.0,12.0,10,12,15.0,16.0,21.0,24.0,9.0,13.0,12.0,9.0,14.0,17.0,14.0,13.0,15,15,24.0,24.0,11.0,10.0,10.0,13.0,7.0,9.0,10,10.0,15.0,17.0
HG04025,SAS,ITU,13.0,11,12.0,16.0,10.0,11.0,20,20,15.0,16.0,13,11,8.0,8.0,12,16,14.0,15.0,22.0,23.0,11.0,13.0,8.0,10.0,12.0,14.0,14.0,13.0,15,15,22.0,22.0,9.0,10.0,15.0,15.0,6.0,6.0,8,11.0,14.0,17.0
HG04026,SAS,ITU,11.0,11,12.0,16.0,11.0,11.0,22,25,15.0,17.0,11,11,11.0,12.0,12,14,14.0,16.0,18.0,20.0,8.0,13.0,11.0,11.0,16.0,17.0,14.0,13.0,15,15,19.0,21.0,11.0,11.0,11.0,11.0,7.0,9.3,8,11.0,14.0,17.0
HG04054,SAS,ITU,10.0,12,14.0,18.0,12.0,10.0,20,21,16.0,16.0,12,11,12.0,12.0,13,11,15.0,15.0,18.0,20.0,12.0,12.0,11.0,12.0,14.0,16.0,14.0,15.0,15,15,23.0,23.0,9.0,12.0,12.0,12.0,7.0,7.0,8,8.0,17.0,19.0
HG04056,SAS,ITU,11.0,12,13.0,14.0,12.0,11.0,20,23,15.0,15.0,14,11,10.0,11.0,15,15,14.0,16.0,19.0,23.0,8.0,12.0,11.0,12.0,12.0,17.0,14.0,14.0,11,15,22.0,21.0,13.0,10.0,12.0,12.0,6.0,9.3,11,11.0,17.0,19.0
HG04059,SAS,ITU,11.0,12,13.0,16.3,10.0,11.0,23,24,16.0,17.0,12,11,11.0,7.0,13,14,14.0,14.0,20.0,21.0,11.0,12.0,10.0,9.0,18.0,15.0,14.0,14.0,15,15,21.0,24.0,9.0,10.0,5.0,12.0,6.0,9.0,9,9.0,14.0,18.0
HG04060,SAS,ITU,11.0,11,17.0,15.0,10.0,14.0,18,19,16.0,18.0,12,11,10.0,11.0,13,13,14.0,15.0,20.0,22.0,11.0,12.0,12.0,11.0,16.0,16.0,13.0,14.2,11,15,20.0,24.0,8.0,10.0,12.0,16.0,6.0,8.0,8,11.0,14.0,17.0
HG04061,SAS,ITU,13.0,12,11.0,12.0,10.0,11.0,23,19,16.0,16.0,12,10,10.0,8.0,10,14,14.0,17.0,17.0,18.0,9.0,11.0,11.0,8.0,16.0,16.0,14.2,16.0,11,15,21.0,25.0,9.0,12.0,7.0,12.0,6.0,9.0,9,11.0,14.0,19.0
HG04062,SAS,ITU,10.0,12,12.0,15.0,11.0,11.0,16,24,15.0,16.0,11,11,11.0,8.0,14,16,14.0,14.0,21.0,21.0,8.0,14.0,12.0,12.0,12.0,15.0,13.0,17.2,15,15,22.0,20.0,9.0,11.0,11.0,12.0,6.0,6.0,8,11.0,17.0,18.0
HG04063,SAS,ITU,11.0,12,17.0,15.0,12.3,15.0,19,26,15.0,16.0,13,12,10.0,12.0,13,15,15.0,16.0,18.0,21.0,9.0,14.0,12.0,9.0,14.0,16.0,14.0,13.0,14,15,22.0,23.0,9.0,9.0,11.0,12.0,6.0,8.0,8,11.0,14.0,14.0
HG04070,SAS,ITU,12.0,12,12.0,13.0,10.0,10.0,25,26,15.0,17.0,12,12,7.0,10.0,13,13,16.0,17.0,17.0,20.0,11.0,12.0,11.0,12.0,14.0,16.0,14.0,14.0,11,15,22.0,20.0,9.0,10.0,5.0,5.0,9.0,9.0,10,11.0,14.0,19.0
HG04076,SAS,ITU,11.0,12,17.3,16.3,10.0,11.0,20,24,15.0,17.0,13,11,10.0,11.0,15,16,15.0,15.0,18.0,19.0,8.0,11.0,12.0,13.0,18.0,12.0,12.0,13.0,11,11,23.0,24.0,10.0,10.0,11.0,11.0,9.0,9.3,11,11.0,13.0,18.0
HG04080,SAS,ITU,11.0,12,10.0,15.3,11.0,15.0,18,22,14.0,16.0,12,11,8.0,11.0,12,15,16.0,13.0,18.0,19.0,10.0,12.0,13.0,12.0,13.0,14.0,12.2,13.0,17,16,22.0,22.0,10.0,14.0,13.0,15.0,8.0,9.0,8,11.0,19.0,19.0
HG04090,SAS,ITU,11.0,12,12.0,16.3,11.0,11.3,18,19,16.0,15.0,9,11,11.0,11.0,13,15,13.0,14.0,17.3,20.0,8.0,9.0,9.0,10.0,12.0,14.0,12.0,14.2,11,16,21.0,24.0,9.0,10.0,15.0,15.0,7.0,9.0,8,9.0,17.0,17.0
HG04093,SAS,ITU,10.0,12,13.0,13.0,11.0,11.0,18,20,15.0,16.0,11,13,10.0,11.0,11,15,13.0,15.0,19.0,23.0,9.0,13.0,11.0,10.0,12.0,16.0,13.2,14.2,17,16,24.0,25.0,7.0,10.0,11.0,13.0,8.0,9.0,8,8.0,16.0,19.0
HG04094,SAS,ITU,11.0,12,13.0,17.3,14.0,14.0,19,23,16.0,18.0,9,11,10.0,9.0,9,14,16.0,16.0,19.0,17.0,12.0,12.0,12.0,9.0,14.0,16.0,12.0,15.2,11,15,24.0,26.0,13.0,11.0,11.0,12.0,8.0,9.0,7,10.0,15.0,16.0
HG04096,SAS,ITU,12.0,12,8.0,11.0,10.0,11.0,18,26,15.0,17.0,11,11,8.0,10.0,10,14,16.0,16.0,18.0,19.0,9.0,12.0,11.0,8.0,14.0,17.0,14.2,15.2,11,11,24.0,25.0,13.0,12.0,16.0,16.0,9.0,9.3,11,11.0,18.0,20.0
HG04098,SAS,ITU,10.0,12,15.0,16.3,10.0,10.0,19,25,17.0,18.0,12,11,12.0,11.0,10,14,14.0,16.0,19.0,17.0,11.0,12.0,11.0,13.0,16.0,16.0,14.0,13.0,11,15,20.0,25.0,13.0,10.0,12.0,12.0,6.0,9.0,9,11.0,16.0,18.0
HG04118,SAS,ITU,12.0,12,8.0,13.0,10.0,10.0,20,24,15.0,16.0,10,11,7.0,8.0,14,15,11.0,17.0,16.0,21.0,11.0,9.0,10.0,9.0,12.0,17.0,14.0,13.0,11,15,23.0,24.0,11.0,11.0,11.0,12.0,9.0,9.0,8,10.0,15.0,18.0
HG04198,SAS,ITU,9.0,11,11.0,14.0,10.0,11.3,23,19,15.0,16.0,13,11,8.0,11.0,14,15,13.0,14.0,18.0,22.0,10.0,14.0,11.0,13.0,15.0,15.0,15.0,15.2,11,12,20.0,24.0,10.0,14.0,11.0,12.0,9.0,9.0,8,11.0,14.0,18.0
HG04200,SAS,ITU,12.0,12,11.0,14.0,11.3,14.0,23,17,15.0,19.0,11,13,9.0,8.0,13,13,14.0,15.0,17.0,19.0,8.0,12.0,8.0,13.0,18.0,15.0,13.0,13.2,17,16,22.0,26.0,9.0,12.0,11.0,11.0,6.0,9.0,9,9.0,17.0,18.0
HG04202,SAS,ITU,12.0,12,13.0,15.0,10.0,14.0,23,20,15.0,15.0,13,11,8.0,11.0,10,15,13.0,14.0,18.0,22.0,10.0,11.0,10.0,10.0,15.0,15.0,14.0,13.0,15,16,19.0,25.0,7.0,9.0,13.0,13.0,6.0,8.0,11,11.0,13.0,14.0
HG04206,SAS,ITU,9.0,11,13.0,15.0,10.0,10.0,21,22,15.0,17.0,14,12,10.0,10.0,13,14,15.0,15.0,17.0,18.0,11.0,14.0,12.0,11.0,14.0,17.0,14.0,13.0,10,11,20.0,24.0,11.0,11.0,11.0,12.0,7.0,8.0,11,11.0,16.0,17.0
HG04209,SAS,ITU,11.0,12,11.0,16.0,11.0,14.0,23,24,15.0,16.0,11,11,8.0,11.0,13,15,13.0,15.0,22.0,22.0,11.0,12.0,12.0,9.0,15.0,16.0,14.0,15.2,11,15,20.0,23.0,8.0,9.0,11.0,13.0,6.0,8.0,11,11.0,18.0,18.0
HG04211,SAS,ITU,10.0,11,16.0,18.3,11.0,11.0,23,19,15.0,15.0,11,11,7.0,11.0,10,14,14.0,15.0,18.0,19.0,12.0,13.0,11.0,10.0,14.0,15.0,14.0,15.2,11,16,23.0,23.0,9.0,9.0,11.0,12.0,6.0,9.0,11,11.0,15.0,16.0
HG04212,SAS,ITU,12.0,12,12.0,16.0,11.0,11.0,18,18,15.0,17.0,13,11,10.0,8.0,10,14,15.0,15.0,18.0,19.0,12.0,13.0,11.0,9.0,18.0,13.0,14.0,13.2,17,11,22.0,24.0,9.0,10.0,11.0,12.0,7.0,6.0,8,11.0,14.0,18.0
HG04214,SAS,ITU,11.0,12,8.0,13.0,10.0,11.0,20,20,15.0,15.0,13,11,12.0,12.0,12,15,13.0,15.0,19.0,18.0,10.0,10.0,10.0,12.0,13.0,15.0,14.0,13.0,15,15,22.0,22.0,11.0,11.0,5.0,8.0,6.0,9.0,11,11.0,17.0,17.0
HG04216,SAS,ITU,11.0,11,11.0,16.0,10.0,10.0,19,26,15.0,18.0,13,12,9.0,11.0,10,14,14.0,17.0,21.0,25.0,12.0,12.0,11.0,10.0,18.0,19.0,12.0,15.0,15,15,23.0,23.0,9.0,11.0,13.0,13.0,7.0,7.0,9,11.0,17.0,18.0
HG04219,SAS,ITU,10.0,12,13.0,16.0,10.0,11.0,19,22,16.0,18.0,11,11,10.0,12.0,13,10,15.0,16.0,16.0,18.0,11.0,12.0,11.0,8.0,13.0,14.0,14.0,13.0,11,15,24.0,25.0,10.0,11.0,14.0,14.0,8.0,9.0,10,11.0,14.0,17.0
HG04222,SAS,ITU,10.0,12,16.0,16.0,10.0,11.0,18,20,16.0,16.0,13,12,8.0,8.0,10,14,12.0,17.0,15.0,17.0,13.0,11.0,9.0,12.0,12.0,14.0,12.0,13.0,15,16,23.0,23.0,9.0,11.0,11.0,12.0,8.0,9.0,8,9.0,15.0,16.0
HG04225,SAS,ITU,10.0,11,11.0,18.0,11.0,11.0,23,18,16.0,15.0,12,11,7.0,12.0,13,16,16.0,18.0,18.0,19.0,9.0,12.0,8.0,9.0,13.0,17.0,14.0,13.0,17,15,19.0,24.2,6.0,8.0,11.0,11.0,6.0,9.0,9,9.0,18.0,18.0
HG04235,SAS,ITU,10.0,10,15.0,18.0,10.0,10.0,23,23,17.0,17.0,12,12,12.0,8.0,13,14,13.0,14.0,19.0,23.0,11.0,11.0,11.0,9.0,14.0,15.0,12.0,15.0,11,15,19.0,21.0,12.0,12.0,11.0,12.0,6.0,8.0,8,11.0,17.0,15.0
HG04238,SAS,ITU,11.0,12,11.0,13.0,10.0,11.0,23,24,16.0,16.0,12,12,8.0,8.0,14,15,15.0,17.0,20.0,20.0,8.0,9.0,11.0,12.0,12.0,15.0,15.2,16.0,17,15,22.0,25.0,13.0,9.0,11.0,12.0,7.0,9.3,8,10.0,14.0,21.0
HG04239,SAS,ITU,12.0,14,13.0,14.0,11.0,11.0,24,24,17.0,18.0,12,11,8.0,8.0,8,14,15.0,16.0,19.0,25.0,7.0,13.0,11.0,12.0,12.0,12.0,14.0,16.0,15,16,24.0,25.0,10.0,12.0,11.0,11.0,7.0,6.0,8,11.0,16.0,18.0
HG01583,SAS,PJL,11.0,11,12.0,15.3,10.0,11.0,19,24,15.0,18.0,11,11,9.0,12.0,13,15,13.0,12.0,19.0,20.0,8.0,12.0,11.0,12.0,16.0,17.0,14.0,13.0,11,18,23.0,23.0,11.0,12.0,11.0,11.0,6.0,8.0,8,11.0,14.0,17.0
HG01586,SAS,PJL,10.0,11,11.0,16.0,11.0,11.0,18,22,17.0,18.0,12,12,11.0,8.0,13,15,15.0,15.0,19.0,19.0,8.0,12.0,8.0,9.0,13.0,19.0,12.0,15.0,15,15,22.0,24.0,13.0,10.0,14.0,14.0,9.0,9.0,8,8.0,17.0,17.0
HG01589,SAS,PJL,11.0,14,14.0,14.0,11.0,11.0,19,21,15.0,16.0,13,12,10.0,12.0,10,14,14.0,13.0,23.0,24.0,11.0,12.0,11.0,9.0,18.0,14.0,13.0,15.0,17,17,24.0,24.0,13.0,10.0,12.0,11.0,6.0,9.0,8,8.0,17.0,18.0
HG01593,SAS,PJL,9.0,11,11.0,14.0,10.0,11.0,19,25,17.0,18.0,10,11,12.0,12.0,9,14,13.0,14.0,18.0,19.0,11.0,11.0,10.0,14.0,14.0,16.0,14.2,16.0,15,15,21.2,23.0,11.0,11.0,11.0,11.0,7.0,6.0,8,11.0,16.0,19.0
HG02490,SAS,PJL,11.0,11,12.0,16.0,10.0,11.0,18,19,14.0,15.0,13,11,8.0,12.0,12,14,14.0,15.0,18.0,19.0,11.0,13.0,9.0,12.0,12.0,15.0,13.0,13.0,15,16,22.0,22.0,13.0,10.0,15.0,15.0,7.0,9.0,11,11.0,18.0,18.0
HG02491,SAS,PJL,12.0,12,8.0,13.0,10.0,14.0,20,25,16.0,16.0,12,11,10.0,12.0,15,16,15.0,16.0,18.0,18.3,11.0,12.0,10.0,11.0,14.0,17.0,14.0,14.2,17,15,22.2,24.0,9.0,10.0,11.0,11.0,6.0,9.3,8,11.0,17.0,19.0
HG02493,SAS,PJL,11.0,12,11.0,13.0,12.0,14.0,23,19,16.0,17.0,10,11,8.0,11.0,12,15,16.0,16.0,17.3,22.0,11.0,11.0,13.0,10.0,14.0,15.0,14.0,14.0,15,15,21.0,25.0,11.0,16.0,5.0,10.0,6.0,6.0,8,8.0,17.0,17.0
HG02494,SAS,PJL,10.0,11,15.0,15.0,10.0,11.3,23,18,15.0,17.0,12,11,11.0,12.0,10,15,15.0,16.0,18.3,22.0,8.0,12.0,13.0,13.0,14.0,14.0,14.2,15.0,11,14,19.0,20.0,10.0,12.0,11.0,11.0,6.0,9.3,8,8.0,16.0,17.0
HG02597,SAS,PJL,10.0,11,11.0,15.0,10.0,14.0,19,20,15.0,17.0,10,10,10.0,11.0,10,12,16.0,17.0,19.0,19.3,9.0,12.0,14.0,11.0,18.0,16.0,14.0,13.0,11,11,21.0,21.0,10.0,10.0,12.0,12.0,6.0,9.3,11,12.0,17.0,18.0
HG02600,SAS,PJL,12.0,12,15.0,18.3,11.0,11.3,23,21,15.0,18.0,12,10,10.0,12.0,11,12,13.0,16.0,20.0,22.0,11.0,12.0,11.0,13.0,12.0,13.0,15.2,16.2,15,15,19.0,25.0,10.0,10.0,11.0,11.0,8.0,8.0,8,11.0,16.0,17.0
HG02601,SAS,PJL,11.0,12,13.0,13.0,10.0,14.0,23,25,17.0,17.0,13,11,9.0,10.0,10,14,15.0,16.0,21.0,22.0,8.0,10.0,9.0,13.0,14.0,17.0,13.0,13.0,11,11,23.0,24.0,11.0,11.0,9.0,15.0,6.0,9.0,8,12.0,14.0,15.0
HG02603,SAS,PJL,11.0,11,16.0,16.3,10.0,11.0,20,22,17.0,17.0,12,11,10.0,11.0,13,14,13.0,12.0,17.3,22.0,12.0,12.0,13.0,10.0,15.0,21.0,14.0,15.0,14,15,21.0,23.0,9.0,12.0,14.0,14.0,6.0,9.0,8,8.0,19.0,20.0
HG02604,SAS,PJL,10.0,11,10.0,11.0,11.0,11.0,22,25,15.0,16.0,13,11,7.0,11.0,14,15,14.0,14.0,20.0,20.0,8.0,12.0,11.0,9.0,17.0,13.0,13.0,16.0,11,11,21.0,21.0,13.0,11.0,14.0,14.0,7.0,6.0,8,11.0,15.0,15.0
HG02648,SAS,PJL,10.0,11,17.3,17.3,10.0,10.0,17,19,14.0,17.0,12,12,10.0,11.0,11,14,15.0,17.0,18.0,20.0,11.0,12.0,12.0,13.0,12.0,17.0,14.0,14.0,11,16,19.0,20.0,9.0,14.0,7.0,7.0,7.0,8.0,9,11.0,14.0,17.0
HG02649,SAS,PJL,10.0,10,11.0,12.0,12.0,11.0,23,20,16.0,17.0,13,13,10.0,10.0,13,15,14.0,15.0,17.0,20.0,9.0,13.0,11.0,11.0,12.0,16.0,14.0,14.0,17,17,21.0,22.2,13.0,9.0,11.0,11.0,7.0,6.0,8,11.0,18.0,19.0
HG02651,SAS,PJL,11.0,12,13.0,15.0,10.0,11.0,18,24,15.0,15.0,10,11,10.0,8.0,10,15,12.0,16.0,17.0,23.0,10.0,11.0,11.0,13.0,15.0,15.0,14.2,16.0,11,15,22.0,21.0,9.0,10.0,11.0,11.0,9.3,9.3,8,8.0,14.0,14.0
HG02652,SAS,PJL,13.0,12,8.0,15.0,10.0,11.0,23,24,16.0,16.0,12,11,11.0,12.0,10,15,13.0,16.0,20.0,21.0,8.0,10.0,11.0,12.0,15.0,17.0,14.0,16.0,11,11,22.0,24.0,11.0,11.0,13.0,14.0,7.0,6.0,8,8.0,14.0,17.0
HG02654,SAS,PJL,10.0,11,14.0,16.0,10.0,11.0,20,21,16.0,17.0,13,11,8.0,8.0,14,16,14.0,16.0,19.0,20.0,11.0,12.0,12.0,12.0,14.0,17.0,13.0,15.0,15,15,24.0,26.0,10.0,11.0,11.0,13.0,7.0,8.0,10,11.0,14.0,15.0
HG02655,SAS,PJL,13.0,11,11.0,13.0,10.0,10.0,18,18,15.0,15.0,13,9,11.0,12.0,14,14,13.0,15.0,20.0,22.0,11.0,12.0,10.0,11.0,14.0,14.0,16.2,16.2,11,14,23.0,24.0,10.0,11.0,12.0,12.0,7.0,9.3,8,10.0,16.0,18.0
HG02657,SAS,PJL,10.0,11,15.0,16.3,11.0,14.0,20,20,16.0,17.0,12,12,10.0,8.0,10,14,15.0,16.0,18.0,20.0,8.0,14.0,12.0,13.0,14.0,15.0,15.0,16.0,15,16,22.0,25.0,9.0,9.0,10.0,12.0,7.0,9.0,9,11.0,17.0,17.0
HG02658,SAS,PJL,13.0,10,15.0,15.0,11.0,11.0,18,19,15.0,16.0,12,11,9.0,10.0,11,14,15.0,16.0,19.0,18.0,7.0,12.0,11.0,11.0,14.0,14.0,15.0,15.0,14,15,22.0,19.0,9.0,10.0,5.0,9.0,7.0,9.3,9,11.0,15.0,16.0
HG02660,SAS,PJL,11.0,11,13.0,17.3,11.0,11.0,17,23,15.0,18.0,12,11,9.0,10.0,8,15,13.0,14.0,19.0,21.0,8.0,11.0,11.0,11.0,11.0,13.0,13.0,16.0,12,15,20.0,26.0,13.0,9.0,11.0,12.0,9.0,9.3,8,8.0,16.0,17.0
HG02661,SAS,PJL,13.0,11,13.0,16.3,10.0,11.0,17,23,16.0,16.0,13,12,9.0,10.0,12,15,13.0,14.0,18.0,20.0,11.0,13.0,11.0,9.0,10.0,14.0,14.0,16.0,14,16,20.0,24.2,11.0,12.0,11.0,11.0,7.0,6.0,8,11.0,17.0,17.0
HG02681,SAS,PJL,12.0,12,12.0,14.0,11.3,14.0,23,23,18.0,18.0,13,11,8.0,8.0,11,13,11.0,16.0,17.0,22.0,9.0,10.0,11.0,11.0,12.0,19.0,14.0,15.0,11,15,23.0,24.0,9.0,11.0,7.0,7.0,7.0,8.0,11,11.0,17.0,17.0
HG02682,SAS,PJL,12.0,12,15.0,16.0,10.0,10.0,19,25,16.0,16.0,11,11,10.0,10.0,13,16,14.0,15.0,16.0,17.0,12.0,13.0,11.0,10.0,15.0,17.0,14.0,15.2,17,14,23.0,23.0,11.0,11.0,7.0,10.0,9.0,9.0,8,8.0,16.0,17.0
HG02684,SAS,PJL,10.0,10,14.0,14.0,10.0,11.0,17,23,15.0,16.0,13,11,10.0,12.0,13,13,14.0,15.0,16.0,18.0,8.0,12.0,11.0,12.0,15.0,15.0,13.0,15.0,15,15,24.0,24.0,10.0,11.0,9.0,13.0,9.0,9.0,11,11.0,14.0,20.0
HG02685,SAS,PJL,11.0,11,11.0,13.0,10.0,13.0,20,22,17.0,17.0,13,13,10.0,11.0,10,11,15.0,16.0,17.0,18.0,8.0,10.0,9.0,10.0,14.0,20.0,14.0,13.0,15,15,23.0,23.0,13.0,9.0,9.0,9.0,6.0,9.0,9,11.0,16.0,17.0
HG02687,SAS,PJL,10.0,11,13.0,14.0,10.0,11.0,18,21,15.0,17.0,12,11,10.0,8.0,10,15,12.0,15.0,18.0,19.0,11.0,11.0,8.0,12.0,14.0,14.0,13.0,15.2,14,15,21.0,24.0,14.0,10.0,11.0,12.0,6.0,6.0,8,11.0,14.0,18.0
HG02688,SAS,PJL,12.0,12,11.0,14.0,11.0,11.0,18,21,15.0,16.0,12,11,10.0,12.0,10,14,15.0,15.0,16.0,17.0,8.0,12.0,8.0,12.0,18.0,12.0,13.0,15.2,15,15,21.0,25.0,11.0,14.0,13.0,13.0,6.0,9.0,8,10.0,16.0,18.0
HG02690,SAS,PJL,11.0,12,11.0,12.0,11.0,14.0,23,18,16.0,18.0,11,11,10.0,10.0,13,14,15.0,15.0,18.0,21.0,8.0,9.0,9.0,11.0,14.0,14.0,14.0,14.0,14,16,22.0,21.2,9.0,16.0,11.0,13.0,7.0,9.0,11,11.0,16.0,17.0
HG02691,SAS,PJL,11.0,12,10.0,16.0,10.0,10.0,16,18,15.0,18.0,11,11,10.0,12.0,14,14,13.0,15.0,20.0,22.0,9.0,9.0,11.0,15.0,16.0,20.0,15.0,16.2,11,15,21.2,28.0,13.0,10.0,13.0,13.0,7.0,6.0,8,11.0,17.0,17.0
HG02694,SAS,PJL,10.0,11,14.0,15.0,11.0,13.0,23,16,16.0,16.0,14,9,8.0,8.0,11,18,14.0,16.0,18.0,22.0,12.0,12.0,8.0,8.0,18.0,13.0,14.0,15.2,11,15,26.0,26.0,9.0,11.0,13.0,13.0,7.0,8.0,9,9.0,17.0,18.0
HG02696,SAS,PJL,13.0,12,11.0,12.0,12.0,10.0,19,19,15.0,16.0,12,10,11.0,11.0,13,14,14.0,15.0,17.0,24.0,8.0,11.0,12.0,13.0,15.0,24.0,14.0,14.0,11,15,23.0,23.0,11.0,15.0,11.0,11.0,8.0,9.0,9,10.0,15.0,19.0
HG02697,SAS,PJL,12.0,12,14.0,15.0,10.0,11.0,20,24,15.0,15.0,13,11,8.0,10.0,10,16,15.0,16.0,18.0,18.0,8.0,11.0,12.0,13.0,13.0,16.0,12.0,14.2,11,15,22.0,23.0,12.0,12.0,5.0,5.0,6.0,8.0,11,11.0,16.0,20.0
HG02699,SAS,PJL,10.0,11,8.0,15.0,10.0,10.0,17,24,14.0,16.0,13,12,11.0,8.0,13,15,15.0,16.0,23.0,23.0,12.0,12.0,11.0,15.0,12.0,16.0,14.0,12.0,10,11,23.0,24.0,9.0,11.0,8.0,9.0,9.3,9.3,8,8.0,18.0,18.0
HG02700,SAS,PJL,9.0,11,11.0,15.0,10.0,10.0,23,24,15.0,19.0,13,12,10.0,8.0,15,15,13.0,16.0,18.0,23.0,11.0,12.0,11.0,12.0,12.0,17.0,13.0,15.2,11,15,19.0,24.0,11.0,16.0,11.0,15.0,7.0,9.0,9,11.0,16.0,16.0
HG02724,SAS,PJL,10.0,10,16.0,16.0,10.0,11.0,23,23,17.0,18.0,11,13,7.0,8.0,10,10,15.0,15.0,20.0,23.0,12.0,12.0,11.0,14.0,14.0,14.0,14.0,13.0,11,11,21.0,25.0,9.0,9.0,11.0,11.0,7.0,9.0,8,8.0,14.0,20.0
HG02725,SAS,PJL,10.0,11,12.0,15.0,10.0,10.0,18,24,14.0,15.0,12,12,10.0,10.0,14,15,13.0,15.0,18.0,19.0,12.0,12.0,12.0,13.0,12.0,14.0,9.0,14.2,15,15,21.0,23.0,13.0,9.0,15.0,15.0,9.0,9.0,11,11.0,14.0,15.0
HG02727,SAS,PJL,10.0,10,14.0,14.0,10.0,11.0,18,19,15.0,17.0,12,12,12.0,8.0,10,11,13.0,14.0,17.0,21.0,10.0,13.0,11.0,12.0,16.0,16.0,14.2,15.0,15,15,19.0,21.0,9.0,9.0,12.0,12.0,6.0,9.0,11,11.0,14.0,18.0
HG02728,SAS,PJL,11.0,12,11.0,16.3,10.0,11.0,23,18,15.0,16.0,12,13,10.0,12.0,13,14,14.0,15.0,19.0,23.0,11.0,12.0,10.0,11.0,13.0,14.0,14.0,14.0,13,15,20.0,21.0,9.0,11.0,13.0,15.0,7.0,9.0,8,11.0,14.0,16.0
HG02731,SAS,PJL,11.0,12,13.0,16.3,11.0,14.0,19,20,15.0,16.0,11,11,10.0,10.0,14,15,13.0,15.0,18.0,18.0,8.0,8.0,8.0,10.0,13.0,14.0,14.0,13.0,15,16,23.0,24.0,11.0,16.0,7.0,12.0,6.0,9.0,8,9.0,14.0,14.0
HG02733,SAS,PJL,11.0,12,17.0,12.0,10.0,12.3,16,18,15.0,16.0,12,11,12.0,8.0,9,12,14.0,15.0,17.0,22.0,9.0,11.0,11.0,9.0,14.0,16.0,12.0,16.2,14,14,22.0,25.0,7.0,14.0,11.0,11.0,6.0,6.0,8,11.0,16.0,16.0
HG02734,SAS,PJL,11.0,12,11.0,16.0,10.0,10.0,19,21,15.0,18.0,11,11,11.0,12.0,10,14,15.0,15.0,19.0,20.0,8.0,12.0,11.0,9.0,13.0,14.0,13.0,15.2,17,16,21.0,23.0,10.0,10.0,11.0,11.0,6.0,9.3,8,11.0,18.0,18.0
HG02736,SAS,PJL,10.0,12,14.0,15.0,11.0,11.3,18,24,15.0,17.0,12,11,10.0,11.0,11,16,14.0,15.0,21.0,22.0,8.0,11.0,12.0,12.0,12.0,14.0,13.0,13.0,11,15,19.0,21.0,13.0,9.0,10.0,14.0,6.0,9.0,10,11.0,15.5,19.0
HG02737,SAS,PJL,10.0,12,16.0,16.0,10.0,11.0,23,21,16.0,16.0,11,11,8.0,11.0,12,14,14.0,16.0,18.0,22.0,8.0,12.0,8.0,12.0,14.0,14.0,14.2,15.0,11,16,21.0,24.0,8.0,12.0,11.0,11.0,9.0,9.0,11,12.0,17.0,18.0
HG02774,SAS,PJL,11.0,12,17.0,13.0,11.0,15.0,19,21,16.0,17.0,12,11,7.0,12.0,14,16,14.0,14.0,16.0,17.0,12.0,13.0,11.0,8.0,18.0,10.0,14.0,14.0,17,16,22.0,21.0,9.0,10.0,11.0,11.0,7.0,9.0,8,8.0,16.0,19.0
HG02775,SAS,PJL,11.0,11,13.0,14.0,10.0,10.0,20,22,13.0,15.0,12,11,10.0,11.0,10,15,15.0,16.0,16.0,19.0,10.0,12.0,12.0,11.0,14.0,16.0,13.0,14.2,11,14,20.0,21.0,8.0,10.0,11.0,11.0,6.0,6.0,11,11.0,14.0,16.0
HG02778,SAS,PJL,10.0,12,14.0,16.0,10.0,10.0,18,20,17.0,17.0,13,9,10.0,8.0,12,14,13.0,14.0,19.0,17.0,8.0,9.0,11.0,11.0,13.0,16.0,14.0,14.0,15,16,23.0,24.0,11.0,11.0,7.0,12.0,8.0,9.0,9,11.0,16.0,19.0
HG02780,SAS,PJL,9.0,10,10.0,10.0,10.0,14.0,19,24,15.0,16.0,13,11,9.0,10.0,13,13,14.0,15.0,17.0,18.0,11.0,12.0,11.0,9.0,13.0,14.0,14.2,15.2,14,14,22.0,24.0,9.0,12.0,11.0,11.0,6.0,9.0,11,11.0,16.0,17.0
HG02783,SAS,PJL,10.0,11,8.0,13.0,11.0,11.0,18,19,16.0,18.0,13,11,12.0,8.0,14,15,14.0,15.0,18.0,19.0,12.0,13.0,11.0,9.0,18.0,14.0,13.0,15.0,15,15,22.0,24.0,13.0,12.0,11.0,11.0,7.0,9.3,8,9.0,17.0,18.0
HG02784,SAS,PJL,12.0,12,11.0,16.0,12.0,14.0,17,24,17.0,18.0,12,11,12.0,8.0,13,15,15.0,15.0,17.3,18.3,8.0,12.0,11.0,10.0,14.0,15.0,12.0,13.0,17,16,21.0,23.0,11.0,12.0,11.0,11.0,6.0,9.0,10,11.0,15.0,17.0
HG02786,SAS,PJL,12.0,12,13.0,18.0,10.0,11.0,19,24,15.0,17.0,12,11,11.0,11.0,13,11,13.0,16.0,17.3,20.0,8.0,11.0,11.0,11.0,14.0,15.0,12.0,16.2,17,15,24.0,24.0,9.0,11.0,11.0,11.0,7.0,9.3,11,11.0,10.0,17.0
HG02787,SAS,PJL,11.0,11,14.0,16.0,10.0,11.0,23,19,14.0,16.0,12,11,8.0,8.0,15,16,14.0,16.0,18.0,18.0,8.0,11.0,8.0,9.0,15.0,19.0,14.0,16.2,11,16,21.0,23.0,13.0,11.0,11.0,11.0,8.0,8.0,10,11.0,17.0,19.0
HG02789,SAS,PJL,10.0,10,15.0,16.3,10.0,11.0,19,19,14.0,16.0,12,10,8.0,8.0,10,15,14.0,15.0,19.0,19.0,11.0,12.0,11.0,12.0,10.0,14.0,13.0,15.2,15,15,22.0,25.0,9.0,11.0,9.0,12.0,6.0,10.0,8,11.0,18.0,18.0
HG02790,SAS,PJL,12.0,12,15.0,16.0,11.0,11.0,23,19,14.0,15.0,13,12,11.0,8.0,14,14,16.0,16.0,17.0,19.0,8.0,11.0,12.0,10.0,14.0,17.0,14.0,13.0,15,15,24.0,24.0,9.0,10.0,5.0,5.0,8.0,9.3,8,11.0,18.0,18.0
HG02792,SAS,PJL,11.0,12,13.0,18.0,10.0,11.0,18,19,17.0,17.0,12,11,12.0,8.0,13,11,14.0,16.0,18.0,20.0,8.0,12.0,12.0,12.0,13.0,14.0,15.0,16.2,11,15,21.0,23.0,11.0,11.0,11.0,11.0,7.0,6.0,9,11.0,16.0,19.0
HG02793,SAS,PJL,11.0,12,8.0,14.0,12.0,10.0,18,19,16.0,17.0,12,11,10.0,12.0,11,11,14.0,14.0,18.0,18.0,9.0,10.0,11.0,9.0,13.0,14.0,13.0,15.0,15,16,19.0,20.0,13.0,8.0,11.0,11.0,6.0,9.0,8,11.0,16.0,18.0
HG03015,SAS,PJL,11.0,12,17.0,14.0,11.0,11.0,18,24,17.0,17.0,12,11,10.0,12.0,13,15,15.0,16.0,19.0,21.0,9.0,11.0,12.0,11.0,18.0,15.0,14.0,14.2,11,15,25.0,25.0,11.0,12.0,9.0,9.0,9.0,9.3,11,11.0,16.0,16.0
HG03016,SAS,PJL,11.0,11,13.0,14.0,11.0,11.0,18,18,15.0,16.0,12,12,7.0,12.0,14,14,15.0,15.0,20.0,24.0,10.0,12.0,12.0,12.0,14.0,14.0,14.0,13.0,15,15,22.0,21.0,9.0,11.0,10.0,11.0,6.0,9.0,8,10.0,14.0,19.0
HG03018,SAS,PJL,10.0,12,10.0,16.0,11.0,11.0,19,21,15.0,17.0,12,11,11.0,12.0,10,14,16.0,16.0,20.0,22.0,11.0,12.0,13.0,13.0,13.0,14.0,13.0,17.0,14,15,22.0,23.0,9.0,15.0,13.0,13.0,7.0,9.0,8,11.0,16.0,20.0
HG03019,SAS,PJL,11.0,11,14.0,16.0,10.0,11.0,23,23,17.0,17.0,11,13,10.0,12.0,11,14,14.0,14.0,19.0,19.0,11.0,13.0,9.0,9.0,14.0,14.0,15.0,15.2,11,16,20.0,23.2,11.0,9.0,13.0,13.0,8.0,8.0,8,11.0,14.0,17.0
HG03021,SAS,PJL,11.0,12,12.0,13.0,11.0,11.0,18,18,16.0,17.0,10,11,10.0,12.0,14,14,13.0,15.0,17.0,21.0,8.0,11.0,13.0,11.0,14.0,16.0,13.0,13.0,15,15,21.0,26.0,8.0,9.0,7.0,11.0,6.0,6.0,9,11.0,18.0,18.0
HG03022,SAS,PJL,10.0,11,14.0,14.0,10.0,11.0,19,19,17.0,17.0,13,10,12.0,12.0,11,15,15.0,16.0,18.0,18.0,11.0,12.0,9.0,11.0,14.0,15.0,13.0,16.2,17,11,22.0,24.0,12.0,12.0,11.0,15.0,6.0,9.0,8,11.0,17.0,17.0
HG03228,SAS,PJL,10.0,11,11.0,16.0,10.0,10.0,19,23,16.0,16.0,12,10,12.0,12.0,16,16,11.0,15.0,17.0,19.0,8.0,13.0,10.0,10.0,18.0,17.0,15.0,16.2,15,15,20.0,23.0,10.0,12.0,11.0,14.0,6.0,6.0,11,11.0,16.0,17.0
HG03229,SAS,PJL,11.0,11,12.0,13.0,11.0,11.0,19,19,15.0,16.0,12,10,8.0,11.0,10,10,11.0,15.0,18.0,19.0,8.0,9.0,8.0,13.0,14.0,14.0,14.0,15.0,11,16,20.0,20.0,13.0,9.0,12.0,12.0,7.0,9.0,8,11.0,17.0,17.0
HG03234,SAS,PJL,11.0,12,16.0,16.3,11.0,14.0,18,24,15.0,15.0,12,11,12.0,8.0,11,13,15.0,15.0,18.0,22.0,10.0,12.0,11.0,10.0,15.0,19.0,13.0,13.0,15,15,23.0,24.0,10.0,12.0,14.0,14.0,6.0,6.0,11,11.0,14.0,14.0
HG03235,SAS,PJL,10.0,11,17.3,16.3,10.0,14.0,20,24,12.0,15.0,12,12,10.0,12.0,13,10,14.0,16.0,18.0,20.0,9.0,12.0,11.0,9.0,13.0,17.0,14.0,14.0,11,15,20.0,21.0,9.0,12.0,13.0,13.0,6.0,9.0,8,10.0,17.0,19.0
HG03237,SAS,PJL,10.0,11,16.0,16.0,11.0,16.0,23,25,15.0,15.0,11,11,11.0,12.0,10,15,13.0,16.0,18.3,23.0,12.0,12.0,11.0,10.0,14.0,15.0,14.2,15.0,17,16,21.0,22.2,13.0,13.0,5.0,12.0,7.0,6.0,10,11.0,17.0,19.0
HG03238,SAS,PJL,10.0,11,11.0,16.0,10.0,13.0,23,24,14.0,16.0,11,12,10.0,11.0,12,15,15.0,15.0,18.0,19.0,8.0,12.0,11.0,13.0,15.0,15.0,14.0,15.2,11,15,22.0,21.0,13.0,15.0,11.0,11.0,7.0,9.3,8,9.0,15.0,19.0
HG03488,SAS,PJL,10.0,11,15.0,18.3,11.0,11.3,18,18,14.0,15.0,10,12,11.0,11.0,13,11,16.0,17.0,18.0,21.0,12.0,14.0,11.0,12.0,13.0,13.0,15.2,17.2,11,15,24.0,27.0,11.0,12.0,11.0,11.0,6.0,9.3,8,10.0,16.0,17.0
HG03490,SAS,PJL,10.0,12,15.0,15.0,10.0,11.0,16,18,15.0,16.0,11,11,10.0,8.0,13,15,14.0,17.0,18.0,20.0,8.0,11.0,12.0,10.0,15.0,16.0,13.0,15.2,15,15,22.0,24.0,11.0,15.0,12.0,14.0,6.0,8.0,11,12.0,13.0,16.0
HG03491,SAS,PJL,13.0,11,13.0,16.0,10.0,11.0,24,24,15.0,18.0,11,11,11.0,12.0,10,12,13.0,16.0,18.0,18.0,11.0,8.0,11.0,9.0,12.0,17.0,12.2,15.2,15,15,22.2,23.0,12.0,12.0,10.0,11.0,7.0,8.0,9,11.0,16.0,17.0
HG03619,SAS,PJL,13.0,10,11.0,16.0,12.0,11.0,20,24,16.0,16.0,12,12,10.0,11.0,12,12,15.0,16.0,16.0,22.0,11.0,8.0,9.0,10.0,13.0,17.0,13.0,16.2,11,14,20.0,26.0,9.0,9.0,7.0,7.0,9.0,9.3,8,9.0,17.0,17.0
HG03624,SAS,PJL,11.0,12,15.0,15.0,12.0,11.0,17,25,15.0,17.0,11,9,10.0,8.0,14,16,13.0,13.0,19.0,23.0,11.0,13.0,11.0,11.0,12.0,14.0,13.0,16.0,11,11,22.0,22.0,13.0,11.0,12.0,12.0,9.3,9.3,8,8.0,17.0,19.0
HG03625,SAS,PJL,10.0,12,14.0,16.0,14.0,14.0,18,19,15.0,17.0,13,12,10.0,8.0,11,14,14.0,16.0,17.0,19.0,9.0,11.0,9.0,11.0,13.0,13.0,15.0,15.2,11,14,20.0,21.0,11.0,11.0,7.0,12.0,9.0,9.0,10,11.0,18.0,18.0
HG03629,SAS,PJL,10.0,14,12.0,13.0,11.0,14.0,17,18,15.0,17.0,12,10,9.0,10.0,16,16,14.0,14.0,20.0,25.0,8.0,12.0,9.0,11.0,15.0,17.0,13.0,15.2,17,15,21.0,21.0,11.0,14.0,5.0,5.0,9.3,9.3,8,8.0,18.0,16.0
HG03631,SAS,PJL,13.0,11,13.0,15.0,10.0,11.0,23,19,16.0,17.0,13,11,8.0,11.0,13,12,16.0,16.0,17.3,20.0,12.0,12.0,11.0,12.0,13.0,14.0,13.0,13.0,11,15,20.0,21.0,9.0,11.0,11.0,11.0,9.0,9.0,8,8.0,16.0,17.0
HG03634,SAS,PJL,13.0,14,11.0,11.0,14.0,14.0,23,20,15.0,16.0,10,11,10.0,8.0,15,16,14.0,16.0,21.0,24.0,12.0,12.0,11.0,14.0,16.0,16.0,14.0,13.0,17,17,21.0,26.0,9.0,9.0,11.0,11.0,6.0,9.0,9,11.0,18.0,18.0
HG03636,SAS,PJL,12.0,12,13.0,14.0,11.0,14.0,19,24,16.0,16.0,10,11,13.0,10.0,13,15,14.0,16.0,20.0,20.0,9.0,11.0,11.0,8.0,14.0,17.0,14.0,15.0,11,15,22.0,21.0,10.0,12.0,5.0,10.0,7.0,6.0,11,11.0,16.0,16.0
HG03640,SAS,PJL,11.0,12,8.0,8.0,11.0,11.3,19,19,16.0,17.0,13,12,9.0,11.0,13,13,13.0,13.0,17.0,18.0,13.0,13.0,11.0,12.0,14.0,15.0,12.0,13.0,11,15,22.0,21.0,11.0,12.0,11.0,11.0,7.0,9.3,10,11.0,14.0,16.0
HG03649,SAS,PJL,11.0,12,8.0,13.0,10.0,11.0,18,19,16.0,17.0,13,12,10.0,11.0,13,13,14.0,14.0,23.0,25.0,10.0,13.0,12.0,11.0,14.0,16.0,13.0,15.2,15,16,21.0,24.0,11.0,11.0,11.0,11.0,7.0,9.0,8,11.0,16.0,17.0
HG03652,SAS,PJL,10.0,12,13.0,15.0,10.0,11.0,17,20,17.0,17.0,12,11,11.0,11.0,14,14,14.0,15.0,18.0,21.0,11.0,12.0,13.0,10.0,13.0,15.0,13.0,13.0,11,15,24.0,25.0,11.0,15.0,5.0,14.0,7.0,6.0,8,11.0,15.0,19.0
HG03653,SAS,PJL,11.0,12,17.0,15.0,10.0,11.0,23,20,15.0,17.0,10,11,9.0,12.0,13,12,13.0,16.0,19.0,23.0,10.0,10.0,11.0,10.0,14.0,14.0,12.0,13.0,15,15,19.0,21.0,8.0,9.0,11.0,12.0,6.0,9.0,10,11.0,13.0,18.0
HG03660,SAS,PJL,11.0,11,11.0,16.3,11.0,12.3,23,24,15.0,16.0,11,12,10.0,10.0,10,11,15.0,17.0,18.0,18.0,8.0,13.0,11.0,12.0,16.0,19.0,13.0,14.2,14,15,22.0,26.0,11.0,11.0,11.0,11.0,8.0,8.0,8,9.0,16.0,18.0
HG03663,SAS,PJL,11.0,11,15.0,16.0,10.0,10.0,18,18,16.0,17.0,12,12,12.0,12.0,15,15,14.0,14.0,19.0,21.0,9.0,12.0,11.0,8.0,18.0,15.0,13.0,13.0,11,15,19.0,23.0,10.0,11.0,5.0,5.0,7.0,9.0,11,11.0,15.0,18.0
HG03667,SAS,PJL,10.0,10,13.0,14.0,10.0,11.0,19,19,17.0,17.0,11,11,11.0,11.0,10,12,14.0,15.0,18.0,18.0,8.0,8.0,12.0,13.0,18.0,14.0,16.0,16.0,17,15,22.0,21.0,13.0,11.0,11.0,11.0,6.0,9.0,9,10.0,14.0,18.0
HG03668,SAS,PJL,11.0,12,16.0,16.0,11.0,11.0,20,25,15.0,18.0,13,11,12.0,10.0,10,14,15.0,15.0,17.0,18.0,12.0,12.0,11.0,11.0,13.0,13.0,14.0,14.2,15,16,21.0,26.0,13.0,15.0,11.0,11.0,7.0,9.0,9,11.0,13.0,18.0
HG03702,SAS,PJL,12.0,14,11.0,13.0,10.0,14.0,22,24,16.0,16.0,13,11,10.0,12.0,14,16,14.0,15.0,17.0,19.0,9.0,11.0,11.0,9.0,15.0,16.0,14.0,13.2,17,11,23.0,25.0,12.0,9.0,11.0,11.0,6.0,9.0,9,11.0,15.0,17.0
HG03703,SAS,PJL,10.0,12,14.0,15.0,10.0,11.0,19,20,15.0,16.0,13,11,11.0,12.0,10,11,16.0,13.0,22.0,23.0,9.0,9.0,8.0,12.0,14.0,16.0,13.0,16.0,11,15,22.0,21.0,11.0,11.0,11.0,11.0,8.0,9.0,8,11.0,17.0,19.0
HG03705,SAS,PJL,11.0,11,11.0,16.0,11.0,14.0,18,25,14.0,15.0,12,11,13.0,12.0,10,14,12.0,16.0,17.0,18.0,8.0,12.0,8.0,11.0,13.0,14.0,13.0,13.0,15,16,20.0,24.0,12.0,14.0,7.0,10.0,6.0,9.0,9,9.0,16.0,16.0
HG03706,SAS,PJL,11.0,11,13.0,14.0,10.0,10.0,19,24,16.0,17.0,12,10,13.0,8.0,13,13,14.0,15.0,18.0,19.0,11.0,12.0,11.0,8.0,14.0,16.0,14.2,17.0,11,15,25.0,25.0,10.0,10.0,10.0,10.0,7.0,7.0,8,7.0,14.0,18.0
HG03708,SAS,PJL,11.0,11,17.0,12.0,10.0,10.0,23,18,16.0,16.0,12,11,11.0,11.0,14,14,12.0,16.0,18.0,20.0,8.0,10.0,11.0,11.0,18.0,18.0,13.0,13.0,10,15,22.0,24.0,9.0,11.0,7.0,11.0,7.0,6.0,10,11.0,16.0,18.0
HG03709,SAS,PJL,10.0,11,14.0,15.0,12.0,10.0,23,24,15.0,17.0,12,9,11.0,11.0,10,10,15.0,16.0,18.0,19.0,11.0,12.0,12.0,13.0,13.0,13.0,13.0,15.2,11,16,20.0,24.0,10.0,11.0,7.0,7.0,7.0,9.0,9,11.0,16.0,19.0
HG03762,SAS,PJL,10.0,11,13.0,16.0,10.0,10.0,23,18,16.0,17.0,13,11,12.0,12.0,13,15,15.0,16.0,20.0,23.0,10.0,11.0,12.0,13.0,13.0,15.0,14.2,15.0,11,16,20.0,21.0,9.0,12.0,10.0,11.0,7.0,7.0,10,11.0,15.0,16.0
HG03765,SAS,PJL,10.0,10,15.0,16.3,11.0,14.0,17,17,14.0,14.0,11,12,9.0,11.0,10,10,13.0,16.0,18.0,22.0,8.0,13.0,11.0,8.0,15.0,17.0,13.0,15.0,17,16,22.0,24.0,13.0,10.0,11.0,11.0,7.0,7.0,8,8.0,17.0,19.0
HG03767,SAS,PJL,11.0,12,11.0,16.3,11.0,14.0,24,24,15.0,17.0,13,11,12.0,8.0,13,14,15.0,17.0,17.3,22.0,9.0,12.0,11.0,9.0,16.0,17.0,14.0,17.0,11,11,21.0,21.0,9.0,12.0,11.0,12.0,7.0,9.3,8,8.0,16.0,17.0
HG03642,SAS,STU,12.0,12,11.0,15.0,11.0,14.0,18,20,15.0,17.0,13,11,11.0,11.0,14,15,13.0,14.0,16.0,23.0,12.0,12.0,11.0,9.0,18.0,20.0,14.0,14.0,11,15,20.0,25.0,9.0,10.0,8.0,8.0,7.0,9.0,11,11.0,19.0,19.0
HG03643,SAS,STU,12.0,12,8.0,15.0,10.0,11.0,18,25,17.0,18.0,12,11,7.0,8.0,13,11,16.0,16.0,18.0,23.0,9.0,12.0,11.0,11.0,14.0,16.0,14.0,13.0,11,11,20.0,23.0,8.0,12.0,11.0,11.0,6.0,9.0,8,9.0,14.0,17.0
HG03644,SAS,STU,10.0,12,17.0,13.0,12.0,10.0,18,20,18.0,18.0,13,13,10.0,12.0,10,15,15.0,16.0,17.0,18.0,8.0,9.0,9.0,12.0,14.0,15.0,12.0,13.0,15,16,21.0,24.0,13.0,10.0,10.0,10.0,7.0,6.0,8,10.0,16.0,16.0
HG03645,SAS,STU,13.0,13,10.0,15.0,10.0,11.3,22,22,16.0,17.0,12,11,10.0,12.0,10,17,13.0,16.0,18.0,18.0,8.0,12.0,8.0,12.0,14.0,15.0,13.0,13.0,15,15,21.0,21.0,10.0,10.0,5.0,9.0,8.0,9.3,8,11.0,15.0,17.0
HG03646,SAS,STU,12.0,12,8.0,11.0,11.0,11.0,23,20,14.0,16.0,13,10,8.0,8.0,10,15,13.0,13.0,19.0,20.0,8.0,13.0,11.0,12.0,18.0,14.0,14.0,13.0,15,16,19.0,25.0,10.0,9.0,11.0,11.0,7.0,6.0,9,12.0,17.0,18.0
HG03672,SAS,STU,11.0,12,12.0,16.0,10.0,11.0,18,24,16.0,16.0,13,12,7.0,7.0,14,15,14.0,16.0,18.0,20.0,11.0,11.0,11.0,10.0,12.0,15.0,12.0,13.0,15,15,22.0,22.0,9.0,10.0,14.0,14.0,6.0,9.0,8,11.0,17.0,20.0
HG03673,SAS,STU,10.0,11,13.0,16.0,11.0,14.0,24,25,16.0,18.0,11,11,13.0,8.0,10,15,13.0,16.0,18.0,18.3,9.0,10.0,14.0,10.0,14.0,14.0,14.0,12.2,11,16,22.0,20.0,13.0,12.0,11.0,12.0,9.0,9.3,8,8.0,16.0,17.0
HG03679,SAS,STU,13.0,12,11.0,11.0,10.0,10.0,16,18,15.0,17.0,13,11,10.0,11.0,13,11,15.0,16.0,17.0,21.0,11.0,12.0,11.0,11.0,13.0,17.0,13.0,14.2,11,15,19.0,21.0,9.0,9.0,11.0,11.0,6.0,6.0,8,8.0,16.0,19.0
HG03680,SAS,STU,10.0,11,14.0,17.3,12.0,10.0,17,19,14.0,16.0,10,11,8.0,10.0,10,15,15.0,15.0,17.0,18.0,8.0,12.0,12.0,11.0,18.0,16.0,14.0,14.0,14,16,24.0,25.0,9.0,9.0,11.0,12.0,7.0,9.3,8,9.0,16.0,17.0
HG03681,SAS,STU,12.0,12,12.0,16.0,10.0,11.3,18,25,16.0,17.0,10,11,10.0,8.0,11,13,14.0,15.0,17.0,18.0,8.0,11.0,14.0,14.0,12.0,13.0,13.0,15.2,11,15,25.0,25.0,10.0,10.0,11.0,12.0,7.0,6.0,9,11.0,14.0,19.0
HG03684,SAS,STU,10.0,11,11.0,12.0,14.0,14.0,23,18,14.0,17.0,13,10,10.0,8.0,11,15,15.0,15.0,18.0,20.0,11.0,11.0,12.0,12.0,14.0,14.0,14.0,17.0,15,15,25.0,25.0,11.0,14.0,12.0,13.0,6.0,9.0,11,11.0,15.0,18.0
HG03685,SAS,STU,12.0,12,8.0,11.0,10.0,11.0,23,19,15.0,17.0,13,10,11.0,11.0,12,14,13.0,12.0,17.0,23.0,11.0,12.0,12.0,13.0,11.0,16.0,13.0,16.2,14,15,19.0,26.0,10.0,8.0,12.0,12.0,8.0,8.0,8,11.0,16.0,16.0
HG03686,SAS,STU,12.0,14,11.0,14.0,11.0,11.3,23,22,16.0,17.0,12,12,9.0,10.0,14,15,14.0,16.0,18.0,24.0,8.0,11.0,8.0,12.0,14.0,15.0,13.0,13.0,11,16,19.0,21.0,13.0,13.0,5.0,5.0,8.0,9.3,8,11.0,16.0,18.0
HG03687,SAS,STU,10.0,11,14.0,14.0,10.0,14.0,19,24,16.0,16.0,13,11,8.0,12.0,10,14,14.0,16.0,16.0,20.0,11.0,11.0,11.0,9.0,14.0,17.0,13.0,14.2,11,11,23.0,25.0,13.0,9.0,11.0,12.0,6.0,9.0,8,11.0,18.0,19.0
HG03689,SAS,STU,10.0,12,10.0,16.0,10.0,11.0,17,20,17.0,17.0,13,13,10.0,11.0,12,14,15.0,15.0,18.0,23.0,8.0,12.0,8.0,10.0,11.0,14.0,14.0,12.0,15,16,22.0,19.0,13.0,13.0,11.0,11.0,6.0,9.0,8,8.0,16.0,17.0
HG03690,SAS,STU,12.0,12,11.0,14.0,10.0,11.0,18,26,16.0,17.0,12,12,9.0,11.0,10,11,12.0,15.0,18.0,21.0,8.0,12.0,8.0,12.0,11.0,14.0,13.0,13.0,14,14,22.0,22.0,9.0,11.0,12.0,12.0,9.0,9.3,8,10.0,16.0,18.0
HG03691,SAS,STU,10.0,11,11.0,13.0,11.0,11.0,18,20,17.0,17.0,11,12,10.0,11.0,12,12,14.0,16.0,17.0,19.0,12.0,13.0,11.0,12.0,14.0,16.0,14.0,15.0,17,15,20.0,24.0,9.0,14.0,11.0,12.0,7.0,9.0,9,11.0,16.0,16.0
HG03692,SAS,STU,11.0,12,11.0,14.0,11.0,11.0,23,23,16.0,17.0,13,11,7.0,8.0,10,14,14.0,15.0,18.0,24.0,8.0,11.0,11.0,13.0,14.0,16.0,13.0,15.0,17,11,25.0,26.3,10.0,11.0,11.0,12.0,9.0,9.0,10,11.0,14.0,17.0
HG03693,SAS,STU,10.0,11,17.0,14.0,12.3,14.0,22,24,16.0,16.0,13,10,10.0,10.0,10,13,14.0,15.0,21.0,21.0,8.0,10.0,12.0,12.0,15.0,20.0,14.0,14.0,11,11,24.0,25.0,9.0,11.0,11.0,11.0,7.0,9.0,8,11.0,14.0,14.0
HG03694,SAS,STU,13.0,11,14.0,16.3,11.0,11.0,18,20,17.0,17.0,13,12,13.0,11.0,10,16,13.0,15.0,17.0,18.0,11.0,13.0,13.0,9.0,15.0,17.0,12.0,13.0,11,11,22.0,24.0,11.0,11.0,10.0,11.0,6.0,9.3,11,11.0,17.0,18.0
HG03695,SAS,STU,11.0,12,11.0,14.0,11.0,11.0,21,22,17.0,17.0,12,11,11.0,12.0,10,10,16.0,16.0,18.0,18.0,10.0,10.0,11.0,10.0,14.0,15.0,12.0,12.0,11,16,20.0,27.0,10.0,11.0,14.0,16.0,7.0,6.0,10,11.0,16.0,18.0
HG03696,SAS,STU,12.0,12,11.0,12.0,10.0,11.0,18,18,16.0,17.0,13,13,7.0,11.0,10,10,14.0,16.0,18.0,19.0,11.0,13.0,8.0,8.0,16.0,16.0,12.0,13.0,11,15,21.0,21.0,9.0,10.0,11.0,12.0,6.0,9.3,12,12.0,15.0,16.0
HG03697,SAS,STU,10.0,10,15.0,16.0,11.0,11.3,18,23,14.0,16.0,13,10,9.0,10.0,10,15,11.0,15.0,19.0,20.0,10.0,11.0,12.0,9.0,15.0,15.0,14.0,15.2,15,15,23.0,23.0,12.0,10.0,12.0,12.0,6.0,9.0,9,12.0,14.0,18.0
HG03698,SAS,STU,11.0,12,11.0,16.0,11.0,11.0,18,18,16.0,17.0,13,13,10.0,11.0,16,17,14.0,13.0,17.0,23.0,9.0,9.0,9.0,9.0,14.0,15.0,15.2,16.0,11,11,19.0,20.0,9.0,10.0,11.0,12.0,7.0,7.0,8,10.0,16.0,17.0
HG03711,SAS,STU,10.0,11,13.0,13.0,10.0,11.0,18,19,15.0,17.0,12,11,10.0,8.0,13,15,13.0,16.0,18.3,23.0,8.0,11.0,14.0,9.0,14.0,15.0,13.0,14.2,15,16,21.0,24.0,11.0,12.0,11.0,12.0,6.0,9.3,8,11.0,17.0,18.0
HG03733,SAS,STU,10.0,12,14.0,16.0,11.0,11.0,23,18,15.0,17.0,13,11,11.0,8.0,10,15,16.0,16.0,17.0,18.0,11.0,13.0,11.0,8.0,12.0,14.0,16.0,16.0,15,16,20.0,23.0,7.0,10.0,11.0,11.0,9.0,10.0,8,9.0,14.0,16.0
HG03736,SAS,STU,10.0,12,13.0,16.0,11.0,11.0,20,22,16.0,16.0,11,10,10.0,11.0,15,16,14.0,15.0,18.0,18.0,8.0,13.0,11.0,13.0,15.0,15.0,13.0,13.0,11,11,24.0,25.0,13.0,11.0,16.0,16.0,9.0,9.3,11,11.0,14.0,18.0
HG03738,SAS,STU,11.0,14,11.0,18.0,11.0,14.0,23,26,15.0,17.0,13,13,12.0,8.0,12,15,13.0,15.0,17.0,18.0,9.0,12.0,11.0,11.0,14.0,16.0,13.0,16.0,13,13,24.0,24.0,10.0,14.0,7.0,7.0,6.0,9.3,8,11.0,16.0,16.0
HG03740,SAS,STU,12.0,12,12.0,15.3,10.0,11.0,18,18,15.0,16.0,11,11,12.0,8.0,14,14,17.0,16.0,19.0,17.0,10.0,11.0,11.0,12.0,20.0,20.0,14.0,16.0,17,16,22.0,21.0,11.0,12.0,11.0,12.0,6.0,9.3,10,11.0,16.0,17.0
HG03741,SAS,STU,9.0,12,8.0,14.0,11.0,11.0,8,18,15.0,16.0,11,11,10.0,10.0,13,15,15.0,16.0,18.0,19.0,8.0,13.0,11.0,8.0,14.0,24.0,14.0,13.0,11,11,24.0,24.0,12.0,15.0,11.0,11.0,6.0,9.0,8,8.0,17.0,19.0
HG03743,SAS,STU,10.0,12,17.0,8.0,12.0,14.0,18,18,15.0,15.0,12,10,11.0,12.0,13,15,15.0,18.0,17.0,22.0,12.0,13.0,12.0,13.0,15.0,17.0,12.2,15.0,16,16,23.0,26.0,9.0,11.0,13.0,13.0,8.0,9.0,10,11.0,16.0,17.0
HG03744,SAS,STU,10.0,12,11.0,14.0,10.0,11.3,23,18,17.0,18.0,11,11,11.0,8.0,14,14,15.0,15.0,19.0,20.0,8.0,10.0,11.0,14.0,11.0,16.0,14.0,13.0,15,15,23.0,24.0,9.0,12.0,11.0,11.0,9.0,9.3,8,11.0,16.0,18.0
HG03745,SAS,STU,10.0,12,17.0,15.0,11.0,11.0,23,22,17.0,17.0,14,11,7.0,11.0,9,15,14.0,14.0,19.0,21.0,11.0,12.0,8.0,9.0,14.0,15.0,13.0,16.2,11,11,23.0,24.0,11.0,11.0,11.0,12.0,6.0,9.0,8,9.0,13.0,16.0
HG03746,SAS,STU,11.0,12,13.0,16.3,10.0,11.3,23,23,18.0,18.0,13,10,11.0,12.0,13,15,13.0,13.0,17.0,19.0,8.0,11.0,11.0,12.0,13.0,16.0,13.0,15.0,14,15,20.0,24.0,6.0,14.0,11.0,12.0,6.0,9.0,9,11.0,15.0,17.0
HG03750,SAS,STU,10.0,10,12.0,14.0,10.0,12.3,17,22,15.0,15.0,11,11,7.0,7.0,13,14,15.0,16.0,17.0,20.0,8.0,11.0,11.0,9.0,14.0,15.0,14.0,15.2,15,16,21.0,23.0,9.0,10.0,12.0,12.0,6.0,9.0,11,11.0,16.0,16.0
HG03752,SAS,STU,12.0,12,17.0,17.0,10.0,11.0,23,20,14.0,15.0,10,11,10.0,8.0,13,10,14.0,15.0,18.0,23.0,10.0,13.0,11.0,8.0,13.0,15.0,13.0,14.2,15,15,20.0,24.0,13.0,10.0,14.0,16.0,6.0,9.0,10,11.0,16.0,18.0
HG03753,SAS,STU,11.0,12,8.0,11.0,10.0,14.0,18,21,15.0,18.0,13,11,13.0,8.0,10,10,15.0,15.0,19.0,19.0,10.0,12.0,8.0,10.0,15.0,20.0,12.0,15.2,11,14,22.0,21.0,13.0,10.0,12.0,15.0,6.0,9.3,11,11.0,14.0,18.0
HG03754,SAS,STU,10.0,10,11.0,12.0,10.0,14.0,17,22,15.0,16.0,12,11,7.0,7.0,12,13,14.0,16.0,19.0,17.0,8.0,11.0,11.0,11.0,11.0,15.0,14.0,14.0,11,16,23.0,24.0,13.0,10.0,11.0,12.0,9.0,9.3,11,11.0,16.0,16.0
HG03755,SAS,STU,11.0,12,13.0,14.0,10.0,11.0,23,19,17.0,17.0,12,11,7.0,7.0,13,12,13.0,17.0,19.0,19.0,8.0,12.0,11.0,10.0,14.0,14.0,13.0,13.0,15,16,22.0,21.0,13.0,11.0,5.0,12.0,6.0,9.0,8,11.0,17.0,17.0
HG03756,SAS,STU,10.0,11,11.0,15.0,10.0,14.0,20,24,18.0,18.0,11,11,8.0,8.0,14,15,14.0,15.0,18.0,21.0,9.0,9.0,11.0,11.0,14.0,14.0,14.0,14.0,11,15,20.0,21.0,12.0,12.0,11.0,12.0,6.0,6.0,8,11.0,14.0,18.0
HG03757,SAS,STU,10.0,12,12.0,13.0,10.0,11.0,19,20,15.0,15.0,13,13,9.0,8.0,14,16,14.0,14.0,18.0,19.0,11.0,12.0,9.0,13.0,15.0,16.0,13.0,14.2,11,16,23.0,23.0,10.0,11.0,11.0,11.0,6.0,9.0,11,12.0,16.0,19.0
HG03760,SAS,STU,13.0,12,17.0,11.0,10.0,11.0,22,24,15.0,17.0,12,10,10.0,12.0,10,14,16.0,16.0,18.0,19.0,12.0,12.0,13.0,10.0,11.0,16.0,14.0,13.0,11,15,20.0,25.0,9.0,11.0,11.0,12.0,6.0,9.0,8,8.0,14.0,17.0
HG03836,SAS,STU,11.0,11,17.0,16.3,10.0,11.0,23,22,14.0,14.0,12,13,11.0,8.0,10,12,14.0,16.0,18.0,19.0,10.0,14.0,10.0,12.0,10.0,15.0,13.0,15.0,15,15,20.0,20.0,10.0,11.0,13.0,13.0,6.0,9.0,11,11.0,16.0,17.0
HG03837,SAS,STU,12.0,12,15.3,15.3,10.0,14.0,23,24,18.0,18.0,12,12,10.0,11.0,15,16,14.0,14.0,18.0,20.0,12.0,12.0,12.0,13.0,13.0,14.0,14.0,17.0,11,13,21.0,21.0,10.0,9.0,15.0,15.0,6.0,6.0,11,11.0,15.0,16.0
HG03838,SAS,STU,10.0,12,12.0,13.0,11.0,14.0,18,22,15.0,16.0,10,11,7.0,9.0,10,14,13.0,15.0,18.0,20.0,12.0,12.0,11.0,12.0,14.0,15.0,14.0,15.2,11,15,20.0,21.0,9.0,10.0,11.0,12.0,7.0,9.3,9,11.0,14.0,17.0
HG03844,SAS,STU,11.0,11,11.0,15.0,10.0,11.0,18,20,16.0,18.0,11,9,10.0,12.0,11,15,16.0,16.0,17.0,17.0,11.0,9.0,12.0,12.0,18.0,16.0,13.0,15.2,10,15,19.0,24.0,12.0,13.0,5.0,5.0,8.0,9.3,8,9.0,16.0,17.0
HG03846,SAS,STU,11.0,12,17.0,15.0,10.0,13.0,16,24,15.0,17.0,13,10,8.0,12.0,13,12,13.0,15.0,18.0,18.3,11.0,11.0,12.0,10.0,11.0,14.0,14.0,15.2,15,15,24.0,26.0,9.0,9.0,10.0,14.0,6.0,9.0,11,11.0,17.0,17.0
HG03848,SAS,STU,10.0,12,11.0,13.0,10.0,14.0,17,20,16.0,17.0,13,7,11.0,11.0,13,15,15.0,15.0,17.0,18.0,10.0,12.0,13.0,12.0,11.0,15.0,14.0,16.2,15,16,23.0,23.0,9.0,11.0,12.0,14.0,6.0,8.0,8,11.0,17.0,19.0
HG03849,SAS,STU,10.0,12,17.0,13.0,10.0,14.0,18,19,15.0,16.0,11,11,11.0,11.0,15,17,15.0,17.0,20.0,20.3,11.0,11.0,11.0,13.0,14.0,16.0,12.2,16.0,17,18,22.0,20.0,9.0,10.0,11.0,12.0,7.0,8.0,9,11.0,15.0,15.0
HG03850,SAS,STU,12.0,14,14.0,15.0,12.0,10.0,23,24,14.0,15.0,9,11,8.0,12.0,14,15,15.0,15.0,17.0,18.0,12.0,13.0,11.0,13.0,14.0,16.0,14.2,15.2,11,15,22.0,24.0,9.0,11.0,11.0,12.0,6.0,8.0,8,10.0,15.0,16.0
HG03851,SAS,STU,10.0,12,11.0,16.0,11.3,14.0,19,22,16.0,18.0,13,12,7.0,11.0,10,15,15.0,15.0,19.0,22.0,11.0,12.0,12.0,13.0,14.0,16.0,14.0,13.0,11,15,24.0,24.0,11.0,11.0,12.0,12.0,6.0,9.0,11,11.0,17.0,17.0
HG03854,SAS,STU,11.0,12,13.0,17.3,10.0,10.0,23,20,15.0,18.0,13,12,11.0,12.0,13,16,16.0,16.0,17.0,19.0,8.0,12.0,11.0,11.0,12.0,13.0,14.2,14.2,17,16,20.0,21.0,9.0,9.0,5.0,11.0,6.0,10.0,8,14.0,15.0,16.0
HG03856,SAS,STU,12.0,12,17.0,15.0,13.0,14.0,18,19,16.0,14.0,10,11,8.0,8.0,10,10,15.0,15.0,18.0,20.0,8.0,11.0,11.0,8.0,15.0,15.0,14.0,16.0,15,15,21.0,23.0,10.0,10.0,5.0,13.0,9.0,9.0,9,11.0,18.0,19.0
HG03857,SAS,STU,11.0,12,8.0,17.3,11.0,14.0,17,18,16.0,17.0,12,12,10.0,10.0,10,12,16.0,18.0,21.0,21.0,11.0,11.0,11.0,13.0,14.0,16.0,14.0,15.2,15,15,23.0,23.0,9.0,14.0,11.0,12.0,9.0,9.3,11,11.0,16.0,19.0
HG03858,SAS,STU,12.0,12,17.0,11.0,11.0,11.0,18,20,17.0,18.0,11,11,8.0,11.0,11,14,15.0,15.0,17.0,18.0,10.0,11.0,13.0,10.0,13.0,13.0,13.0,14.2,11,15,23.0,25.0,11.0,17.0,13.0,13.0,9.0,9.0,11,11.0,15.0,17.0
HG03884,SAS,STU,12.0,12,11.0,13.0,12.0,11.0,20,25,14.0,16.0,11,11,12.0,8.0,10,15,15.0,16.0,20.0,21.0,9.0,14.0,11.0,10.0,14.0,15.0,14.0,13.0,15,15,21.0,21.0,11.0,11.0,9.0,9.0,8.0,9.0,8,8.0,15.0,16.0
HG03885,SAS,STU,10.0,12,15.0,15.0,10.0,11.0,23,26,15.0,16.0,12,11,11.0,12.0,10,15,15.0,15.0,18.0,20.0,10.0,11.0,10.0,11.0,12.0,14.0,14.0,14.2,15,15,20.0,24.0,10.0,12.0,11.0,12.0,7.0,6.0,8,8.0,14.0,14.0
HG03886,SAS,STU,10.0,11,17.0,11.0,10.0,11.0,23,20,16.0,16.0,12,12,11.0,12.0,13,14,14.0,15.0,18.0,21.0,8.0,11.0,11.0,11.0,18.0,14.0,14.0,12.2,15,15,19.0,23.0,11.0,11.0,11.0,12.0,7.0,8.0,8,9.0,16.0,17.0
HG03887,SAS,STU,12.0,12,12.0,13.0,11.0,14.0,22,24,15.0,15.0,11,11,8.0,11.0,10,11,14.0,15.0,22.0,22.0,8.0,13.0,14.0,9.0,13.0,15.0,14.0,13.0,15,15,20.0,23.0,13.0,12.0,7.0,12.0,8.0,10.0,8,11.0,14.0,16.0
HG03888,SAS,STU,9.0,10,14.0,17.3,10.0,10.0,23,24,15.0,17.0,11,11,9.0,8.0,14,16,13.0,14.0,17.0,18.0,8.0,11.0,9.0,10.0,15.0,15.0,15.0,16.0,14,16,22.0,28.0,9.0,9.0,7.0,7.0,7.0,6.0,9,11.0,15.0,16.0
HG03890,SAS,STU,12.0,12,11.0,15.0,10.0,10.0,18,22,15.0,15.0,13,10,8.0,11.0,10,14,14.0,17.0,18.0,23.0,9.0,12.0,9.0,12.0,10.0,20.0,12.0,13.0,15,16,22.0,23.0,13.0,10.0,11.0,11.0,6.0,6.0,11,11.0,14.0,14.0
HG03894,SAS,STU,12.0,12,13.0,13.0,12.0,10.0,17,19,15.0,18.0,13,12,9.0,12.0,15,15,15.0,15.0,18.0,18.0,9.0,12.0,11.0,13.0,17.0,20.0,13.0,14.2,17,14,21.0,23.0,11.0,11.0,11.0,11.0,6.0,9.0,11,12.0,17.0,18.0
HG03895,SAS,STU,12.0,12,11.0,13.0,10.0,11.0,23,23,15.0,18.0,11,11,10.0,10.0,11,11,14.0,15.0,17.0,18.0,8.0,11.0,11.0,11.0,18.0,17.0,12.0,13.0,11,15,18.0,20.0,11.0,12.0,5.0,11.0,7.0,7.0,11,11.0,13.0,15.0
HG03896,SAS,STU,10.0,12,13.0,16.0,10.0,11.0,23,19,17.0,17.0,10,11,8.0,8.0,14,14,14.0,17.0,18.0,19.0,9.0,12.0,12.0,12.0,11.0,14.0,13.0,15.0,15,16,19.0,25.0,9.0,10.0,11.0,12.0,7.0,9.0,8,11.0,16.0,17.0
HG03897,SAS,STU,12.0,12,17.0,16.0,10.0,11.0,23,24,16.0,17.0,12,12,10.0,8.0,10,16,15.0,16.0,17.0,20.0,12.0,12.0,8.0,13.0,13.0,15.0,14.0,16.0,17,15,20.0,20.0,9.0,12.0,16.0,16.0,7.0,9.0,8,11.0,16.0,19.0
HG03898,SAS,STU,11.0,12,12.0,13.0,10.0,10.0,23,24,16.0,18.0,12,13,8.0,10.0,12,14,15.0,16.0,19.0,21.0,11.0,11.0,11.0,10.0,14.0,14.0,13.0,15.0,15,15,21.0,24.0,10.0,11.0,12.0,12.0,6.0,6.0,9,11.0,14.0,19.0
HG03899,SAS,STU,10.0,11,14.0,16.0,10.0,11.0,24,25,15.0,17.0,10,13,10.0,12.0,10,15,14.0,15.0,17.0,18.0,11.0,13.0,11.0,8.0,12.0,12.0,13.0,16.0,11,15,23.0,23.0,11.0,12.0,11.0,11.0,7.0,6.0,9,11.0,14.0,16.0
HG03900,SAS,STU,11.0,12,13.0,14.0,10.0,10.0,20,25,15.0,18.0,13,12,10.0,11.0,13,10,14.0,16.0,17.0,17.0,8.0,10.0,11.0,11.0,18.0,15.0,15.2,15.2,11,15,22.0,22.0,11.0,11.0,11.0,12.0,9.0,9.0,8,14.0,15.0,18.0
HG03943,SAS,STU,12.0,12,14.0,14.0,9.0,15.0,18,20,15.0,15.0,13,12,10.0,8.0,14,16,13.0,15.0,21.0,21.0,11.0,11.0,10.0,13.0,14.0,15.0,14.0,13.0,15,16,20.0,24.0,12.0,9.0,16.0,16.0,7.0,6.0,8,11.0,17.0,19.0
HG03944,SAS,STU,10.0,12,11.0,11.0,10.0,10.0,19,23,16.0,18.0,13,12,9.0,8.0,14,14,13.0,14.0,17.0,17.0,11.0,13.0,8.0,10.0,18.0,14.0,14.0,13.0,11,14,23.0,24.0,11.0,10.0,11.0,12.0,7.0,9.0,8,8.0,14.0,16.0
HG03945,SAS,STU,11.0,12,12.0,16.0,11.3,13.0,18,22,16.0,18.0,13,12,9.0,8.0,13,15,13.0,13.0,20.0,22.0,8.0,10.0,11.0,12.0,15.0,16.0,15.0,16.2,15,16,25.0,26.0,10.0,11.0,12.0,12.0,6.0,9.0,9,11.0,17.0,17.0
HG03947,SAS,STU,11.0,12,14.0,16.0,10.0,11.0,19,23,15.0,17.0,12,11,8.0,11.0,10,12,14.0,15.0,17.0,19.0,8.0,11.0,12.0,10.0,12.0,14.0,14.0,12.0,17,15,24.0,24.0,9.0,13.0,12.0,12.0,6.0,9.0,11,11.0,16.0,20.0
HG03949,SAS,STU,10.0,12,14.0,15.0,11.0,14.0,20,24,15.0,15.0,12,11,11.0,11.0,15,16,15.0,16.0,17.0,18.3,7.0,13.0,11.0,8.0,13.0,17.0,13.0,16.0,16,16,21.0,23.0,11.0,12.0,11.0,12.0,6.0,9.0,9,11.0,16.0,17.0
HG03950,SAS,STU,11.0,11,8.0,13.0,11.0,14.0,18,21,15.0,16.0,12,11,8.0,10.0,10,11,13.0,16.0,20.0,22.0,8.0,11.0,8.0,11.0,12.0,15.0,12.0,15.2,14,15,22.0,22.0,11.0,12.0,14.0,12.0,6.0,8.0,8,11.0,15.0,16.0
HG03951,SAS,STU,10.0,12,11.0,15.3,13.0,14.0,23,20,17.0,17.0,12,12,10.0,8.0,13,14,14.0,16.0,16.0,19.0,10.0,12.0,11.0,13.0,18.0,14.0,14.0,15.2,15,15,21.0,24.0,9.0,11.0,13.0,14.0,7.0,8.0,6,11.0,14.0,19.0
HG03953,SAS,STU,11.0,12,8.0,14.0,10.0,11.0,23,19,15.0,15.0,11,11,13.0,12.0,11,14,12.0,14.0,18.0,18.3,12.0,13.0,8.0,9.0,12.0,14.0,13.0,13.0,16,16,22.0,21.0,10.0,11.0,11.0,11.0,6.0,9.0,9,11.0,15.0,19.0
HG03955,SAS,STU,10.0,12,8.0,14.0,11.0,11.0,18,24,15.0,17.0,13,9,10.0,10.0,11,12,14.0,16.0,18.0,19.0,13.0,14.0,11.0,10.0,18.0,13.0,14.0,13.0,11,15,21.0,23.0,9.0,11.0,11.0,12.0,9.0,9.3,8,12.0,14.0,16.0
HG03985,SAS,STU,13.0,12,14.0,15.0,11.0,11.0,19,22,14.0,18.0,11,11,11.0,11.0,13,14,14.0,16.0,18.0,19.0,8.0,12.0,11.0,11.0,13.0,14.0,14.0,16.0,11,16,20.0,24.0,11.0,11.0,7.0,13.0,9.0,9.0,10,11.0,18.0,19.0
HG03986,SAS,STU,13.0,12,14.0,14.0,12.0,10.0,23,19,15.0,16.0,12,10,12.0,8.0,13,15,13.0,14.0,22.0,23.0,8.0,12.0,9.0,12.0,18.0,14.0,14.0,12.0,15,15,20.0,24.0,8.0,11.0,12.0,12.0,8.0,9.0,9,11.0,18.0,19.0
HG03989,SAS,STU,10.0,12,17.0,11.0,10.0,11.0,23,20,15.0,17.0,13,11,11.0,9.0,13,15,15.0,15.0,18.0,22.0,10.0,10.0,11.0,11.0,16.0,19.0,12.0,13.0,17,14,21.2,23.0,13.0,11.0,7.0,16.0,8.0,9.0,8,9.0,15.0,17.0
HG03990,SAS,STU,7.0,11,12.0,16.0,10.0,10.0,19,24,15.0,15.0,12,12,8.0,11.0,13,15,16.0,16.0,18.0,18.3,11.0,12.0,9.0,11.0,13.0,14.0,14.0,14.0,15,16,23.0,23.0,9.0,14.0,11.0,12.0,7.0,6.0,9,11.0,16.0,17.0
HG03991,SAS,STU,13.0,12,13.0,15.0,11.0,14.0,22,25,17.0,17.0,10,13,9.0,9.0,10,10,14.0,14.0,17.0,22.0,8.0,11.0,11.0,8.0,11.0,16.0,14.0,13.0,11,15,20.0,26.0,8.0,14.0,5.0,12.0,6.0,6.0,8,9.0,14.0,19.0
HG03995,SAS,STU,13.0,12,14.0,16.0,11.0,14.0,23,20,15.0,17.0,11,11,11.0,12.0,10,11,13.0,15.0,17.0,19.0,11.0,12.0,13.0,10.0,16.0,16.0,13.0,13.0,11,11,18.0,20.0,10.0,12.0,14.0,14.0,6.0,9.0,10,11.0,17.0,18.0
HG03998,SAS,STU,10.0,11,13.0,13.0,10.0,11.0,18,22,14.0,17.0,11,10,10.0,12.0,13,15,13.0,14.0,18.0,18.0,8.0,12.0,10.0,14.0,14.0,16.0,13.0,15.0,11,11,24.0,25.0,16.0,14.0,12.0,13.0,6.0,9.0,8,9.0,14.0,17.0
HG03999,SAS,STU,13.0,11,15.0,16.0,11.0,11.3,25,26,16.0,18.0,12,11,13.0,10.0,13,15,13.0,15.0,17.0,18.3,8.0,9.0,11.0,11.0,15.0,15.0,15.0,16.2,15,15,22.0,22.0,9.0,9.0,11.0,11.0,6.0,8.0,8,8.0,17.0,18.0
HG04003,SAS,STU,11.0,11,12.0,16.0,11.0,12.3,19,20,15.0,15.0,11,11,9.0,8.0,10,10,15.0,15.0,17.0,19.0,8.0,10.0,13.0,9.0,15.0,15.0,14.0,16.2,11,15,22.0,26.0,8.0,12.0,12.0,13.0,7.0,6.0,8,11.0,14.0,14.0
HG04006,SAS,STU,11.0,12,18.0,15.3,10.0,10.0,19,21,15.0,16.0,12,12,8.0,9.0,13,15,14.0,15.0,22.0,23.0,8.0,10.0,13.0,10.0,12.0,13.0,13.0,13.0,15,15,20.0,20.0,10.0,10.0,11.0,12.0,7.0,6.0,9,11.0,16.0,18.0
HG04029,SAS,STU,10.0,12,12.0,13.0,10.0,10.0,23,25,15.0,17.0,12,12,11.0,11.0,13,14,14.0,14.0,19.0,18.0,9.0,12.0,13.0,9.0,12.0,13.0,14.0,13.0,17,11,19.0,24.0,9.0,10.0,11.0,12.0,7.0,7.0,8,11.0,14.0,18.0
HG04033,SAS,STU,11.0,11,11.0,12.0,11.0,11.0,18,24,16.0,17.0,13,12,10.0,11.0,10,11,13.0,14.0,20.0,23.0,8.0,12.0,11.0,9.0,15.0,17.0,15.0,16.2,15,16,20.0,23.0,10.0,10.0,11.0,11.0,9.0,9.0,9,10.0,15.0,17.0
HG04035,SAS,STU,12.0,12,7.0,11.0,11.0,11.0,25,26,15.0,16.0,12,10,12.0,8.0,10,16,15.0,16.0,18.0,18.3,9.0,12.0,11.0,13.0,12.0,17.0,12.2,13.0,16,18,22.0,22.0,9.0,14.0,11.0,12.0,6.0,9.0,8,12.0,16.0,17.0
HG04038,SAS,STU,11.0,12,14.0,16.0,10.0,11.3,23,22,15.0,17.0,12,13,10.0,10.0,12,15,16.0,15.0,19.0,22.0,8.0,10.0,12.0,12.0,16.0,21.0,15.0,16.0,11,15,22.0,19.0,10.0,10.0,11.0,12.0,7.0,9.3,8,10.0,16.0,16.0
HG04039,SAS,STU,13.0,14,14.0,15.0,11.0,11.0,23,19,15.0,16.0,11,11,10.0,12.0,10,15,15.0,16.0,17.0,18.0,8.0,12.0,9.0,10.0,17.0,22.0,14.0,13.0,11,14,20.0,21.0,11.0,14.0,7.0,7.0,6.0,9.0,8,11.0,14.0,15.0
HG04042,SAS,STU,10.0,12,11.0,14.0,10.0,10.0,14,25,15.0,16.0,13,11,12.0,10.0,13,16,15.0,16.0,18.0,22.0,8.0,11.0,12.0,11.0,14.0,16.0,13.0,15.0,11,15,24.0,24.0,10.0,12.0,11.0,12.0,6.0,9.0,11,11.0,15.0,16.0
HG04047,SAS,STU,10.0,12,13.0,16.3,10.0,14.0,18,19,16.0,16.0,11,11,11.0,12.0,10,12,14.0,14.0,17.0,22.0,11.0,14.0,9.0,10.0,12.0,12.0,14.0,15.2,14,15,22.0,19.0,11.0,11.0,12.0,12.0,7.0,6.0,9,11.0,17.0,17.0
HG04075,SAS,STU,11.0,12,13.0,15.3,11.0,11.0,20,25,15.0,16.0,11,11,8.0,11.0,11,16,14.0,15.0,18.0,18.0,8.0,10.0,11.0,12.0,14.0,16.0,14.0,13.0,15,15,20.0,23.0,9.0,9.0,11.0,12.0,9.0,9.3,9,11.0,14.0,16.0
HG04099,SAS,STU,11.0,12,11.0,15.0,12.0,10.0,18,23,15.0,16.0,10,11,12.0,8.0,13,15,17.0,17.0,18.0,19.0,8.0,12.0,8.0,10.0,14.0,15.0,13.0,15.2,17,16,22.0,23.0,10.0,10.0,7.0,13.0,9.0,9.0,9,11.0,16.0,18.0
HG04100,SAS,STU,10.0,10,12.0,15.0,10.0,10.0,20,21,15.0,15.0,13,11,11.0,12.0,13,10,15.0,16.0,17.0,18.0,11.0,13.0,11.0,12.0,17.0,19.0,14.0,14.0,17,11,25.0,25.0,13.0,9.0,11.0,11.0,7.0,6.0,11,11.0,14.0,17.0
HG04106,SAS,STU,10.0,11,11.0,14.0,10.0,10.0,18,18,15.0,17.0,13,12,8.0,12.0,13,14,14.0,15.0,18.0,18.0,8.0,9.0,13.0,11.0,12.0,13.0,13.0,13.0,14,15,22.0,20.0,9.0,9.0,7.0,12.0,6.0,8.0,10,11.0,17.0,17.0
HG04107,SAS,STU,11.0,11,14.0,15.0,11.0,15.0,20,28,16.0,16.0,11,11,10.0,8.0,10,16,13.0,17.0,17.0,18.0,11.0,12.0,8.0,10.0,14.0,17.0,14.2,14.2,11,15,20.0,23.0,9.0,9.0,11.0,12.0,6.0,9.3,11,11.0,16.0,16.0
HG04210,SAS,STU,12.0,12,12.0,15.0,11.0,11.3,19,23,16.0,16.0,12,11,11.0,8.0,14,15,14.0,16.0,20.0,22.0,10.0,12.0,12.0,9.0,14.0,14.0,13.0,16.0,15,16,23.0,25.0,9.0,11.0,12.0,12.0,6.0,8.0,11,11.0,16.0,18.0
HG04227,SAS,STU,9.0,11,13.0,16.0,10.0,11.3,23,24,15.0,16.0,12,11,8.0,12.0,16,17,13.0,16.0,17.0,22.0,8.0,12.0,8.0,10.0,14.0,16.0,13.0,15.2,15,15,21.0,21.0,10.0,11.0,7.0,7.0,7.0,6.0,8,8.0,14.0,17.0
HG04229,SAS,STU,11.0,11,13.0,16.0,11.0,14.0,23,22,15.0,16.0,13,10,7.0,11.0,14,16,15.0,17.0,20.0,22.0,11.0,12.0,8.0,9.0,14.3,15.0,14.0,13.0,14,16,22.0,23.0,9.0,12.0,11.0,12.0,6.0,8.0,8,9.0,14.0,17.0
